{
    "Subject_1": 0.9137930870056152,
    "Subject_2": 0.6379310488700867,
    "Subject_3": 0.8965517282485962,
    "Subject_4": 0.8448275923728943,
    "Subject_5": 0.7413793206214905,
    "Subject_6": 0.8620689511299133,
    "Subject_7": 0.9482758641242981,
    "Subject_8": 0.8620689511299133,
    "Subject_9": 0.9137930870056152,
    "Average": 0.8467432922787137
}