{
    "alpha": {
        "mean": 0.027484053745865822,
        "p50": 0.030032316222786903,
        "p90": 0.049374384060502055
    },
    "entropy": {
        "mean": 0.9760120511054993,
        "p50": 0.975182831287384,
        "p90": 1.2450537443161012
    },
    "gate_entropy": {
        "mean": 0.9760520458221436,
        "p50": 0.9747921228408813,
        "p90": 1.2443967580795288
    },
    "ttt_lr_scale": {
        "mean": 0.06585735827684402,
        "p50": 0.07399867847561836,
        "p90": 0.1147438995540142
    },
    "ttt_effective_base_lr": {
        "mean": 0.0032928679138422012,
        "p50": 0.0036999339936301112,
        "p90": 0.0057371949777007105
    },
    "clip_ratio": {
        "mean": 0.0,
        "p50": 0.0,
        "p90": 0.0
    },
    "conv_norm_pre": {
        "mean": 26.593015670776367,
        "p50": 26.28987979888916,
        "p90": 32.22654266357422
    },
    "conv_norm_post": {
        "mean": 28.167003631591797,
        "p50": 27.845690727233887,
        "p90": 34.13497695922852
    },
    "alpha_entropy_pearson_r": 0.9501345671456338,
    "group_attn_weights": {
        "mean": [
            0.33284053206443787,
            0.33526962995529175,
            0.3318898379802704
        ],
        "std": [
            9.185354429064319e-05,
            0.00027235597372055054,
            0.00025058319442905486
        ]
    },
    "group_attn_gamma_last": 0.1775403618812561,
    "group_attn_temperature_last": 0.5000107288360596
}