{
    "alpha": {
        "mean": 0.015058509074151516,
        "p50": 0.01738813053816557,
        "p90": 0.03238706663250924
    },
    "entropy": {
        "mean": 0.9459828734397888,
        "p50": 0.9555852115154266,
        "p90": 1.2935259938240051
    },
    "gate_entropy": {
        "mean": 0.9459893703460693,
        "p50": 0.955856204032898,
        "p90": 1.2940046310424806
    },
    "ttt_lr_scale": {
        "mean": 0.0593893937766552,
        "p50": 0.07164144143462181,
        "p90": 0.12376238331198694
    },
    "ttt_effective_base_lr": {
        "mean": 0.002969469642266631,
        "p50": 0.0035820722114294767,
        "p90": 0.006188119249418379
    },
    "clip_ratio": {
        "mean": 0.0,
        "p50": 0.0,
        "p90": 0.0
    },
    "conv_norm_pre": {
        "mean": 29.866987228393555,
        "p50": 29.35865306854248,
        "p90": 35.25509452819825
    },
    "conv_norm_post": {
        "mean": 31.529708862304688,
        "p50": 30.993572235107422,
        "p90": 37.21841888427735
    },
    "alpha_entropy_pearson_r": 0.9440581892799531,
    "group_attn_weights": {
        "mean": [
            0.3337903916835785,
            0.3297477662563324,
            0.33646202087402344
        ],
        "std": [
            0.00020918539667036384,
            0.0001977447245735675,
            0.00022331398213282228
        ]
    },
    "group_attn_gamma_last": 0.1671387255191803,
    "group_attn_temperature_last": 0.5000007748603821
}