{
    "alpha": {
        "mean": 0.0261001605540514,
        "p50": 0.02726177219301462,
        "p90": 0.033766938000917436
    },
    "entropy": {
        "mean": 1.1715744733810425,
        "p50": 1.1983259916305542,
        "p90": 1.3174726963043213
    },
    "gate_entropy": {
        "mean": 1.17171049118042,
        "p50": 1.1984570026397705,
        "p90": 1.3175259351730346
    },
    "ttt_lr_scale": {
        "mean": 0.10166522860527039,
        "p50": 0.10682651400566101,
        "p90": 0.12818598002195358
    },
    "ttt_effective_base_lr": {
        "mean": 0.005083261523395777,
        "p50": 0.005341325653716922,
        "p90": 0.006409299187362195
    },
    "clip_ratio": {
        "mean": 0.0,
        "p50": 0.0,
        "p90": 0.0
    },
    "conv_norm_pre": {
        "mean": 26.125717163085938,
        "p50": 25.844735145568848,
        "p90": 29.554831504821777
    },
    "conv_norm_post": {
        "mean": 27.73063850402832,
        "p50": 27.42841148376465,
        "p90": 31.39544906616211
    },
    "alpha_entropy_pearson_r": 0.9757430336448563,
    "group_attn_weights": {
        "mean": [
            0.3567969501018524,
            0.31664222478866577,
            0.3265607953071594
        ],
        "std": [
            0.0008703526691533625,
            0.00043019570875912905,
            0.00046806762111373246
        ]
    },
    "group_attn_gamma_last": 0.18371707201004028,
    "group_attn_temperature_last": 0.4995979964733124
}