{
    "alpha": {
        "mean": 0.04897066205739975,
        "p50": 0.05211898125708103,
        "p90": 0.06040964983403683
    },
    "entropy": {
        "mean": 1.2338688373565674,
        "p50": 1.2745341062545776,
        "p90": 1.357721734046936
    },
    "gate_entropy": {
        "mean": 1.2338836193084717,
        "p50": 1.2745007872581482,
        "p90": 1.3576525688171386
    },
    "ttt_lr_scale": {
        "mean": 0.11321514844894409,
        "p50": 0.12015337869524956,
        "p90": 0.13598062694072724
    },
    "ttt_effective_base_lr": {
        "mean": 0.005660757888108492,
        "p50": 0.006007669027894735,
        "p90": 0.006799031561240554
    },
    "clip_ratio": {
        "mean": 0.0,
        "p50": 0.0,
        "p90": 0.0
    },
    "conv_norm_pre": {
        "mean": 28.50175666809082,
        "p50": 28.00556468963623,
        "p90": 31.20478687286377
    },
    "conv_norm_post": {
        "mean": 30.054401397705078,
        "p50": 29.53116798400879,
        "p90": 32.904183578491214
    },
    "alpha_entropy_pearson_r": 0.9804273073410401,
    "group_attn_weights": {
        "mean": [
            0.3346399962902069,
            0.33054521679878235,
            0.33481472730636597
        ],
        "std": [
            0.00037513169809244573,
            0.0004736905684694648,
            0.00036032343632541597
        ]
    },
    "group_attn_gamma_last": 0.1633937507867813,
    "group_attn_temperature_last": 0.5000078082084656
}