{
    "alpha": {
        "mean": 0.03311169147491455,
        "p50": 0.03491932153701782,
        "p90": 0.05136858485639095
    },
    "entropy": {
        "mean": 1.0481311082839966,
        "p50": 1.0545647740364075,
        "p90": 1.2653017878532409
    },
    "gate_entropy": {
        "mean": 1.0484249591827393,
        "p50": 1.0554069876670837,
        "p90": 1.2664125561714172
    },
    "ttt_lr_scale": {
        "mean": 0.07910642772912979,
        "p50": 0.08475005254149437,
        "p90": 0.11868300437927246
    },
    "ttt_effective_base_lr": {
        "mean": 0.0039553213864564896,
        "p50": 0.004237502813339233,
        "p90": 0.005934150237590074
    },
    "clip_ratio": {
        "mean": 0.0,
        "p50": 0.0,
        "p90": 0.0
    },
    "conv_norm_pre": {
        "mean": 24.258337020874023,
        "p50": 24.20772647857666,
        "p90": 29.11271724700928
    },
    "conv_norm_post": {
        "mean": 25.780033111572266,
        "p50": 25.72622013092041,
        "p90": 30.938662719726565
    },
    "alpha_entropy_pearson_r": 0.9711679794582653,
    "group_attn_weights": {
        "mean": [
            0.3321439027786255,
            0.3352228105068207,
            0.3326331377029419
        ],
        "std": [
            6.684301479253918e-05,
            0.00014102533168625087,
            8.534031076123938e-05
        ]
    },
    "group_attn_gamma_last": 0.1881944090127945,
    "group_attn_temperature_last": 0.4999971389770508
}