{
    "alpha": {
        "mean": 0.04975339025259018,
        "p50": 0.04988161101937294,
        "p90": 0.05981085039675236
    },
    "entropy": {
        "mean": 1.2418022155761719,
        "p50": 1.249778389930725,
        "p90": 1.351597511768341
    },
    "gate_entropy": {
        "mean": 1.24208402633667,
        "p50": 1.2500708103179932,
        "p90": 1.3519896149635315
    },
    "ttt_lr_scale": {
        "mean": 0.11513366550207138,
        "p50": 0.11575020849704742,
        "p90": 0.13486244827508925
    },
    "ttt_effective_base_lr": {
        "mean": 0.005756683181971312,
        "p50": 0.005787510424852371,
        "p90": 0.006743122404441237
    },
    "clip_ratio": {
        "mean": 0.0,
        "p50": 0.0,
        "p90": 0.0
    },
    "conv_norm_pre": {
        "mean": 18.62993049621582,
        "p50": 18.366394996643066,
        "p90": 20.941830444335938
    },
    "conv_norm_post": {
        "mean": 20.00914192199707,
        "p50": 19.72611141204834,
        "p90": 22.492152404785156
    },
    "alpha_entropy_pearson_r": 0.9964284809532064,
    "group_attn_weights": {
        "mean": [
            0.3321648836135864,
            0.33360543847084045,
            0.33422964811325073
        ],
        "std": [
            6.030860276950989e-06,
            6.608910098293563e-06,
            2.923970896517858e-06
        ]
    },
    "group_attn_gamma_last": 0.22207745909690857,
    "group_attn_temperature_last": 0.5000035762786865
}