{
    "alpha": {
        "mean": 0.029017964377999306,
        "p50": 0.030429817736148834,
        "p90": 0.036241561919450764
    },
    "entropy": {
        "mean": 1.2261606454849243,
        "p50": 1.2590566277503967,
        "p90": 1.3575133800506591
    },
    "gate_entropy": {
        "mean": 1.2263002395629883,
        "p50": 1.2592823505401611,
        "p90": 1.3575852036476135
    },
    "ttt_lr_scale": {
        "mean": 0.11172419786453247,
        "p50": 0.11739886924624443,
        "p90": 0.13596740812063218
    },
    "ttt_effective_base_lr": {
        "mean": 0.005586210172623396,
        "p50": 0.0058699436485767365,
        "p90": 0.006798370508477092
    },
    "clip_ratio": {
        "mean": 0.0,
        "p50": 0.0,
        "p90": 0.0
    },
    "conv_norm_pre": {
        "mean": 27.72443389892578,
        "p50": 27.29533863067627,
        "p90": 31.427402114868165
    },
    "conv_norm_post": {
        "mean": 29.310714721679688,
        "p50": 28.857625007629395,
        "p90": 33.22419624328614
    },
    "alpha_entropy_pearson_r": 0.9893733440412124,
    "group_attn_weights": {
        "mean": [
            0.3298252820968628,
            0.33172693848609924,
            0.33844783902168274
        ],
        "std": [
            9.851492359302938e-05,
            8.263222844107077e-05,
            0.00012246108963154256
        ]
    },
    "group_attn_gamma_last": 0.17166848480701447,
    "group_attn_temperature_last": 0.5000084638595581
}