{
    "alpha": {
        "mean": 0.021957935765385628,
        "p50": 0.025051199831068516,
        "p90": 0.035053815320134164
    },
    "entropy": {
        "mean": 1.0878468751907349,
        "p50": 1.1524744033813477,
        "p90": 1.3392930984497071
    },
    "gate_entropy": {
        "mean": 1.0879606008529663,
        "p50": 1.152023732662201,
        "p90": 1.3386718511581421
    },
    "ttt_lr_scale": {
        "mean": 0.08552740514278412,
        "p50": 0.09924624860286713,
        "p90": 0.13225598782300949
    },
    "ttt_effective_base_lr": {
        "mean": 0.004276369698345661,
        "p50": 0.004962312523275614,
        "p90": 0.006612799409776927
    },
    "clip_ratio": {
        "mean": 0.0,
        "p50": 0.0,
        "p90": 0.0
    },
    "conv_norm_pre": {
        "mean": 27.49929428100586,
        "p50": 27.286919593811035,
        "p90": 32.788234329223634
    },
    "conv_norm_post": {
        "mean": 29.17206573486328,
        "p50": 28.946746826171875,
        "p90": 34.782691192626956
    },
    "alpha_entropy_pearson_r": 0.98034071687256,
    "group_attn_weights": {
        "mean": [
            0.33345669507980347,
            0.3335927128791809,
            0.3329506516456604
        ],
        "std": [
            5.418615182861686e-05,
            0.00013916105672251433,
            0.00011106149759143591
        ]
    },
    "group_attn_gamma_last": 0.18249188363552094,
    "group_attn_temperature_last": 0.499997615814209
}