{
    "alpha": {
        "mean": 0.02706274203956127,
        "p50": 0.02907681744545698,
        "p90": 0.03550805300474167
    },
    "entropy": {
        "mean": 1.1907587051391602,
        "p50": 1.2338834404945374,
        "p90": 1.345946490764618
    },
    "gate_entropy": {
        "mean": 1.1908663511276245,
        "p50": 1.2340272068977356,
        "p90": 1.3459743857383728
    },
    "ttt_lr_scale": {
        "mean": 0.10487543046474457,
        "p50": 0.11292359977960587,
        "p90": 0.13368069678544997
    },
    "ttt_effective_base_lr": {
        "mean": 0.005243771709501743,
        "p50": 0.0056461801286786795,
        "p90": 0.006684034876525402
    },
    "clip_ratio": {
        "mean": 0.0,
        "p50": 0.0,
        "p90": 0.0
    },
    "conv_norm_pre": {
        "mean": 29.27507781982422,
        "p50": 28.8342866897583,
        "p90": 32.72630500793457
    },
    "conv_norm_post": {
        "mean": 31.011945724487305,
        "p50": 30.541950225830078,
        "p90": 34.67690658569336
    },
    "alpha_entropy_pearson_r": 0.9804604597960341,
    "group_attn_weights": {
        "mean": [
            0.3537124693393707,
            0.3172457218170166,
            0.3290417790412903
        ],
        "std": [
            0.001194011070765555,
            0.0005821543745696545,
            0.0006317866500467062
        ]
    },
    "group_attn_gamma_last": 0.17804759740829468,
    "group_attn_temperature_last": 0.49992525577545166
}