{
    "alpha": {
        "mean": 0.0,
        "p50": 0.0,
        "p90": 0.0
    },
    "entropy": {
        "mean": 0.4988769590854645,
        "p50": 0.5317167937755585,
        "p90": 0.6879832148551941
    },
    "gate_entropy": {
        "mean": 0.4988769590854645,
        "p50": 0.5317167937755585,
        "p90": 0.6879832148551941
    },
    "ttt_lr_scale": {
        "mean": 0.0,
        "p50": 0.0,
        "p90": 0.0
    },
    "ttt_effective_base_lr": {
        "mean": 0.0,
        "p50": 0.0,
        "p90": 0.0
    },
    "clip_ratio": {
        "mean": 0.5,
        "p50": 0.5,
        "p90": 0.5
    },
    "conv_norm_pre": {
        "mean": 23.273216247558594,
        "p50": 23.07154369354248,
        "p90": 25.491644859313965
    },
    "conv_norm_post": {
        "mean": 24.650720596313477,
        "p50": 24.437161445617676,
        "p90": 27.00059986114502
    },
    "alpha_entropy_pearson_r": null,
    "group_attn_weights": {
        "mean": [
            0.3345915377140045,
            0.33249589800834656,
            0.3329126238822937
        ],
        "std": [
            0.0004009825352113694,
            0.00018510730296839029,
            0.0002413577021798119
        ]
    },
    "group_attn_gamma_last": 0.17755526304244995,
    "group_attn_temperature_last": 0.5000011324882507
}