{
    "alpha": {
        "mean": 0.0,
        "p50": 0.0,
        "p90": 0.0
    },
    "entropy": {
        "mean": 0.5040153861045837,
        "p50": 0.5354786515235901,
        "p90": 0.6868381440639496
    },
    "gate_entropy": {
        "mean": 0.5040153861045837,
        "p50": 0.5354786515235901,
        "p90": 0.6868381440639496
    },
    "ttt_lr_scale": {
        "mean": 0.0,
        "p50": 0.0,
        "p90": 0.0
    },
    "ttt_effective_base_lr": {
        "mean": 0.0,
        "p50": 0.0,
        "p90": 0.0
    },
    "clip_ratio": {
        "mean": 0.0,
        "p50": 0.0,
        "p90": 0.0
    },
    "conv_norm_pre": {
        "mean": 23.25588035583496,
        "p50": 23.822829246520996,
        "p90": 29.711418914794923
    },
    "conv_norm_post": {
        "mean": 24.664976119995117,
        "p50": 25.26627254486084,
        "p90": 31.511523246765137
    },
    "alpha_entropy_pearson_r": null,
    "group_attn_weights": {
        "mean": [
            0.33515527844429016,
            0.3299413025379181,
            0.33490338921546936
        ],
        "std": [
            0.00022437340521719307,
            0.00013818484148941934,
            0.00012328119191806763
        ]
    },
    "group_attn_gamma_last": 0.1817605197429657,
    "group_attn_temperature_last": 0.4999900460243225
}