{
    "alpha": {
        "mean": 0.0,
        "p50": 0.0,
        "p90": 0.0
    },
    "entropy": {
        "mean": 0.5431002974510193,
        "p50": 0.5898797512054443,
        "p90": 0.689129626750946
    },
    "gate_entropy": {
        "mean": 0.5431002974510193,
        "p50": 0.5898797512054443,
        "p90": 0.689129626750946
    },
    "ttt_lr_scale": {
        "mean": 0.0,
        "p50": 0.0,
        "p90": 0.0
    },
    "ttt_effective_base_lr": {
        "mean": 0.0,
        "p50": 0.0,
        "p90": 0.0
    },
    "clip_ratio": {
        "mean": 0.0,
        "p50": 0.0,
        "p90": 0.0
    },
    "conv_norm_pre": {
        "mean": 25.8444766998291,
        "p50": 25.67648220062256,
        "p90": 28.95453758239746
    },
    "conv_norm_post": {
        "mean": 27.29117774963379,
        "p50": 27.113778114318848,
        "p90": 30.575182914733887
    },
    "alpha_entropy_pearson_r": null,
    "group_attn_weights": {
        "mean": [
            0.3334804177284241,
            0.3335041403770447,
            0.33301544189453125
        ],
        "std": [
            0.0008088581962510943,
            0.0005154922255314887,
            0.00036823636037297547
        ]
    },
    "group_attn_gamma_last": 0.16792897880077362,
    "group_attn_temperature_last": 0.4999905824661255
}