{
    "alpha": {
        "mean": 0.0,
        "p50": 0.0,
        "p90": 0.0
    },
    "entropy": {
        "mean": 0.19788162410259247,
        "p50": 0.14872444421052933,
        "p90": 0.4647463381290438
    },
    "gate_entropy": {
        "mean": 0.19788162410259247,
        "p50": 0.14872444421052933,
        "p90": 0.4647463381290438
    },
    "ttt_lr_scale": {
        "mean": 0.0,
        "p50": 0.0,
        "p90": 0.0
    },
    "ttt_effective_base_lr": {
        "mean": 0.0,
        "p50": 0.0,
        "p90": 0.0
    },
    "clip_ratio": {
        "mean": 0.0,
        "p50": 0.0,
        "p90": 0.0
    },
    "conv_norm_pre": {
        "mean": 24.51865005493164,
        "p50": 24.883339881896973,
        "p90": 29.2318021774292
    },
    "conv_norm_post": {
        "mean": 25.928199768066406,
        "p50": 26.313875198364258,
        "p90": 30.91231918334961
    },
    "alpha_entropy_pearson_r": null,
    "group_attn_weights": {
        "mean": [
            0.3334864377975464,
            0.33299651741981506,
            0.33351704478263855
        ],
        "std": [
            7.444919174304232e-05,
            7.895144517533481e-05,
            5.994185994495638e-05
        ]
    },
    "group_attn_gamma_last": 0.17246954143047333,
    "group_attn_temperature_last": 0.5000177621841431
}