{
    "alpha": {
        "mean": 0.0,
        "p50": 0.0,
        "p90": 0.0
    },
    "entropy": {
        "mean": 0.5536529421806335,
        "p50": 0.5840451419353485,
        "p90": 0.6898107528686523
    },
    "gate_entropy": {
        "mean": 0.5536529421806335,
        "p50": 0.5840451419353485,
        "p90": 0.6898107528686523
    },
    "ttt_lr_scale": {
        "mean": 0.0,
        "p50": 0.0,
        "p90": 0.0
    },
    "ttt_effective_base_lr": {
        "mean": 0.0,
        "p50": 0.0,
        "p90": 0.0
    },
    "clip_ratio": {
        "mean": 0.0,
        "p50": 0.0,
        "p90": 0.0
    },
    "conv_norm_pre": {
        "mean": 13.043304443359375,
        "p50": 12.63639497756958,
        "p90": 14.907607936859131
    },
    "conv_norm_post": {
        "mean": 14.127134323120117,
        "p50": 13.68635368347168,
        "p90": 16.14614372253418
    },
    "alpha_entropy_pearson_r": null,
    "group_attn_weights": {
        "mean": [
            0.3341994881629944,
            0.3324853181838989,
            0.3333152234554291
        ],
        "std": [
            8.580689609516412e-06,
            4.303426067053806e-06,
            4.2756714719871525e-06
        ]
    },
    "group_attn_gamma_last": 0.24929006397724152,
    "group_attn_temperature_last": 0.5000030398368835
}