{
    "alpha": {
        "mean": 0.0,
        "p50": 0.0,
        "p90": 0.0
    },
    "entropy": {
        "mean": 0.1731671243906021,
        "p50": 0.10741481184959412,
        "p90": 0.376909002661705
    },
    "clip_ratio": {
        "mean": 0.0,
        "p50": 0.0,
        "p90": 0.0
    },
    "conv_norm_pre": {
        "mean": 33.849124908447266,
        "p50": 33.81624412536621,
        "p90": 40.51770362854004
    },
    "conv_norm_post": {
        "mean": 35.4011116027832,
        "p50": 35.36606025695801,
        "p90": 42.37550163269043
    },
    "alpha_entropy_pearson_r": null,
    "group_attn_weights": {
        "mean": [
            0.33280864357948303,
            0.3307405412197113,
            0.33645087480545044
        ],
        "std": [
            0.0013556601479649544,
            0.001496549928560853,
            0.0014113753568381071
        ]
    },
    "group_attn_gamma_last": 0.13750983774662018,
    "group_attn_temperature_last": 0.5000123381614685
}