{
    "alpha": {
        "mean": 0.0,
        "p50": 0.0,
        "p90": 0.0
    },
    "entropy": {
        "mean": 0.46498575806617737,
        "p50": 0.48689140379428864,
        "p90": 0.685331791639328
    },
    "clip_ratio": {
        "mean": 0.0,
        "p50": 0.0,
        "p90": 0.0
    },
    "conv_norm_pre": {
        "mean": 32.6829833984375,
        "p50": 32.61248588562012,
        "p90": 36.780405807495114
    },
    "conv_norm_post": {
        "mean": 34.1821174621582,
        "p50": 34.10882568359375,
        "p90": 38.466451263427736
    },
    "alpha_entropy_pearson_r": null,
    "group_attn_weights": {
        "mean": [
            0.33702248334884644,
            0.3272736966609955,
            0.3357037901878357
        ],
        "std": [
            0.0028772216755896807,
            0.002525277202948928,
            0.0031400788575410843
        ]
    },
    "group_attn_gamma_last": 0.13755518198013306,
    "group_attn_temperature_last": 0.4999386668205261
}