{
    "alpha": {
        "mean": 0.0,
        "p50": 0.0,
        "p90": 0.0
    },
    "entropy": {
        "mean": 0.4923548698425293,
        "p50": 0.5327239632606506,
        "p90": 0.6827269554138183
    },
    "clip_ratio": {
        "mean": 0.0,
        "p50": 0.0,
        "p90": 0.0
    },
    "conv_norm_pre": {
        "mean": 33.92609786987305,
        "p50": 33.53269386291504,
        "p90": 40.17191009521485
    },
    "conv_norm_post": {
        "mean": 35.48188018798828,
        "p50": 35.07036018371582,
        "p90": 42.01416358947754
    },
    "alpha_entropy_pearson_r": null,
    "group_attn_weights": {
        "mean": [
            0.3339517116546631,
            0.33314940333366394,
            0.3328988254070282
        ],
        "std": [
            0.0014443175168707967,
            0.00101781717967242,
            0.001050474587827921
        ]
    },
    "group_attn_gamma_last": 0.13756661117076874,
    "group_attn_temperature_last": 0.5000783205032349
}