{
    "alpha": {
        "mean": 0.0,
        "p50": 0.0,
        "p90": 0.0
    },
    "entropy": {
        "mean": 0.4175158143043518,
        "p50": 0.4345165193080902,
        "p90": 0.6568878650665284
    },
    "clip_ratio": {
        "mean": 0.0,
        "p50": 0.0,
        "p90": 0.0
    },
    "conv_norm_pre": {
        "mean": 33.61525344848633,
        "p50": 32.5173282623291,
        "p90": 37.29973793029785
    },
    "conv_norm_post": {
        "mean": 35.15292739868164,
        "p50": 34.00843811035156,
        "p90": 39.01052894592285
    },
    "alpha_entropy_pearson_r": null,
    "group_attn_weights": {
        "mean": [
            0.33616510033607483,
            0.3338935375213623,
            0.32994139194488525
        ],
        "std": [
            0.003872175235301256,
            0.006528059486299753,
            0.00564018776640296
        ]
    },
    "group_attn_gamma_last": 0.13753339648246765,
    "group_attn_temperature_last": 0.4999643564224243
}