{
    "alpha": {
        "mean": 0.0,
        "p50": 0.0,
        "p90": 0.0
    },
    "entropy": {
        "mean": 0.4635029435157776,
        "p50": 0.4931506812572479,
        "p90": 0.6651604056358338
    },
    "clip_ratio": {
        "mean": 0.0,
        "p50": 0.0,
        "p90": 0.0
    },
    "conv_norm_pre": {
        "mean": 33.05211639404297,
        "p50": 31.527624130249023,
        "p90": 44.146443557739275
    },
    "conv_norm_post": {
        "mean": 34.56499481201172,
        "p50": 32.96632766723633,
        "p90": 46.16460342407228
    },
    "alpha_entropy_pearson_r": null,
    "group_attn_weights": {
        "mean": [
            0.3305387496948242,
            0.3261314034461975,
            0.34332993626594543
        ],
        "std": [
            0.005046210717409849,
            0.006230772472918034,
            0.005097516346722841
        ]
    },
    "group_attn_gamma_last": 0.13759170472621918,
    "group_attn_temperature_last": 0.4999868869781494
}