{
    "Subject_1": 0.800000011920929,
    "Subject_2": 0.7749999761581421,
    "Subject_3": 0.75,
    "Subject_4": 0.976190447807312,
    "Subject_5": 0.75,
    "Subject_6": 0.875,
    "Subject_7": 0.75,
    "Subject_8": 0.7613636255264282,
    "Subject_9": 0.75,
    "Average": 0.7986171179347568
}