{
    "alpha": {
        "mean": 0.03657209873199463,
        "p50": 0.03982671909034252,
        "p90": 0.058908878639340405
    },
    "entropy": {
        "mean": 1.0863860845565796,
        "p50": 1.1264426112174988,
        "p90": 1.3498666167259217
    },
    "gate_entropy": {
        "mean": 1.0899690389633179,
        "p50": 1.1264673471450806,
        "p90": 1.343356716632843
    },
    "ttt_lr_scale": {
        "mean": 0.05130826309323311,
        "p50": 0.05713609606027603,
        "p90": 0.07990211173892021
    },
    "ttt_effective_base_lr": {
        "mean": 0.002565413247793913,
        "p50": 0.0028568048728629947,
        "p90": 0.003995105810463429
    },
    "clip_ratio": {
        "mean": 0.0,
        "p50": 0.0,
        "p90": 0.0
    },
    "conv_norm_pre": {
        "mean": 27.29636001586914,
        "p50": 26.991899490356445,
        "p90": 32.51874465942383
    },
    "conv_norm_post": {
        "mean": 28.956586837768555,
        "p50": 28.63352108001709,
        "p90": 34.49648933410645
    },
    "alpha_entropy_pearson_r": 0.9783026962510294,
    "group_attn_weights": {
        "mean": [
            0.3329012095928192,
            0.33287039399147034,
            0.3342283070087433
        ],
        "std": [
            6.105544161982834e-05,
            0.0001562416582601145,
            0.0001146651484305039
        ]
    },
    "group_attn_gamma_last": 0.18245810270309448,
    "group_attn_temperature_last": 0.49999749660491943
}