{
    "alpha": {
        "mean": 0.023359498009085655,
        "p50": 0.028135680593550205,
        "p90": 0.048891746625304225
    },
    "entropy": {
        "mean": 0.9369316101074219,
        "p50": 0.9392701983451843,
        "p90": 1.2383973479270936
    },
    "gate_entropy": {
        "mean": 0.9370185732841492,
        "p50": 0.9393510222434998,
        "p90": 1.2389337539672851
    },
    "ttt_lr_scale": {
        "mean": 0.03347952291369438,
        "p50": 0.041831567883491516,
        "p90": 0.06826962679624558
    },
    "ttt_effective_base_lr": {
        "mean": 0.0016739761922508478,
        "p50": 0.0020915784407407045,
        "p90": 0.0034134813584387304
    },
    "clip_ratio": {
        "mean": 0.0,
        "p50": 0.0,
        "p90": 0.0
    },
    "conv_norm_pre": {
        "mean": 27.10738754272461,
        "p50": 26.603374481201172,
        "p90": 32.53685264587402
    },
    "conv_norm_post": {
        "mean": 28.698884963989258,
        "p50": 28.165234565734863,
        "p90": 34.44874114990235
    },
    "alpha_entropy_pearson_r": 0.9122327680787292,
    "group_attn_weights": {
        "mean": [
            0.33320608735084534,
            0.3368226885795593,
            0.3299713134765625
        ],
        "std": [
            0.0001361927279504016,
            0.0002492888306733221,
            0.00033789267763495445
        ]
    },
    "group_attn_gamma_last": 0.17615382373332977,
    "group_attn_temperature_last": 0.49999451637268066
}