{
    "alpha": {
        "mean": 0.02186731807887554,
        "p50": 0.026988452300429344,
        "p90": 0.04521573707461358
    },
    "entropy": {
        "mean": 0.9293725490570068,
        "p50": 0.9181570112705231,
        "p90": 1.1955960988998413
    },
    "gate_entropy": {
        "mean": 0.929427444934845,
        "p50": 0.9181442856788635,
        "p90": 1.1957818746566773
    },
    "ttt_lr_scale": {
        "mean": 0.031708791851997375,
        "p50": 0.04028133116662502,
        "p90": 0.06382664367556573
    },
    "ttt_effective_base_lr": {
        "mean": 0.0015854397788643837,
        "p50": 0.002014066558331251,
        "p90": 0.0031913321698084475
    },
    "clip_ratio": {
        "mean": 0.0,
        "p50": 0.0,
        "p90": 0.0
    },
    "conv_norm_pre": {
        "mean": 28.022518157958984,
        "p50": 27.212698936462402,
        "p90": 32.61869010925293
    },
    "conv_norm_post": {
        "mean": 29.642147064208984,
        "p50": 28.78484344482422,
        "p90": 34.50236473083496
    },
    "alpha_entropy_pearson_r": 0.9349714868403913,
    "group_attn_weights": {
        "mean": [
            0.3286983370780945,
            0.33990827202796936,
            0.33139345049858093
        ],
        "std": [
            0.00016456819139420986,
            0.00031654920894652605,
            0.00020293798297643661
        ]
    },
    "group_attn_gamma_last": 0.1734534353017807,
    "group_attn_temperature_last": 0.49997854232788086
}