{
    "alpha": {
        "mean": 0.2983132302761078,
        "p50": 0.2972741723060608,
        "p90": 0.3798957884311676
    },
    "entropy": {
        "mean": 0.9058977961540222,
        "p50": 0.90751713514328,
        "p90": 1.162060832977295
    },
    "gate_entropy": {
        "mean": 1.0509644746780396,
        "p50": 1.0623600482940674,
        "p90": 1.3038766503334047
    },
    "ttt_lr_scale": {
        "mean": 0.5191789269447327,
        "p50": 0.5233978927135468,
        "p90": 0.612670511007309
    },
    "ttt_effective_base_lr": {
        "mean": 0.5191789269447327,
        "p50": 0.5233978927135468,
        "p90": 0.612670511007309
    },
    "clip_ratio": {
        "mean": 1.0,
        "p50": 1.0,
        "p90": 1.0
    },
    "conv_norm_pre": {
        "mean": 31.970945358276367,
        "p50": 31.21212387084961,
        "p90": 38.660470962524414
    },
    "conv_norm_post": {
        "mean": 33.660491943359375,
        "p50": 32.85964012145996,
        "p90": 40.70163536071777
    },
    "alpha_entropy_pearson_r": 0.7355345053232105,
    "group_attn_weights": {
        "mean": [
            0.33975765109062195,
            0.33123427629470825,
            0.3290078639984131
        ],
        "std": [
            0.000653140596114099,
            0.00043205622932873666,
            0.0005659443559125066
        ]
    },
    "group_attn_gamma_last": 0.15858805179595947,
    "group_attn_temperature_last": 0.500007688999176
}