{
    "alpha": {
        "mean": 0.2976859509944916,
        "p50": 0.3037997633218765,
        "p90": 0.3783969581127167
    },
    "entropy": {
        "mean": 0.781445324420929,
        "p50": 0.7449997067451477,
        "p90": 1.177988839149475
    },
    "gate_entropy": {
        "mean": 1.040732979774475,
        "p50": 1.076018214225769,
        "p90": 1.3009502530097963
    },
    "ttt_lr_scale": {
        "mean": 0.5146779417991638,
        "p50": 0.5274539291858673,
        "p90": 0.6073462247848511
    },
    "ttt_effective_base_lr": {
        "mean": 0.5146779417991638,
        "p50": 0.5274539291858673,
        "p90": 0.6073462247848511
    },
    "clip_ratio": {
        "mean": 1.0,
        "p50": 1.0,
        "p90": 1.0
    },
    "conv_norm_pre": {
        "mean": 30.4608097076416,
        "p50": 29.542749404907227,
        "p90": 37.71993560791016
    },
    "conv_norm_post": {
        "mean": 32.1630744934082,
        "p50": 31.194087982177734,
        "p90": 39.82896537780762
    },
    "alpha_entropy_pearson_r": 0.7185131587150427,
    "group_attn_weights": {
        "mean": [
            0.3308922350406647,
            0.3317880928516388,
            0.33731961250305176
        ],
        "std": [
            0.0002246069925604388,
            0.00019273575162515044,
            0.000260416156379506
        ]
    },
    "group_attn_gamma_last": 0.16766482591629028,
    "group_attn_temperature_last": 0.49998509883880615
}