{
    "alpha": {
        "mean": 0.37909385561943054,
        "p50": 0.38188791275024414,
        "p90": 0.3921639949083328
    },
    "entropy": {
        "mean": 1.0037308931350708,
        "p50": 1.0494421124458313,
        "p90": 1.249326229095459
    },
    "gate_entropy": {
        "mean": 1.3007100820541382,
        "p50": 1.3125536441802979,
        "p90": 1.3546814441680908
    },
    "ttt_lr_scale": {
        "mean": 0.5693970918655396,
        "p50": 0.572132796049118,
        "p90": 0.5817032039165497
    },
    "ttt_effective_base_lr": {
        "mean": 0.5693970918655396,
        "p50": 0.572132796049118,
        "p90": 0.5817032039165497
    },
    "clip_ratio": {
        "mean": 1.0,
        "p50": 1.0,
        "p90": 1.0
    },
    "conv_norm_pre": {
        "mean": 11.923245429992676,
        "p50": 11.589162826538086,
        "p90": 14.030384826660157
    },
    "conv_norm_post": {
        "mean": 13.00720500946045,
        "p50": 12.643123626708984,
        "p90": 15.303861618041994
    },
    "alpha_entropy_pearson_r": 0.22144401641569636,
    "group_attn_weights": {
        "mean": [
            0.34299299120903015,
            0.33261793851852417,
            0.32438912987709045
        ],
        "std": [
            2.086162567138672e-07,
            8.940696716308594e-08,
            1.1920928955078125e-07
        ]
    },
    "group_attn_gamma_last": 0.2718731462955475,
    "group_attn_temperature_last": 0.5000253915786743
}