{
    "alpha": {
        "mean": 0.4163512587547302,
        "p50": 0.42206913232803345,
        "p90": 0.4334590882062912
    },
    "entropy": {
        "mean": 0.7022660970687866,
        "p50": 0.672776609659195,
        "p90": 1.0968481540679933
    },
    "gate_entropy": {
        "mean": 1.3292971849441528,
        "p50": 1.3455632328987122,
        "p90": 1.377053940296173
    },
    "ttt_lr_scale": {
        "mean": 0.6097304224967957,
        "p50": 0.6151111423969269,
        "p90": 0.62520632147789
    },
    "ttt_effective_base_lr": {
        "mean": 0.6097304224967957,
        "p50": 0.6151111423969269,
        "p90": 0.62520632147789
    },
    "clip_ratio": {
        "mean": 1.0,
        "p50": 1.0,
        "p90": 1.0
    },
    "conv_norm_pre": {
        "mean": 25.73033905029297,
        "p50": 25.480448722839355,
        "p90": 30.920322227478028
    },
    "conv_norm_post": {
        "mean": 27.290523529052734,
        "p50": 27.02598762512207,
        "p90": 32.79455070495605
    },
    "alpha_entropy_pearson_r": -0.42508271929392855,
    "group_attn_weights": {
        "mean": [
            0.3351886570453644,
            0.32986074686050415,
            0.3349505066871643
        ],
        "std": [
            8.608242933405563e-05,
            0.00015520355373155326,
            0.00010781984747154638
        ]
    },
    "group_attn_gamma_last": 0.18197159469127655,
    "group_attn_temperature_last": 0.5000447034835815
}