{
    "alpha": {
        "mean": 0.32819968461990356,
        "p50": 0.3338935971260071,
        "p90": 0.3954722583293915
    },
    "entropy": {
        "mean": 0.869059145450592,
        "p50": 0.9176949262619019,
        "p90": 1.1516962766647338
    },
    "gate_entropy": {
        "mean": 1.1341955661773682,
        "p50": 1.1620277762413025,
        "p90": 1.3571202278137207
    },
    "ttt_lr_scale": {
        "mean": 0.5436866283416748,
        "p50": 0.5532098710536957,
        "p90": 0.6156703352928161
    },
    "ttt_effective_base_lr": {
        "mean": 0.5436866283416748,
        "p50": 0.5532098710536957,
        "p90": 0.6156703352928161
    },
    "clip_ratio": {
        "mean": 1.0,
        "p50": 1.0,
        "p90": 1.0
    },
    "conv_norm_pre": {
        "mean": 24.32954216003418,
        "p50": 24.08448028564453,
        "p90": 29.521345520019533
    },
    "conv_norm_post": {
        "mean": 25.865066528320312,
        "p50": 25.605422019958496,
        "p90": 31.38599891662598
    },
    "alpha_entropy_pearson_r": 0.6397960759593467,
    "group_attn_weights": {
        "mean": [
            0.3255171477794647,
            0.3381096422672272,
            0.33637315034866333
        ],
        "std": [
            2.6518191589275375e-05,
            1.5087791325640865e-05,
            2.9294751584529877e-05
        ]
    },
    "group_attn_gamma_last": 0.18920965492725372,
    "group_attn_temperature_last": 0.5000323057174683
}