{
    "alpha": {
        "mean": 0.3515317440032959,
        "p50": 0.36711452901363373,
        "p90": 0.4046693444252014
    },
    "entropy": {
        "mean": 0.7492309808731079,
        "p50": 0.753298431634903,
        "p90": 0.9714116930961609
    },
    "gate_entropy": {
        "mean": 1.185411810874939,
        "p50": 1.2362620830535889,
        "p90": 1.343855345249176
    },
    "ttt_lr_scale": {
        "mean": 0.5644229650497437,
        "p50": 0.5825201272964478,
        "p90": 0.6189366281032562
    },
    "ttt_effective_base_lr": {
        "mean": 0.5644229650497437,
        "p50": 0.5825201272964478,
        "p90": 0.6189366281032562
    },
    "clip_ratio": {
        "mean": 1.0,
        "p50": 1.0,
        "p90": 1.0
    },
    "conv_norm_pre": {
        "mean": 27.23716163635254,
        "p50": 26.529850006103516,
        "p90": 31.07397975921631
    },
    "conv_norm_post": {
        "mean": 28.816082000732422,
        "p50": 28.06799602508545,
        "p90": 32.87525825500489
    },
    "alpha_entropy_pearson_r": 0.2933095754652336,
    "group_attn_weights": {
        "mean": [
            0.3342812955379486,
            0.3293561339378357,
            0.33636271953582764
        ],
        "std": [
            0.00015909304784145206,
            0.0005506736924871802,
            0.0006704221596010029
        ]
    },
    "group_attn_gamma_last": 0.1739102303981781,
    "group_attn_temperature_last": 0.4999767541885376
}