{
    "alpha": {
        "mean": 0.42746251821517944,
        "p50": 0.42786939442157745,
        "p90": 0.42884673476219176
    },
    "entropy": {
        "mean": 0.7671961188316345,
        "p50": 0.8541529774665833,
        "p90": 1.1516541242599487
    },
    "gate_entropy": {
        "mean": 1.3752670288085938,
        "p50": 1.3776468634605408,
        "p90": 1.3833467841148377
    },
    "ttt_lr_scale": {
        "mean": 0.5455496311187744,
        "p50": 0.5458394587039948,
        "p90": 0.5465327203273773
    },
    "ttt_effective_base_lr": {
        "mean": 0.5455496311187744,
        "p50": 0.5458394587039948,
        "p90": 0.5465327203273773
    },
    "clip_ratio": {
        "mean": 1.0,
        "p50": 1.0,
        "p90": 1.0
    },
    "conv_norm_pre": {
        "mean": 4.0284833908081055,
        "p50": 4.002560615539551,
        "p90": 4.593757247924805
    },
    "conv_norm_post": {
        "mean": 4.574306964874268,
        "p50": 4.544860601425171,
        "p90": 5.2180011749267585
    },
    "alpha_entropy_pearson_r": 0.12178257895025059,
    "group_attn_weights": {
        "mean": [
            0.33930838108062744,
            0.32885244488716125,
            0.33183935284614563
        ],
        "std": [
            5.960464477539063e-08,
            2.9802322387695312e-08,
            2.9802322387695312e-08
        ]
    },
    "group_attn_gamma_last": 0.40675613284111023,
    "group_attn_temperature_last": 0.5000867247581482
}