{
    "alpha": {
        "mean": 0.40354442596435547,
        "p50": 0.40698447823524475,
        "p90": 0.4183380454778671
    },
    "entropy": {
        "mean": 1.0020462274551392,
        "p50": 1.021576464176178,
        "p90": 1.2286991000175478
    },
    "gate_entropy": {
        "mean": 1.3304743766784668,
        "p50": 1.341175138950348,
        "p90": 1.3755329370498657
    },
    "ttt_lr_scale": {
        "mean": 0.6030482649803162,
        "p50": 0.6063540577888489,
        "p90": 0.6166982591152191
    },
    "ttt_effective_base_lr": {
        "mean": 0.6030482649803162,
        "p50": 0.6063540577888489,
        "p90": 0.6166982591152191
    },
    "clip_ratio": {
        "mean": 1.0,
        "p50": 1.0,
        "p90": 1.0
    },
    "conv_norm_pre": {
        "mean": 22.599775314331055,
        "p50": 22.201823234558105,
        "p90": 26.377074623107912
    },
    "conv_norm_post": {
        "mean": 24.099830627441406,
        "p50": 23.677780151367188,
        "p90": 28.127781486511232
    },
    "alpha_entropy_pearson_r": 0.5429465203568467,
    "group_attn_weights": {
        "mean": [
            0.32562536001205444,
            0.33808189630508423,
            0.3362928032875061
        ],
        "std": [
            2.036669320659712e-05,
            1.1643071047728881e-05,
            1.2899975445179734e-05
        ]
    },
    "group_attn_gamma_last": 0.19894856214523315,
    "group_attn_temperature_last": 0.4999394416809082
}