{
    "alpha": {
        "mean": 0.35369154810905457,
        "p50": 0.3703131675720215,
        "p90": 0.39749276638031006
    },
    "entropy": {
        "mean": 1.0303529500961304,
        "p50": 1.0554000735282898,
        "p90": 1.2808263659477235
    },
    "gate_entropy": {
        "mean": 1.2097697257995605,
        "p50": 1.2637912034988403,
        "p90": 1.3412420511245728
    },
    "ttt_lr_scale": {
        "mean": 0.5745618343353271,
        "p50": 0.5940134823322296,
        "p90": 0.6206399261951446
    },
    "ttt_effective_base_lr": {
        "mean": 0.5745618343353271,
        "p50": 0.5940134823322296,
        "p90": 0.6206399261951446
    },
    "clip_ratio": {
        "mean": 1.0,
        "p50": 1.0,
        "p90": 1.0
    },
    "conv_norm_pre": {
        "mean": 29.1958065032959,
        "p50": 29.033509254455566,
        "p90": 31.72559700012207
    },
    "conv_norm_post": {
        "mean": 30.84227180480957,
        "p50": 30.67084503173828,
        "p90": 33.51507911682129
    },
    "alpha_entropy_pearson_r": 0.882521187597286,
    "group_attn_weights": {
        "mean": [
            0.3313036262989044,
            0.33328986167907715,
            0.3354065418243408
        ],
        "std": [
            0.00025873281992971897,
            0.00041103624971583486,
            0.0002291031851200387
        ]
    },
    "group_attn_gamma_last": 0.16917577385902405,
    "group_attn_temperature_last": 0.5000066161155701
}