{
    "Subject_1": 0.8448275923728943,
    "Subject_2": 0.5862069129943848,
    "Subject_3": 0.8965517282485962,
    "Subject_4": 0.7413793206214905,
    "Subject_5": 0.7241379022598267,
    "Subject_6": 0.8275862336158752,
    "Subject_7": 0.9137930870056152,
    "Subject_8": 0.8448275923728943,
    "Subject_9": 0.8448275923728943,
    "Average": 0.802681995762719
}