{
    "alpha": {
        "mean": 0.042192425578832626,
        "p50": 0.0580392237752676,
        "p90": 0.06749508306384087
    },
    "entropy": {
        "mean": 0.5360479354858398,
        "p50": 0.5933991372585297,
        "p90": 0.6881312429904938
    },
    "gate_entropy": {
        "mean": 0.7733708024024963,
        "p50": 0.8481391668319702,
        "p90": 0.9869124293327333
    },
    "ttt_lr_scale": {
        "mean": 0.09262953698635101,
        "p50": 0.12871793657541275,
        "p90": 0.1458888962864876
    },
    "ttt_effective_base_lr": {
        "mean": 0.009262953884899616,
        "p50": 0.012871793936938047,
        "p90": 0.014588889479637147
    },
    "clip_ratio": {
        "mean": 0.0,
        "p50": 0.0,
        "p90": 0.0
    },
    "conv_norm_pre": {
        "mean": 17.901874542236328,
        "p50": 17.84799861907959,
        "p90": 19.510679244995117
    },
    "conv_norm_post": {
        "mean": 19.15121078491211,
        "p50": 19.09352397918701,
        "p90": 20.871544647216798
    },
    "alpha_entropy_pearson_r": 0.9173999197779401,
    "group_attn_weights": {
        "mean": [
            0.33066031336784363,
            0.33277076482772827,
            0.33656901121139526
        ],
        "std": [
            5.7683584600454196e-05,
            3.167509930790402e-05,
            2.6616065952111967e-05
        ]
    },
    "group_attn_gamma_last": 0.20950527489185333,
    "group_attn_temperature_last": 0.4999673366546631
}