{
    "alpha": {
        "mean": 0.03511626645922661,
        "p50": 0.05396337807178497,
        "p90": 0.07001337632536889
    },
    "entropy": {
        "mean": 0.5166988372802734,
        "p50": 0.5134609639644623,
        "p90": 0.6865087628364563
    },
    "gate_entropy": {
        "mean": 0.7455768585205078,
        "p50": 0.7418782413005829,
        "p90": 0.9901864051818848
    },
    "ttt_lr_scale": {
        "mean": 0.07600897550582886,
        "p50": 0.12060172855854034,
        "p90": 0.14981405586004257
    },
    "ttt_effective_base_lr": {
        "mean": 0.007600897457450628,
        "p50": 0.012060172855854034,
        "p90": 0.014981405436992645
    },
    "clip_ratio": {
        "mean": 0.5,
        "p50": 0.5,
        "p90": 0.5
    },
    "conv_norm_pre": {
        "mean": 16.827905654907227,
        "p50": 16.42313289642334,
        "p90": 19.039130020141602
    },
    "conv_norm_post": {
        "mean": 18.058902740478516,
        "p50": 17.624436378479004,
        "p90": 20.432046318054198
    },
    "alpha_entropy_pearson_r": 0.9278407378475338,
    "group_attn_weights": {
        "mean": [
            0.33282408118247986,
            0.33503612875938416,
            0.33213984966278076
        ],
        "std": [
            3.1435258279088885e-05,
            2.044620123342611e-05,
            1.2715036064037122e-05
        ]
    },
    "group_attn_gamma_last": 0.21949277818202972,
    "group_attn_temperature_last": 0.5000004768371582
}