{
    "alpha": {
        "mean": 0.03654228895902634,
        "p50": 0.05004267580807209,
        "p90": 0.0594143595546484
    },
    "entropy": {
        "mean": 0.5307033061981201,
        "p50": 0.5957027971744537,
        "p90": 0.6909777045249939
    },
    "gate_entropy": {
        "mean": 0.7657099962234497,
        "p50": 0.8645639717578888,
        "p90": 0.9975770890712738
    },
    "ttt_lr_scale": {
        "mean": 0.08297844231128693,
        "p50": 0.1148160956799984,
        "p90": 0.13273995816707612
    },
    "ttt_effective_base_lr": {
        "mean": 0.008297843858599663,
        "p50": 0.011481609661132097,
        "p90": 0.013273996021598577
    },
    "clip_ratio": {
        "mean": 0.5,
        "p50": 0.5,
        "p90": 0.5
    },
    "conv_norm_pre": {
        "mean": 25.65829849243164,
        "p50": 25.445171356201172,
        "p90": 29.074359893798828
    },
    "conv_norm_post": {
        "mean": 27.12676429748535,
        "p50": 26.901927947998047,
        "p90": 30.738013458251952
    },
    "alpha_entropy_pearson_r": 0.9229416240708397,
    "group_attn_weights": {
        "mean": [
            0.3357487916946411,
            0.33360469341278076,
            0.3306465744972229
        ],
        "std": [
            0.000777043926063925,
            0.00041460146894678473,
            0.00036697075120173395
        ]
    },
    "group_attn_gamma_last": 0.1717376708984375,
    "group_attn_temperature_last": 0.5000094175338745
}