{
    "alpha": {
        "mean": 0.03648640960454941,
        "p50": 0.057180680334568024,
        "p90": 0.07233759015798569
    },
    "entropy": {
        "mean": 0.508726954460144,
        "p50": 0.528339147567749,
        "p90": 0.6833375871181488
    },
    "gate_entropy": {
        "mean": 0.7345038056373596,
        "p50": 0.7508431375026703,
        "p90": 0.9867735981941224
    },
    "ttt_lr_scale": {
        "mean": 0.07840324193239212,
        "p50": 0.1261707916855812,
        "p90": 0.15328764915466309
    },
    "ttt_effective_base_lr": {
        "mean": 0.007840323261916637,
        "p50": 0.012617079075425863,
        "p90": 0.015328765474259853
    },
    "clip_ratio": {
        "mean": 0.0,
        "p50": 0.0,
        "p90": 0.0
    },
    "conv_norm_pre": {
        "mean": 13.966816902160645,
        "p50": 13.577681541442871,
        "p90": 17.440356826782228
    },
    "conv_norm_post": {
        "mean": 15.039665222167969,
        "p50": 14.61977767944336,
        "p90": 18.786436462402346
    },
    "alpha_entropy_pearson_r": 0.8861234837944756,
    "group_attn_weights": {
        "mean": [
            0.33224955201148987,
            0.34154510498046875,
            0.3262052834033966
        ],
        "std": [
            9.900046279653907e-06,
            5.787532700196607e-06,
            4.309873929742025e-06
        ]
    },
    "group_attn_gamma_last": 0.2301585078239441,
    "group_attn_temperature_last": 0.5000547170639038
}