{
    "alpha": {
        "mean": 0.03609391674399376,
        "p50": 0.04811922274529934,
        "p90": 0.06046329438686371
    },
    "entropy": {
        "mean": 0.5273681879043579,
        "p50": 0.571783185005188,
        "p90": 0.6849255263805389
    },
    "gate_entropy": {
        "mean": 0.7592841386795044,
        "p50": 0.8046553730964661,
        "p90": 0.9870621681213378
    },
    "ttt_lr_scale": {
        "mean": 0.0817032903432846,
        "p50": 0.11076489835977554,
        "p90": 0.1343985840678215
    },
    "ttt_effective_base_lr": {
        "mean": 0.00817032903432846,
        "p50": 0.011076489929109812,
        "p90": 0.013439858425408601
    },
    "clip_ratio": {
        "mean": 0.0,
        "p50": 0.0,
        "p90": 0.0
    },
    "conv_norm_pre": {
        "mean": 23.51776123046875,
        "p50": 23.204556465148926,
        "p90": 28.917465591430666
    },
    "conv_norm_post": {
        "mean": 24.925487518310547,
        "p50": 24.593917846679688,
        "p90": 30.648744583129883
    },
    "alpha_entropy_pearson_r": 0.8786206533480104,
    "group_attn_weights": {
        "mean": [
            0.332977831363678,
            0.33264613151550293,
            0.3343760669231415
        ],
        "std": [
            0.00020651629893109202,
            0.00011766539682867005,
            0.00010570759332040325
        ]
    },
    "group_attn_gamma_last": 0.1795850545167923,
    "group_attn_temperature_last": 0.5000017881393433
}