{
    "alpha": {
        "mean": 0.02980862930417061,
        "p50": 0.047241898253560066,
        "p90": 0.06232674457132817
    },
    "entropy": {
        "mean": 0.47483816742897034,
        "p50": 0.49599164724349976,
        "p90": 0.6633221447467804
    },
    "gate_entropy": {
        "mean": 0.686442494392395,
        "p50": 0.7234307527542114,
        "p90": 0.9601927638053895
    },
    "ttt_lr_scale": {
        "mean": 0.06679043918848038,
        "p50": 0.10851849243044853,
        "p90": 0.13724300861358643
    },
    "ttt_effective_base_lr": {
        "mean": 0.006679044105112553,
        "p50": 0.01085184933617711,
        "p90": 0.013724301382899286
    },
    "clip_ratio": {
        "mean": 0.0,
        "p50": 0.0,
        "p90": 0.0
    },
    "conv_norm_pre": {
        "mean": 19.220748901367188,
        "p50": 18.902774810791016,
        "p90": 23.38550720214844
    },
    "conv_norm_post": {
        "mean": 20.47372055053711,
        "p50": 20.13485336303711,
        "p90": 24.910369682312012
    },
    "alpha_entropy_pearson_r": 0.9000645627527832,
    "group_attn_weights": {
        "mean": [
            0.3367055654525757,
            0.32923948764801025,
            0.3340548872947693
        ],
        "std": [
            0.00011423649993957952,
            7.751534576527774e-05,
            4.1637653339421377e-05
        ]
    },
    "group_attn_gamma_last": 0.1955498456954956,
    "group_attn_temperature_last": 0.4999845027923584
}