{
    "alpha": {
        "mean": 0.053485751152038574,
        "p50": 0.06932347640395164,
        "p90": 0.07689931467175484
    },
    "entropy": {
        "mean": 0.5676465034484863,
        "p50": 0.6088116765022278,
        "p90": 0.6888925611972809
    },
    "gate_entropy": {
        "mean": 0.8198965191841125,
        "p50": 0.8818264603614807,
        "p90": 0.9954643905162811
    },
    "ttt_lr_scale": {
        "mean": 0.11282669007778168,
        "p50": 0.147140771150589,
        "p90": 0.16006286442279816
    },
    "ttt_effective_base_lr": {
        "mean": 0.011282670311629772,
        "p50": 0.014714077580720186,
        "p90": 0.016006286814808847
    },
    "clip_ratio": {
        "mean": 0.0,
        "p50": 0.0,
        "p90": 0.0
    },
    "conv_norm_pre": {
        "mean": 12.564313888549805,
        "p50": 11.769357204437256,
        "p90": 17.58369655609131
    },
    "conv_norm_post": {
        "mean": 13.599632263183594,
        "p50": 12.739030361175537,
        "p90": 19.031053733825686
    },
    "alpha_entropy_pearson_r": 0.9079040227493591,
    "group_attn_weights": {
        "mean": [
            0.32876259088516235,
            0.32868510484695435,
            0.3425522744655609
        ],
        "std": [
            1.3428128795567318e-06,
            1.1944979405598133e-06,
            7.542475941590965e-07
        ]
    },
    "group_attn_gamma_last": 0.24788205325603485,
    "group_attn_temperature_last": 0.5000296235084534
}