{
    "alpha": {
        "mean": 0.029220102354884148,
        "p50": 0.04457210935652256,
        "p90": 0.057617880031466485
    },
    "entropy": {
        "mean": 0.4930223226547241,
        "p50": 0.5464490652084351,
        "p90": 0.6790915369987488
    },
    "gate_entropy": {
        "mean": 0.7116430997848511,
        "p50": 0.7873127162456512,
        "p90": 0.9824023902416229
    },
    "ttt_lr_scale": {
        "mean": 0.06654956936836243,
        "p50": 0.10398514196276665,
        "p90": 0.12947847545146943
    },
    "ttt_effective_base_lr": {
        "mean": 0.0066549573093652725,
        "p50": 0.010398514103144407,
        "p90": 0.012947847973555327
    },
    "clip_ratio": {
        "mean": 1.0,
        "p50": 1.0,
        "p90": 1.0
    },
    "conv_norm_pre": {
        "mean": 24.817626953125,
        "p50": 25.544957160949707,
        "p90": 31.349950790405273
    },
    "conv_norm_post": {
        "mean": 26.219696044921875,
        "p50": 26.988056182861328,
        "p90": 33.120934295654294
    },
    "alpha_entropy_pearson_r": 0.8989119137471328,
    "group_attn_weights": {
        "mean": [
            0.3327852785587311,
            0.3333018124103546,
            0.3339128792285919
        ],
        "std": [
            0.0002571536460891366,
            0.0002441731048747897,
            0.00017329635738860816
        ]
    },
    "group_attn_gamma_last": 0.16948889195919037,
    "group_attn_temperature_last": 0.49999892711639404
}