{
    "alpha": {
        "mean": 0.0049483515322208405,
        "p50": 0.0,
        "p90": 0.0
    },
    "entropy": {
        "mean": 0.24006718397140503,
        "p50": 0.20412038266658783,
        "p90": 0.445666253566742
    },
    "gate_entropy": {
        "mean": 0.3457237780094147,
        "p50": 0.2944834530353546,
        "p90": 0.6429604887962342
    },
    "ttt_lr_scale": {
        "mean": 0.010966600850224495,
        "p50": 0.0,
        "p90": 0.0
    },
    "ttt_effective_base_lr": {
        "mean": 0.0010966600384563208,
        "p50": 0.0,
        "p90": 0.0
    },
    "clip_ratio": {
        "mean": 0.5,
        "p50": 0.5,
        "p90": 0.5
    },
    "conv_norm_pre": {
        "mean": 20.18761444091797,
        "p50": 20.293036460876465,
        "p90": 24.401956367492676
    },
    "conv_norm_post": {
        "mean": 21.50907325744629,
        "p50": 21.619772911071777,
        "p90": 25.999458885192873
    },
    "alpha_entropy_pearson_r": 0.7775087661217323,
    "group_attn_weights": {
        "mean": [
            0.3292660117149353,
            0.3309217393398285,
            0.3398122191429138
        ],
        "std": [
            3.8234316889429465e-05,
            2.364642386964988e-05,
            1.973678809008561e-05
        ]
    },
    "group_attn_gamma_last": 0.19643232226371765,
    "group_attn_temperature_last": 0.5000243782997131
}