{
    "Subject_1": 0.8374999761581421,
    "Subject_2": 0.8125,
    "Subject_3": 0.7749999761581421,
    "Subject_4": 0.976190447807312,
    "Subject_5": 0.8095238208770752,
    "Subject_6": 0.8374999761581421,
    "Subject_7": 0.762499988079071,
    "Subject_8": 0.7840909361839294,
    "Subject_9": 0.800000011920929,
    "Average": 0.8216450148158603
}