{
    "alpha": {
        "mean": 0.04017670080065727,
        "p50": 0.043452855199575424,
        "p90": 0.05101879686117172
    },
    "entropy": {
        "mean": 1.2244677543640137,
        "p50": 1.2740731239318848,
        "p90": 1.3625792145729065
    },
    "gate_entropy": {
        "mean": 1.2245314121246338,
        "p50": 1.2739908695220947,
        "p90": 1.3626028180122376
    },
    "ttt_lr_scale": {
        "mean": 0.09501444548368454,
        "p50": 0.10277046263217926,
        "p90": 0.11799518689513207
    },
    "ttt_effective_base_lr": {
        "mean": 0.009501444175839424,
        "p50": 0.010277046356350183,
        "p90": 0.01179951885715127
    },
    "clip_ratio": {
        "mean": 0.7413793206214905,
        "p50": 1.0,
        "p90": 1.0
    },
    "conv_norm_pre": {
        "mean": 25.339550018310547,
        "p50": 24.777392387390137,
        "p90": 27.521829986572268
    },
    "conv_norm_post": {
        "mean": 26.864749908447266,
        "p50": 26.26865291595459,
        "p90": 29.178210258483887
    },
    "alpha_entropy_pearson_r": 0.9896365828330929,
    "group_attn_weights": {
        "mean": [
            0.33227527141571045,
            0.33306267857551575,
            0.3346621096134186
        ],
        "std": [
            0.00014783727237954736,
            0.000153104163473472,
            0.00011127907782793045
        ]
    },
    "group_attn_gamma_last": 0.1805766075849533,
    "group_attn_temperature_last": 0.500006377696991
}