{
    "alpha": {
        "mean": 0.02904375083744526,
        "p50": 0.03484285995364189,
        "p90": 0.04828912988305092
    },
    "entropy": {
        "mean": 1.0832287073135376,
        "p50": 1.1555171012878418,
        "p90": 1.3328144431114197
    },
    "gate_entropy": {
        "mean": 1.0834256410598755,
        "p50": 1.1542347073554993,
        "p90": 1.3320820212364197
    },
    "ttt_lr_scale": {
        "mean": 0.06932912021875381,
        "p50": 0.08458452299237251,
        "p90": 0.11258081719279289
    },
    "ttt_effective_base_lr": {
        "mean": 0.006932912860065699,
        "p50": 0.008458452299237251,
        "p90": 0.011258081533014774
    },
    "clip_ratio": {
        "mean": 0.6637930870056152,
        "p50": 1.0,
        "p90": 1.0
    },
    "conv_norm_pre": {
        "mean": 27.197147369384766,
        "p50": 27.013291358947754,
        "p90": 31.8323112487793
    },
    "conv_norm_post": {
        "mean": 28.838634490966797,
        "p50": 28.643778800964355,
        "p90": 33.75357093811035
    },
    "alpha_entropy_pearson_r": 0.9736075256998845,
    "group_attn_weights": {
        "mean": [
            0.3319791257381439,
            0.33352118730545044,
            0.33449968695640564
        ],
        "std": [
            5.892170520382933e-05,
            0.00012367588351480663,
            0.00010361028398619965
        ]
    },
    "group_attn_gamma_last": 0.18108327686786652,
    "group_attn_temperature_last": 0.5000014305114746
}