{
    "alpha": {
        "mean": 0.04058070480823517,
        "p50": 0.042644260451197624,
        "p90": 0.05030141733586788
    },
    "entropy": {
        "mean": 1.231504201889038,
        "p50": 1.263696014881134,
        "p90": 1.3546346187591554
    },
    "gate_entropy": {
        "mean": 1.231789469718933,
        "p50": 1.2637155652046204,
        "p90": 1.3547277450561523
    },
    "ttt_lr_scale": {
        "mean": 0.09630583226680756,
        "p50": 0.1011025682091713,
        "p90": 0.11658078655600548
    },
    "ttt_effective_base_lr": {
        "mean": 0.00963058415800333,
        "p50": 0.01011025719344616,
        "p90": 0.011658079084008932
    },
    "clip_ratio": {
        "mean": 0.5862069129943848,
        "p50": 0.5,
        "p90": 1.0
    },
    "conv_norm_pre": {
        "mean": 24.7692813873291,
        "p50": 24.449109077453613,
        "p90": 28.244820404052735
    },
    "conv_norm_post": {
        "mean": 26.331809997558594,
        "p50": 25.991435050964355,
        "p90": 30.026058578491213
    },
    "alpha_entropy_pearson_r": 0.9848082685148307,
    "group_attn_weights": {
        "mean": [
            0.33013346791267395,
            0.3343336284160614,
            0.33553287386894226
        ],
        "std": [
            4.313240424380638e-05,
            2.736630085564684e-05,
            3.653260864666663e-05
        ]
    },
    "group_attn_gamma_last": 0.18929992616176605,
    "group_attn_temperature_last": 0.4999985098838806
}