{
    "alpha": {
        "mean": 0.020272215828299522,
        "p50": 0.026093527674674988,
        "p90": 0.04498289860785008
    },
    "entropy": {
        "mean": 0.9473236799240112,
        "p50": 0.999785304069519,
        "p90": 1.292949938774109
    },
    "gate_entropy": {
        "mean": 0.9474103450775146,
        "p50": 1.0002745389938354,
        "p90": 1.2929025292396545
    },
    "ttt_lr_scale": {
        "mean": 0.04871436581015587,
        "p50": 0.0650913156569004,
        "p90": 0.10590118244290353
    },
    "ttt_effective_base_lr": {
        "mean": 0.004871436860412359,
        "p50": 0.0065091317519545555,
        "p90": 0.010590118635445834
    },
    "clip_ratio": {
        "mean": 0.5517241358757019,
        "p50": 1.0,
        "p90": 1.0
    },
    "conv_norm_pre": {
        "mean": 27.146013259887695,
        "p50": 26.609911918640137,
        "p90": 31.729997253417974
    },
    "conv_norm_post": {
        "mean": 28.751035690307617,
        "p50": 28.18226909637451,
        "p90": 33.60647048950196
    },
    "alpha_entropy_pearson_r": 0.9208252652582473,
    "group_attn_weights": {
        "mean": [
            0.33420175313949585,
            0.32941436767578125,
            0.33638378977775574
        ],
        "std": [
            0.00011492434714455158,
            9.432692604605108e-05,
            0.00012845342280343175
        ]
    },
    "group_attn_gamma_last": 0.17740167677402496,
    "group_attn_temperature_last": 0.499988853931427
}