{
    "alpha": {
        "mean": 0.011564554646611214,
        "p50": 0.0,
        "p90": 0.035486898198723804
    },
    "entropy": {
        "mean": 0.8948336243629456,
        "p50": 0.8840458691120148,
        "p90": 1.1635738372802735
    },
    "gate_entropy": {
        "mean": 0.8948498368263245,
        "p50": 0.8840458691120148,
        "p90": 1.1637508034706117
    },
    "ttt_lr_scale": {
        "mean": 0.028217153623700142,
        "p50": 0.0,
        "p90": 0.08596664518117908
    },
    "ttt_effective_base_lr": {
        "mean": 0.0028217153158038855,
        "p50": 0.0,
        "p90": 0.008596664946526292
    },
    "clip_ratio": {
        "mean": 0.18103447556495667,
        "p50": 0.0,
        "p90": 1.0
    },
    "conv_norm_pre": {
        "mean": 28.070301055908203,
        "p50": 27.295427322387695,
        "p90": 32.249763107299806
    },
    "conv_norm_post": {
        "mean": 29.693130493164062,
        "p50": 28.872159004211426,
        "p90": 34.11305618286133
    },
    "alpha_entropy_pearson_r": 0.8753620262879493,
    "group_attn_weights": {
        "mean": [
            0.327653169631958,
            0.34088581800460815,
            0.33146095275878906
        ],
        "std": [
            0.00016299335402436554,
            0.00029429738060571253,
            0.00016187420987989753
        ]
    },
    "group_attn_gamma_last": 0.1734435111284256,
    "group_attn_temperature_last": 0.500000536441803
}