{
    "alpha": {
        "mean": 0.02004428021609783,
        "p50": 0.028347298502922058,
        "p90": 0.04016396217048168
    },
    "entropy": {
        "mean": 0.9656424522399902,
        "p50": 1.0456457734107971,
        "p90": 1.2300878524780274
    },
    "gate_entropy": {
        "mean": 0.9654282331466675,
        "p50": 1.044127106666565,
        "p90": 1.2310476660728455
    },
    "ttt_lr_scale": {
        "mean": 0.048446424305438995,
        "p50": 0.07021531835198402,
        "p90": 0.09593529552221298
    },
    "ttt_effective_base_lr": {
        "mean": 0.004844642709940672,
        "p50": 0.00702153192833066,
        "p90": 0.009593529719859361
    },
    "clip_ratio": {
        "mean": 0.568965494632721,
        "p50": 1.0,
        "p90": 1.0
    },
    "conv_norm_pre": {
        "mean": 28.479694366455078,
        "p50": 27.734227180480957,
        "p90": 35.169015121459964
    },
    "conv_norm_post": {
        "mean": 30.156923294067383,
        "p50": 29.36655616760254,
        "p90": 37.2401538848877
    },
    "alpha_entropy_pearson_r": 0.8982663697736876,
    "group_attn_weights": {
        "mean": [
            0.3273366093635559,
            0.33300068974494934,
            0.33966273069381714
        ],
        "std": [
            0.00017546881281305104,
            0.0001918625639518723,
            0.00015473997336812317
        ]
    },
    "group_attn_gamma_last": 0.176532581448555,
    "group_attn_temperature_last": 0.49997591972351074
}