{
    "alpha": {
        "mean": 0.038898758590221405,
        "p50": 0.04060182347893715,
        "p90": 0.0496094174683094
    },
    "entropy": {
        "mean": 1.2162744998931885,
        "p50": 1.2369919419288635,
        "p90": 1.3469076037406922
    },
    "gate_entropy": {
        "mean": 1.2163962125778198,
        "p50": 1.2369478344917297,
        "p90": 1.3470312118530274
    },
    "ttt_lr_scale": {
        "mean": 0.09238332509994507,
        "p50": 0.09685320407152176,
        "p90": 0.11521051004529
    },
    "ttt_effective_base_lr": {
        "mean": 0.009238332509994507,
        "p50": 0.009685320779681206,
        "p90": 0.01152105126529932
    },
    "clip_ratio": {
        "mean": 0.0,
        "p50": 0.0,
        "p90": 0.0
    },
    "conv_norm_pre": {
        "mean": 20.384008407592773,
        "p50": 20.07393169403076,
        "p90": 23.332193183898926
    },
    "conv_norm_post": {
        "mean": 21.847089767456055,
        "p50": 21.513728141784668,
        "p90": 25.023132705688475
    },
    "alpha_entropy_pearson_r": 0.9687145805294576,
    "group_attn_weights": {
        "mean": [
            0.3504781723022461,
            0.32139110565185547,
            0.32813066244125366
        ],
        "std": [
            0.0002127053594449535,
            0.00010507998376851901,
            0.00010825576464412734
        ]
    },
    "group_attn_gamma_last": 0.21516411006450653,
    "group_attn_temperature_last": 0.49993908405303955
}