{
    "alpha": {
        "mean": 0.018617378547787666,
        "p50": 0.025172905065119267,
        "p90": 0.04116526618599892
    },
    "entropy": {
        "mean": 0.962407648563385,
        "p50": 0.9817901253700256,
        "p90": 1.2444187164306642
    },
    "gate_entropy": {
        "mean": 0.9625739455223083,
        "p50": 0.9814062714576721,
        "p90": 1.2444413900375366
    },
    "ttt_lr_scale": {
        "mean": 0.04529983177781105,
        "p50": 0.06297880411148071,
        "p90": 0.09803020656108857
    },
    "ttt_effective_base_lr": {
        "mean": 0.0045299832709133625,
        "p50": 0.0062978805508464575,
        "p90": 0.009803020767867566
    },
    "clip_ratio": {
        "mean": 0.568965494632721,
        "p50": 1.0,
        "p90": 1.0
    },
    "conv_norm_pre": {
        "mean": 24.893306732177734,
        "p50": 24.669230461120605,
        "p90": 30.032986831665042
    },
    "conv_norm_post": {
        "mean": 26.431541442871094,
        "p50": 26.19370174407959,
        "p90": 31.888077926635745
    },
    "alpha_entropy_pearson_r": 0.8707652444167812,
    "group_attn_weights": {
        "mean": [
            0.33526328206062317,
            0.33283531665802,
            0.33190131187438965
        ],
        "std": [
            0.00010110028961207718,
            0.00014237048162613064,
            0.0002056053199339658
        ]
    },
    "group_attn_gamma_last": 0.1853109747171402,
    "group_attn_temperature_last": 0.49999570846557617
}