{
    "alpha": {
        "mean": 0.03957357630133629,
        "p50": 0.041221264749765396,
        "p90": 0.04954790659248829
    },
    "entropy": {
        "mean": 1.2131882905960083,
        "p50": 1.244931936264038,
        "p90": 1.3460845232009888
    },
    "gate_entropy": {
        "mean": 1.2132717370986938,
        "p50": 1.2451928853988647,
        "p90": 1.3463218927383422
    },
    "ttt_lr_scale": {
        "mean": 0.09397253394126892,
        "p50": 0.09814747050404549,
        "p90": 0.11508724018931389
    },
    "ttt_effective_base_lr": {
        "mean": 0.009397254325449467,
        "p50": 0.009814747143536806,
        "p90": 0.011508724465966225
    },
    "clip_ratio": {
        "mean": 0.9655172228813171,
        "p50": 1.0,
        "p90": 1.0
    },
    "conv_norm_pre": {
        "mean": 31.85420799255371,
        "p50": 31.860309600830078,
        "p90": 35.43418922424317
    },
    "conv_norm_post": {
        "mean": 33.54819107055664,
        "p50": 33.55557441711426,
        "p90": 37.317456054687504
    },
    "alpha_entropy_pearson_r": 0.9684062957335875,
    "group_attn_weights": {
        "mean": [
            0.3305851221084595,
            0.3298487961292267,
            0.33956605195999146
        ],
        "std": [
            0.00046729424502700567,
            0.00041326365317218006,
            0.0005359466886147857
        ]
    },
    "group_attn_gamma_last": 0.15956556797027588,
    "group_attn_temperature_last": 0.49998533725738525
}