{
    "Subject_1": 0.7931034564971924,
    "Subject_2": 0.7586206793785095,
    "Subject_3": 0.8965517282485962,
    "Subject_4": 0.7586206793785095,
    "Subject_5": 0.8448275923728943,
    "Subject_6": 0.8448275923728943,
    "Subject_7": 0.9482758641242981,
    "Subject_8": 0.8620689511299133,
    "Subject_9": 0.8448275923728943,
    "Average": 0.8390804595417447
}