{
    "alpha": {
        "mean": 0.020318228751420975,
        "p50": 0.026159310713410378,
        "p90": 0.038933354616165164
    },
    "entropy": {
        "mean": 0.9694194197654724,
        "p50": 1.0006216764450073,
        "p90": 1.2126787185668946
    },
    "gate_entropy": {
        "mean": 0.9695574045181274,
        "p50": 1.0016485154628754,
        "p90": 1.2141471028327941
    },
    "ttt_lr_scale": {
        "mean": 0.049613647162914276,
        "p50": 0.06524278223514557,
        "p90": 0.09334255233407021
    },
    "ttt_effective_base_lr": {
        "mean": 0.00496136536821723,
        "p50": 0.006524278316646814,
        "p90": 0.00933425510302186
    },
    "clip_ratio": {
        "mean": 0.818965494632721,
        "p50": 1.0,
        "p90": 1.0
    },
    "conv_norm_pre": {
        "mean": 25.163372039794922,
        "p50": 25.098209381103516,
        "p90": 30.048202514648438
    },
    "conv_norm_post": {
        "mean": 26.717817306518555,
        "p50": 26.64875030517578,
        "p90": 31.904311752319337
    },
    "alpha_entropy_pearson_r": 0.8755479645378004,
    "group_attn_weights": {
        "mean": [
            0.33379268646240234,
            0.33478787541389465,
            0.3314193785190582
        ],
        "std": [
            9.312178735854104e-05,
            0.0001692730438662693,
            0.00014803944213781506
        ]
    },
    "group_attn_gamma_last": 0.1853078156709671,
    "group_attn_temperature_last": 0.49999111890792847
}