{
    "alpha": {
        "mean": 0.02074713632464409,
        "p50": 0.02565134596079588,
        "p90": 0.04155739098787308
    },
    "entropy": {
        "mean": 0.9692679047584534,
        "p50": 0.9974793493747711,
        "p90": 1.2550389409065248
    },
    "gate_entropy": {
        "mean": 0.96833735704422,
        "p50": 0.9913239181041718,
        "p90": 1.2496086597442628
    },
    "ttt_lr_scale": {
        "mean": 0.05021076276898384,
        "p50": 0.06407881900668144,
        "p90": 0.09884729385375977
    },
    "ttt_effective_base_lr": {
        "mean": 0.005021076649427414,
        "p50": 0.0064078818541020155,
        "p90": 0.009884729329496623
    },
    "clip_ratio": {
        "mean": 0.8017241358757019,
        "p50": 1.0,
        "p90": 1.0
    },
    "conv_norm_pre": {
        "mean": 26.464702606201172,
        "p50": 25.658574104309082,
        "p90": 33.486441421508786
    },
    "conv_norm_post": {
        "mean": 28.0701847076416,
        "p50": 27.214231491088867,
        "p90": 35.51784553527832
    },
    "alpha_entropy_pearson_r": 0.9198120079103503,
    "group_attn_weights": {
        "mean": [
            0.3257240355014801,
            0.33406123518943787,
            0.34021472930908203
        ],
        "std": [
            5.7773126172833145e-05,
            8.12087528174743e-05,
            7.345402264036238e-05
        ]
    },
    "group_attn_gamma_last": 0.1821199506521225,
    "group_attn_temperature_last": 0.499961256980896
}