{
    "alpha": {
        "mean": 0.014321775175631046,
        "p50": 0.0,
        "p90": 0.03490412272512913
    },
    "entropy": {
        "mean": 0.9307102560997009,
        "p50": 0.9217479228973389,
        "p90": 1.15516015291214
    },
    "gate_entropy": {
        "mean": 0.9307448267936707,
        "p50": 0.9217479228973389,
        "p90": 1.1551029920578004
    },
    "ttt_lr_scale": {
        "mean": 0.03494899347424507,
        "p50": 0.0,
        "p90": 0.08471482321619989
    },
    "ttt_effective_base_lr": {
        "mean": 0.0034948992542922497,
        "p50": 0.0,
        "p90": 0.008471482247114182
    },
    "clip_ratio": {
        "mean": 0.4482758641242981,
        "p50": 0.0,
        "p90": 1.0
    },
    "conv_norm_pre": {
        "mean": 27.873899459838867,
        "p50": 27.071060180664062,
        "p90": 32.4990909576416
    },
    "conv_norm_post": {
        "mean": 29.484359741210938,
        "p50": 28.636832237243652,
        "p90": 34.37558937072754
    },
    "alpha_entropy_pearson_r": 0.8840174623165024,
    "group_attn_weights": {
        "mean": [
            0.3277612328529358,
            0.3396218419075012,
            0.3326168656349182
        ],
        "std": [
            0.00015947330393828452,
            0.0002246256044600159,
            0.00015580088074784726
        ]
    },
    "group_attn_gamma_last": 0.17344532907009125,
    "group_attn_temperature_last": 0.49999427795410156
}