{
    "alpha": {
        "mean": 0.019118424504995346,
        "p50": 0.02447522897273302,
        "p90": 0.04551330730319023
    },
    "entropy": {
        "mean": 0.9395281076431274,
        "p50": 0.9655145108699799,
        "p90": 1.300443160533905
    },
    "gate_entropy": {
        "mean": 0.9395744204521179,
        "p50": 0.9666130840778351,
        "p90": 1.2994171380996704
    },
    "ttt_lr_scale": {
        "mean": 0.04586251452565193,
        "p50": 0.06136864982545376,
        "p90": 0.10698456168174744
    },
    "ttt_effective_base_lr": {
        "mean": 0.004586251452565193,
        "p50": 0.006136865122243762,
        "p90": 0.010698456410318613
    },
    "clip_ratio": {
        "mean": 0.517241358757019,
        "p50": 1.0,
        "p90": 1.0
    },
    "conv_norm_pre": {
        "mean": 27.837970733642578,
        "p50": 27.302486419677734,
        "p90": 33.052923583984374
    },
    "conv_norm_post": {
        "mean": 29.440467834472656,
        "p50": 28.87237548828125,
        "p90": 34.95743827819824
    },
    "alpha_entropy_pearson_r": 0.9189499341492762,
    "group_attn_weights": {
        "mean": [
            0.33035147190093994,
            0.3320460915565491,
            0.3376023769378662
        ],
        "std": [
            6.122933700680733e-05,
            0.00013321156438905746,
            0.00014853835455141962
        ]
    },
    "group_attn_gamma_last": 0.17256130278110504,
    "group_attn_temperature_last": 0.5000130534172058
}