{
    "alpha": {
        "mean": 0.036848824471235275,
        "p50": 0.04153551161289215,
        "p90": 0.04950898475944996
    },
    "entropy": {
        "mean": 1.1959248781204224,
        "p50": 1.2490550875663757,
        "p90": 1.3459142804145814
    },
    "gate_entropy": {
        "mean": 1.1961184740066528,
        "p50": 1.2493330240249634,
        "p90": 1.3458897948265076
    },
    "ttt_lr_scale": {
        "mean": 0.0874522477388382,
        "p50": 0.09880226850509644,
        "p90": 0.1150102123618126
    },
    "ttt_effective_base_lr": {
        "mean": 0.008745224215090275,
        "p50": 0.009880227036774158,
        "p90": 0.011501021683216095
    },
    "clip_ratio": {
        "mean": 0.8965517282485962,
        "p50": 1.0,
        "p90": 1.0
    },
    "conv_norm_pre": {
        "mean": 24.14995765686035,
        "p50": 23.658772468566895,
        "p90": 27.34295406341553
    },
    "conv_norm_post": {
        "mean": 25.7137451171875,
        "p50": 25.18204402923584,
        "p90": 29.13873348236084
    },
    "alpha_entropy_pearson_r": 0.9687862409939725,
    "group_attn_weights": {
        "mean": [
            0.3588087856769562,
            0.317792147397995,
            0.3233991265296936
        ],
        "std": [
            0.0007535491022281349,
            0.00037989328848198056,
            0.00037782214349135756
        ]
    },
    "group_attn_gamma_last": 0.19319069385528564,
    "group_attn_temperature_last": 0.4997723400592804
}