{
    "alpha": {
        "mean": 0.031464602798223495,
        "p50": 0.03622645139694214,
        "p90": 0.04910980872809887
    },
    "entropy": {
        "mean": 1.1201499700546265,
        "p50": 1.1745468974113464,
        "p90": 1.3423426389694213
    },
    "gate_entropy": {
        "mean": 1.1204067468643188,
        "p50": 1.175192654132843,
        "p90": 1.3414135813713073
    },
    "ttt_lr_scale": {
        "mean": 0.07509833574295044,
        "p50": 0.0875713974237442,
        "p90": 0.11421764045953751
    },
    "ttt_effective_base_lr": {
        "mean": 0.007509833667427301,
        "p50": 0.008757140021771193,
        "p90": 0.011421763990074397
    },
    "clip_ratio": {
        "mean": 0.8103448152542114,
        "p50": 1.0,
        "p90": 1.0
    },
    "conv_norm_pre": {
        "mean": 26.622234344482422,
        "p50": 26.36930561065674,
        "p90": 31.50422992706299
    },
    "conv_norm_post": {
        "mean": 28.2416934967041,
        "p50": 27.973294258117676,
        "p90": 33.42071228027344
    },
    "alpha_entropy_pearson_r": 0.9588084454598366,
    "group_attn_weights": {
        "mean": [
            0.33275100588798523,
            0.3326088786125183,
            0.33464014530181885
        ],
        "std": [
            6.802117422921583e-05,
            0.00011340558558003977,
            9.061353193828836e-05
        ]
    },
    "group_attn_gamma_last": 0.18250036239624023,
    "group_attn_temperature_last": 0.5000017285346985
}