{
    "alpha": {
        "mean": 0.03845436871051788,
        "p50": 0.04150603525340557,
        "p90": 0.04972835183143616
    },
    "entropy": {
        "mean": 1.2133876085281372,
        "p50": 1.2487372756004333,
        "p90": 1.3483565330505372
    },
    "gate_entropy": {
        "mean": 1.2134194374084473,
        "p50": 1.248943567276001,
        "p90": 1.3483548641204834
    },
    "ttt_lr_scale": {
        "mean": 0.09121105819940567,
        "p50": 0.09874078258872032,
        "p90": 0.11544606313109398
    },
    "ttt_effective_base_lr": {
        "mean": 0.009121106006205082,
        "p50": 0.009874078445136547,
        "p90": 0.011544606648385525
    },
    "clip_ratio": {
        "mean": 0.9655172228813171,
        "p50": 1.0,
        "p90": 1.0
    },
    "conv_norm_pre": {
        "mean": 26.68229103088379,
        "p50": 26.307658195495605,
        "p90": 29.022776412963868
    },
    "conv_norm_post": {
        "mean": 28.263444900512695,
        "p50": 27.866450309753418,
        "p90": 30.742291641235354
    },
    "alpha_entropy_pearson_r": 0.9591677788733449,
    "group_attn_weights": {
        "mean": [
            0.33366405963897705,
            0.3304649293422699,
            0.33587104082107544
        ],
        "std": [
            0.0002608995127957314,
            0.00019660303951241076,
            0.0001716584083624184
        ]
    },
    "group_attn_gamma_last": 0.1777443289756775,
    "group_attn_temperature_last": 0.5000021457672119
}