{
    "alpha": {
        "mean": 0.04290073364973068,
        "p50": 0.04454706609249115,
        "p90": 0.05013795606791973
    },
    "entropy": {
        "mean": 1.2588818073272705,
        "p50": 1.2874078750610352,
        "p90": 1.3530001282691955
    },
    "gate_entropy": {
        "mean": 1.2590655088424683,
        "p50": 1.287610113620758,
        "p90": 1.3529179453849793
    },
    "ttt_lr_scale": {
        "mean": 0.10131608694791794,
        "p50": 0.10501405224204063,
        "p90": 0.11625760123133659
    },
    "ttt_effective_base_lr": {
        "mean": 0.010131609626114368,
        "p50": 0.010501405224204063,
        "p90": 0.011625760048627854
    },
    "clip_ratio": {
        "mean": 0.8793103694915771,
        "p50": 1.0,
        "p90": 1.0
    },
    "conv_norm_pre": {
        "mean": 18.96291732788086,
        "p50": 18.689356803894043,
        "p90": 21.473142433166505
    },
    "conv_norm_post": {
        "mean": 20.33151626586914,
        "p50": 20.038225173950195,
        "p90": 23.022820854187014
    },
    "alpha_entropy_pearson_r": 0.9954597392217985,
    "group_attn_weights": {
        "mean": [
            0.3326146900653839,
            0.33381739258766174,
            0.3335679769515991
        ],
        "std": [
            8.598869499110151e-06,
            4.3716108848457225e-06,
            6.1217506299726665e-06
        ]
    },
    "group_attn_gamma_last": 0.21653272211551666,
    "group_attn_temperature_last": 0.4999997615814209
}