{
    "alpha": {
        "mean": 0.03902670741081238,
        "p50": 0.042168453335762024,
        "p90": 0.04986375793814659
    },
    "entropy": {
        "mean": 1.2196530103683472,
        "p50": 1.257062017917633,
        "p90": 1.3499155402183534
    },
    "gate_entropy": {
        "mean": 1.2198249101638794,
        "p50": 1.257581353187561,
        "p90": 1.349871814250946
    },
    "ttt_lr_scale": {
        "mean": 0.09244584292173386,
        "p50": 0.10011711344122887,
        "p90": 0.11571483537554741
    },
    "ttt_effective_base_lr": {
        "mean": 0.0092445844784379,
        "p50": 0.010011711623519659,
        "p90": 0.01157148340716958
    },
    "clip_ratio": {
        "mean": 0.931034505367279,
        "p50": 1.0,
        "p90": 1.0
    },
    "conv_norm_pre": {
        "mean": 30.454139709472656,
        "p50": 30.238422393798828,
        "p90": 33.870382690429686
    },
    "conv_norm_post": {
        "mean": 32.108131408691406,
        "p50": 31.880603790283203,
        "p90": 35.70869827270508
    },
    "alpha_entropy_pearson_r": 0.965215956354269,
    "group_attn_weights": {
        "mean": [
            0.33039557933807373,
            0.3308013677597046,
            0.3388030230998993
        ],
        "std": [
            0.0005723765934817493,
            0.000546792522072792,
            0.0005111399223096669
        ]
    },
    "group_attn_gamma_last": 0.16286605596542358,
    "group_attn_temperature_last": 0.4999760389328003
}