{
    "alpha": {
        "mean": 0.05596315860748291,
        "p50": 0.076433215290308,
        "p90": 0.0843427337706089
    },
    "entropy": {
        "mean": 1.000413179397583,
        "p50": 1.0368697047233582,
        "p90": 1.2054827213287354
    },
    "gate_entropy": {
        "mean": 0.7200336456298828,
        "p50": 0.73947474360466,
        "p90": 0.8804271876811981
    },
    "ttt_lr_scale": {
        "mean": 0.11270316690206528,
        "p50": 0.1550305336713791,
        "p90": 0.16785631328821182
    },
    "ttt_effective_base_lr": {
        "mean": 0.011270317249000072,
        "p50": 0.015503053553402424,
        "p90": 0.01678563132882118
    },
    "clip_ratio": {
        "mean": 0.0,
        "p50": 0.0,
        "p90": 0.0
    },
    "conv_norm_pre": {
        "mean": 6.102480888366699,
        "p50": 5.436860084533691,
        "p90": 9.477757263183593
    },
    "conv_norm_post": {
        "mean": 6.709342002868652,
        "p50": 5.977168083190918,
        "p90": 10.421685123443602
    },
    "alpha_entropy_pearson_r": 0.8630238001606573,
    "group_attn_weights": {
        "mean": [
            0.33179470896720886,
            0.333517849445343,
            0.33468741178512573
        ],
        "std": [
            2.9802322387695312e-08,
            5.95683104620548e-07,
            6.258487701416016e-07
        ]
    },
    "group_attn_gamma_last": 0.29837697744369507,
    "group_attn_temperature_last": 0.5000247359275818
}