{
    "alpha": {
        "mean": 0.04288401082158089,
        "p50": 0.05820208415389061,
        "p90": 0.06416271328926086
    },
    "entropy": {
        "mean": 1.0088179111480713,
        "p50": 1.0757648944854736,
        "p90": 1.2142600536346435
    },
    "gate_entropy": {
        "mean": 0.7269904017448425,
        "p50": 0.7782662212848663,
        "p90": 0.8743570804595947
    },
    "ttt_lr_scale": {
        "mean": 0.09386684745550156,
        "p50": 0.12814029306173325,
        "p90": 0.13900798708200454
    },
    "ttt_effective_base_lr": {
        "mean": 0.00938668567687273,
        "p50": 0.012814029585570097,
        "p90": 0.013900799211114645
    },
    "clip_ratio": {
        "mean": 0.0,
        "p50": 0.0,
        "p90": 0.0
    },
    "conv_norm_pre": {
        "mean": 18.817434310913086,
        "p50": 18.59030246734619,
        "p90": 24.288053894042967
    },
    "conv_norm_post": {
        "mean": 20.20808219909668,
        "p50": 19.9681978225708,
        "p90": 26.098821067810057
    },
    "alpha_entropy_pearson_r": 0.9260593961436249,
    "group_attn_weights": {
        "mean": [
            0.3161238133907318,
            0.33284953236579895,
            0.3510265350341797
        ],
        "std": [
            7.908196130301803e-05,
            7.145271229092032e-05,
            0.00014974205987527966
        ]
    },
    "group_attn_gamma_last": 0.22196932137012482,
    "group_attn_temperature_last": 0.49985888600349426
}