{
    "alpha": {
        "mean": 0.021792132407426834,
        "p50": 0.0,
        "p90": 0.07039378359913825
    },
    "entropy": {
        "mean": 0.8643465042114258,
        "p50": 0.8629064559936523,
        "p90": 1.1144550442695618
    },
    "gate_entropy": {
        "mean": 0.6250925660133362,
        "p50": 0.6224554181098938,
        "p90": 0.8066905081272125
    },
    "ttt_lr_scale": {
        "mean": 0.04573217034339905,
        "p50": 0.0,
        "p90": 0.1475277990102768
    },
    "ttt_effective_base_lr": {
        "mean": 0.004573216661810875,
        "p50": 0.0,
        "p90": 0.014752779714763164
    },
    "clip_ratio": {
        "mean": 0.34375,
        "p50": 0.5,
        "p90": 0.5
    },
    "conv_norm_pre": {
        "mean": 13.575981140136719,
        "p50": 13.682922840118408,
        "p90": 17.08666648864746
    },
    "conv_norm_post": {
        "mean": 14.7578125,
        "p50": 14.875236511230469,
        "p90": 18.574121475219723
    },
    "alpha_entropy_pearson_r": 0.8213456937140684,
    "group_attn_weights": {
        "mean": [
            0.3301793932914734,
            0.33587712049484253,
            0.33394289016723633
        ],
        "std": [
            2.3136422555580793e-07,
            3.7223088611426647e-07,
            4.905346031591762e-07
        ]
    },
    "group_attn_gamma_last": 0.26062309741973877,
    "group_attn_temperature_last": 0.49993789196014404
}