{
    "alpha": {
        "mean": 0.08926437050104141,
        "p50": 0.13572553545236588,
        "p90": 0.13916914612054826
    },
    "entropy": {
        "mean": 1.006449818611145,
        "p50": 1.0680159330368042,
        "p90": 1.225566804409027
    },
    "gate_entropy": {
        "mean": 0.7305963039398193,
        "p50": 0.7765404284000397,
        "p90": 0.8922967791557312
    },
    "ttt_lr_scale": {
        "mean": 0.14162641763687134,
        "p50": 0.21591724455356598,
        "p90": 0.22014580965042113
    },
    "ttt_effective_base_lr": {
        "mean": 0.014162641949951649,
        "p50": 0.021591724827885628,
        "p90": 0.02201458103954792
    },
    "clip_ratio": {
        "mean": 0.0,
        "p50": 0.0,
        "p90": 0.0
    },
    "conv_norm_pre": {
        "mean": 4.202510833740234,
        "p50": 3.6743223667144775,
        "p90": 6.3662077426910395
    },
    "conv_norm_post": {
        "mean": 4.88658332824707,
        "p50": 4.271899223327637,
        "p90": 7.403430175781249
    },
    "alpha_entropy_pearson_r": 0.8619377416438632,
    "group_attn_weights": {
        "mean": [
            0.33510977029800415,
            0.3353535532951355,
            0.329536497592926
        ],
        "std": [
            3.5762786865234375e-07,
            5.364418029785156e-07,
            3.5762786865234375e-07
        ]
    },
    "group_attn_gamma_last": 0.4902523159980774,
    "group_attn_temperature_last": 0.5002274513244629
}