{
    "alpha": {
        "mean": 0.057959794998168945,
        "p50": 0.06953095272183418,
        "p90": 0.08113725334405898
    },
    "entropy": {
        "mean": 1.031277060508728,
        "p50": 1.018209457397461,
        "p90": 1.277225959300995
    },
    "gate_entropy": {
        "mean": 0.7436299324035645,
        "p50": 0.7300535440444946,
        "p90": 0.9271146297454833
    },
    "ttt_lr_scale": {
        "mean": 0.11999990046024323,
        "p50": 0.14511927962303162,
        "p90": 0.1645182192325592
    },
    "ttt_effective_base_lr": {
        "mean": 0.011999989859759808,
        "p50": 0.014511928427964449,
        "p90": 0.0164518216624856
    },
    "clip_ratio": {
        "mean": 0.0,
        "p50": 0.0,
        "p90": 0.0
    },
    "conv_norm_pre": {
        "mean": 8.967012405395508,
        "p50": 8.275155544281006,
        "p90": 12.49205207824707
    },
    "conv_norm_post": {
        "mean": 9.785882949829102,
        "p50": 9.029656410217285,
        "p90": 13.6317214012146
    },
    "alpha_entropy_pearson_r": 0.7586796240358943,
    "group_attn_weights": {
        "mean": [
            0.3305749297142029,
            0.33518195152282715,
            0.3342435657978058
        ],
        "std": [
            2.910784644427622e-07,
            4.5511401935982576e-07,
            2.8291611897657276e-07
        ]
    },
    "group_attn_gamma_last": 0.27395591139793396,
    "group_attn_temperature_last": 0.5000176429748535
}