{
    "alpha": {
        "mean": 0.049717970192432404,
        "p50": 0.07901724800467491,
        "p90": 0.08743825629353523
    },
    "entropy": {
        "mean": 0.9763041734695435,
        "p50": 0.9925346374511719,
        "p90": 1.2355937838554383
    },
    "gate_entropy": {
        "mean": 0.700963020324707,
        "p50": 0.7176080346107483,
        "p90": 0.872422456741333
    },
    "ttt_lr_scale": {
        "mean": 0.09857125580310822,
        "p50": 0.15846719592809677,
        "p90": 0.17190808951854705
    },
    "ttt_effective_base_lr": {
        "mean": 0.009857125580310822,
        "p50": 0.015846719965338707,
        "p90": 0.017190809734165667
    },
    "clip_ratio": {
        "mean": 0.0,
        "p50": 0.0,
        "p90": 0.0
    },
    "conv_norm_pre": {
        "mean": 9.748435974121094,
        "p50": 10.078651905059814,
        "p90": 11.589215946197509
    },
    "conv_norm_post": {
        "mean": 10.752971649169922,
        "p50": 11.117256164550781,
        "p90": 12.781940841674805
    },
    "alpha_entropy_pearson_r": 0.8635631672415791,
    "group_attn_weights": {
        "mean": [
            0.3325539231300354,
            0.33598440885543823,
            0.331460177898407
        ],
        "std": [
            3.7226817539703916e-07,
            5.651548917740001e-07,
            5.662441253662109e-07
        ]
    },
    "group_attn_gamma_last": 0.3103213906288147,
    "group_attn_temperature_last": 0.5000048875808716
}