{
    "alpha": {
        "mean": 0.0319770872592926,
        "p50": 0.0,
        "p90": 0.09318383634090424
    },
    "entropy": {
        "mean": 0.8661701083183289,
        "p50": 0.8105268180370331,
        "p90": 1.2068486332893371
    },
    "gate_entropy": {
        "mean": 0.6237834095954895,
        "p50": 0.5846715271472931,
        "p90": 0.8577949941158295
    },
    "ttt_lr_scale": {
        "mean": 0.0614127442240715,
        "p50": 0.0,
        "p90": 0.17826460301876068
    },
    "ttt_effective_base_lr": {
        "mean": 0.006141274236142635,
        "p50": 0.0,
        "p90": 0.017826461419463157
    },
    "clip_ratio": {
        "mean": 0.0,
        "p50": 0.0,
        "p90": 0.0
    },
    "conv_norm_pre": {
        "mean": 6.813711643218994,
        "p50": 6.64337682723999,
        "p90": 8.58536148071289
    },
    "conv_norm_post": {
        "mean": 7.5626373291015625,
        "p50": 7.377264976501465,
        "p90": 9.539198398590088
    },
    "alpha_entropy_pearson_r": 0.8796346514401822,
    "group_attn_weights": {
        "mean": [
            0.3325808644294739,
            0.34322336316108704,
            0.3241958022117615
        ],
        "std": [
            6.258487701416016e-07,
            3.5762786865234375e-07,
            2.682209014892578e-07
        ]
    },
    "group_attn_gamma_last": 0.3344203531742096,
    "group_attn_temperature_last": 0.4997945725917816
}