{
    "alpha": {
        "mean": 0.013069321401417255,
        "p50": 0.0,
        "p90": 0.07928156182169914
    },
    "entropy": {
        "mean": 0.8154928088188171,
        "p50": 0.7861531376838684,
        "p90": 1.0303678035736084
    },
    "gate_entropy": {
        "mean": 0.5889069437980652,
        "p50": 0.5670896172523499,
        "p90": 0.7480614006519317
    },
    "ttt_lr_scale": {
        "mean": 0.026143213734030724,
        "p50": 0.0,
        "p90": 0.1590494230389595
    },
    "ttt_effective_base_lr": {
        "mean": 0.0026143216527998447,
        "p50": 0.0,
        "p90": 0.015904942713677882
    },
    "clip_ratio": {
        "mean": 0.0,
        "p50": 0.0,
        "p90": 0.0
    },
    "conv_norm_pre": {
        "mean": 5.611117839813232,
        "p50": 5.483319997787476,
        "p90": 7.400154113769531
    },
    "conv_norm_post": {
        "mean": 6.184678554534912,
        "p50": 6.044053316116333,
        "p90": 8.156854820251464
    },
    "alpha_entropy_pearson_r": 0.7509048760870153,
    "group_attn_weights": {
        "mean": [
            0.33248522877693176,
            0.3328956961631775,
            0.33461928367614746
        ],
        "std": [
            4.899088708043564e-06,
            2.4410176138189854e-06,
            2.4644668883411214e-06
        ]
    },
    "group_attn_gamma_last": 0.3065372407436371,
    "group_attn_temperature_last": 0.5000631809234619
}