{
    "alpha": {
        "mean": 0.049897681921720505,
        "p50": 0.07772539183497429,
        "p90": 0.08600934967398643
    },
    "entropy": {
        "mean": 1.0420242547988892,
        "p50": 1.0244221091270447,
        "p90": 1.2384846329689025
    },
    "gate_entropy": {
        "mean": 0.7464203238487244,
        "p50": 0.72768834233284,
        "p90": 0.8771663546562195
    },
    "ttt_lr_scale": {
        "mean": 0.09937015175819397,
        "p50": 0.15655667334794998,
        "p90": 0.16983709782361983
    },
    "ttt_effective_base_lr": {
        "mean": 0.009937015362083912,
        "p50": 0.015655667521059513,
        "p90": 0.01698371022939682
    },
    "clip_ratio": {
        "mean": 0.0,
        "p50": 0.0,
        "p90": 0.0
    },
    "conv_norm_pre": {
        "mean": 9.700645446777344,
        "p50": 9.268346786499023,
        "p90": 13.153843784332274
    },
    "conv_norm_post": {
        "mean": 10.687832832336426,
        "p50": 10.210336208343506,
        "p90": 14.49307050704956
    },
    "alpha_entropy_pearson_r": 0.8447237115898949,
    "group_attn_weights": {
        "mean": [
            0.330201119184494,
            0.33518627285957336,
            0.33461105823516846
        ],
        "std": [
            4.2355091522949806e-07,
            5.364418029785156e-07,
            5.507990294972842e-07
        ]
    },
    "group_attn_gamma_last": 0.30437272787094116,
    "group_attn_temperature_last": 0.4999310374259949
}