{
    "alpha": {
        "mean": 0.03728563338518143,
        "p50": 0.06810811534523964,
        "p90": 0.07831270098686217
    },
    "entropy": {
        "mean": 1.0064361095428467,
        "p50": 0.9664748311042786,
        "p90": 1.2031383752822875
    },
    "gate_entropy": {
        "mean": 0.7289475202560425,
        "p50": 0.7015058994293213,
        "p90": 0.8787645637989043
    },
    "ttt_lr_scale": {
        "mean": 0.07690189778804779,
        "p50": 0.14256107062101364,
        "p90": 0.1597563162446022
    },
    "ttt_effective_base_lr": {
        "mean": 0.0076901898719370365,
        "p50": 0.014256107155233622,
        "p90": 0.015975631959736347
    },
    "clip_ratio": {
        "mean": 0.0,
        "p50": 0.0,
        "p90": 0.0
    },
    "conv_norm_pre": {
        "mean": 10.87106990814209,
        "p50": 10.579246044158936,
        "p90": 14.720889663696289
    },
    "conv_norm_post": {
        "mean": 11.8685941696167,
        "p50": 11.54846477508545,
        "p90": 16.074230003356934
    },
    "alpha_entropy_pearson_r": 0.7844570098264126,
    "group_attn_weights": {
        "mean": [
            0.32360732555389404,
            0.3409920334815979,
            0.33540046215057373
        ],
        "std": [
            4.891520006822248e-07,
            2.6117447760043433e-07,
            4.3378761915846553e-07
        ]
    },
    "group_attn_gamma_last": 0.2741379141807556,
    "group_attn_temperature_last": 0.4999734163284302
}