{
    "alpha": {
        "mean": 0.027678411453962326,
        "p50": 0.0,
        "p90": 0.06596696525812148
    },
    "entropy": {
        "mean": 0.9662405848503113,
        "p50": 0.9537788927555084,
        "p90": 1.1592721700668334
    },
    "gate_entropy": {
        "mean": 0.6973413228988647,
        "p50": 0.6880060434341431,
        "p90": 0.8392181634902953
    },
    "ttt_lr_scale": {
        "mean": 0.05969506502151489,
        "p50": 0.0,
        "p90": 0.14135170578956605
    },
    "ttt_effective_base_lr": {
        "mean": 0.005969506688416004,
        "p50": 0.0,
        "p90": 0.014135170634835959
    },
    "clip_ratio": {
        "mean": 0.0,
        "p50": 0.0,
        "p90": 0.0
    },
    "conv_norm_pre": {
        "mean": 14.653233528137207,
        "p50": 14.350280284881592,
        "p90": 17.448690795898436
    },
    "conv_norm_post": {
        "mean": 15.8086519241333,
        "p50": 15.48219633102417,
        "p90": 18.825308609008786
    },
    "alpha_entropy_pearson_r": 0.8599630235762977,
    "group_attn_weights": {
        "mean": [
            0.32924121618270874,
            0.3325827121734619,
            0.3381761908531189
        ],
        "std": [
            6.546139502461301e-06,
            7.052909040794475e-06,
            1.3569278053182643e-05
        ]
    },
    "group_attn_gamma_last": 0.2366190105676651,
    "group_attn_temperature_last": 0.49997514486312866
}