{
    "alpha": {
        "mean": 0.03776959329843521,
        "p50": 0.0,
        "p90": 0.09572232142090797
    },
    "entropy": {
        "mean": 0.921790599822998,
        "p50": 0.921024739742279,
        "p90": 1.100607967376709
    },
    "gate_entropy": {
        "mean": 0.6663265824317932,
        "p50": 0.6643789112567902,
        "p90": 0.7941848158836364
    },
    "ttt_lr_scale": {
        "mean": 0.07120917737483978,
        "p50": 0.0,
        "p90": 0.17998003214597702
    },
    "ttt_effective_base_lr": {
        "mean": 0.007120917551219463,
        "p50": 0.0,
        "p90": 0.017998003959655763
    },
    "clip_ratio": {
        "mean": 0.0,
        "p50": 0.0,
        "p90": 0.0
    },
    "conv_norm_pre": {
        "mean": 2.19222092628479,
        "p50": 1.9668872952461243,
        "p90": 2.557030868530273
    },
    "conv_norm_post": {
        "mean": 2.452407121658325,
        "p50": 2.2004343271255493,
        "p90": 2.860224032402038
    },
    "alpha_entropy_pearson_r": 0.8357868770963578,
    "group_attn_weights": {
        "mean": [
            0.3318827748298645,
            0.3316647410392761,
            0.336452454328537
        ],
        "std": [
            6.549734052896383e-07,
            4.168864506937098e-07,
            2.0829669722388644e-07
        ]
    },
    "group_attn_gamma_last": 0.35686537623405457,
    "group_attn_temperature_last": 0.4999869465827942
}