{
    "alpha": {
        "mean": 0.04610409587621689,
        "p50": 0.07419151440262794,
        "p90": 0.08541148751974105
    },
    "entropy": {
        "mean": 0.9952295422554016,
        "p50": 0.9870292544364929,
        "p90": 1.2650895953178405
    },
    "gate_entropy": {
        "mean": 0.7202903628349304,
        "p50": 0.7159112393856049,
        "p90": 0.9141575694084167
    },
    "ttt_lr_scale": {
        "mean": 0.09300112724304199,
        "p50": 0.15163323283195496,
        "p90": 0.16989421248435974
    },
    "ttt_effective_base_lr": {
        "mean": 0.009300113655626774,
        "p50": 0.015163323376327753,
        "p90": 0.016989421285688876
    },
    "clip_ratio": {
        "mean": 0.0,
        "p50": 0.0,
        "p90": 0.0
    },
    "conv_norm_pre": {
        "mean": 9.358616828918457,
        "p50": 9.72798490524292,
        "p90": 11.655596065521241
    },
    "conv_norm_post": {
        "mean": 10.27674388885498,
        "p50": 10.682170391082764,
        "p90": 12.79792594909668
    },
    "alpha_entropy_pearson_r": 0.8167118602482587,
    "group_attn_weights": {
        "mean": [
            0.33582717180252075,
            0.33826857805252075,
            0.3259037137031555
        ],
        "std": [
            5.249990522315784e-07,
            6.450154614867643e-07,
            6.368219942487485e-07
        ]
    },
    "group_attn_gamma_last": 0.2943257689476013,
    "group_attn_temperature_last": 0.49997007846832275
}