{
    "alpha": {
        "mean": 0.04167285934090614,
        "p50": 0.06755814328789711,
        "p90": 0.07998271733522415
    },
    "entropy": {
        "mean": 1.016992211341858,
        "p50": 0.9846740365028381,
        "p90": 1.2725809574127198
    },
    "gate_entropy": {
        "mean": 0.7363702654838562,
        "p50": 0.7071357071399689,
        "p90": 0.9194890558719635
    },
    "ttt_lr_scale": {
        "mean": 0.08603174984455109,
        "p50": 0.14190585166215897,
        "p90": 0.16285453885793685
    },
    "ttt_effective_base_lr": {
        "mean": 0.008603175170719624,
        "p50": 0.014190585352480412,
        "p90": 0.016285454295575617
    },
    "clip_ratio": {
        "mean": 0.0,
        "p50": 0.0,
        "p90": 0.0
    },
    "conv_norm_pre": {
        "mean": 11.087759971618652,
        "p50": 10.879479885101318,
        "p90": 13.892305374145508
    },
    "conv_norm_post": {
        "mean": 12.09295654296875,
        "p50": 11.861291408538818,
        "p90": 15.150865268707275
    },
    "alpha_entropy_pearson_r": 0.779231222663883,
    "group_attn_weights": {
        "mean": [
            0.3242378234863281,
            0.3337944447994232,
            0.34196794033050537
        ],
        "std": [
            1.617994485059171e-07,
            2.7253241796643124e-07,
            4.40687841773979e-07
        ]
    },
    "group_attn_gamma_last": 0.2711953818798065,
    "group_attn_temperature_last": 0.5000075697898865
}