{
    "Subject_1": 0.7562500238418579,
    "Subject_2": 0.78125,
    "Subject_3": 0.9312499761581421,
    "Subject_4": 0.8812500238418579,
    "Subject_5": 0.9937499761581421,
    "Subject_6": 0.768750011920929,
    "Subject_7": 0.6312500238418579,
    "Subject_8": 0.7437499761581421,
    "Subject_9": 0.8999999761581421,
    "Subject_10": 0.768750011920929,
    "Subject_11": 0.71875,
    "Subject_12": 0.856249988079071,
    "Subject_13": 0.7437499761581421,
    "Subject_14": 0.6875,
    "Average": 0.7973214260169438
}