{
    "alpha": {
        "mean": 0.01232060045003891,
        "p50": 0.01573004201054573,
        "p90": 0.02682749815285206
    },
    "entropy": {
        "mean": 0.9811133146286011,
        "p50": 1.0026946663856506,
        "p90": 1.2897574424743652
    },
    "gate_entropy": {
        "mean": 0.9809638261795044,
        "p50": 1.0028238892555237,
        "p90": 1.289661955833435
    },
    "ttt_lr_scale": {
        "mean": 0.049462009221315384,
        "p50": 0.06537451967597008,
        "p90": 0.10535292476415634
    },
    "ttt_effective_base_lr": {
        "mean": 0.002473100321367383,
        "p50": 0.003268726053647697,
        "p90": 0.005267646303400398
    },
    "clip_ratio": {
        "mean": 0.0,
        "p50": 0.0,
        "p90": 0.0
    },
    "conv_norm_pre": {
        "mean": 29.34760284423828,
        "p50": 28.399972915649414,
        "p90": 37.66630554199219
    },
    "conv_norm_post": {
        "mean": 31.04769515991211,
        "p50": 30.04525852203369,
        "p90": 39.85004577636719
    },
    "alpha_entropy_pearson_r": 0.9103321974009889,
    "group_attn_weights": {
        "mean": [
            0.3258475065231323,
            0.3343102037906647,
            0.3398422300815582
        ],
        "std": [
            0.00018173664284404367,
            0.00025361988809891045,
            0.0001353939005639404
        ]
    },
    "group_attn_gamma_last": 0.17377711832523346,
    "group_attn_temperature_last": 0.4999184012413025
}