{
    "alpha": {
        "mean": 0.011177987791597843,
        "p50": 0.01438736030831933,
        "p90": 0.02704578489065171
    },
    "entropy": {
        "mean": 0.9460076689720154,
        "p50": 0.9556411504745483,
        "p90": 1.293605923652649
    },
    "gate_entropy": {
        "mean": 0.9459893703460693,
        "p50": 0.955856204032898,
        "p90": 1.2940046310424806
    },
    "ttt_lr_scale": {
        "mean": 0.044800326228141785,
        "p50": 0.060219116508960724,
        "p90": 0.10608968287706377
    },
    "ttt_effective_base_lr": {
        "mean": 0.002240016357973218,
        "p50": 0.003010955872014165,
        "p90": 0.005304484115913511
    },
    "clip_ratio": {
        "mean": 0.0,
        "p50": 0.0,
        "p90": 0.0
    },
    "conv_norm_pre": {
        "mean": 29.866987228393555,
        "p50": 29.35865306854248,
        "p90": 35.25509452819825
    },
    "conv_norm_post": {
        "mean": 31.529708862304688,
        "p50": 30.993572235107422,
        "p90": 37.21841888427735
    },
    "alpha_entropy_pearson_r": 0.9095954382240068,
    "group_attn_weights": {
        "mean": [
            0.3337903916835785,
            0.3297477662563324,
            0.33646202087402344
        ],
        "std": [
            0.00020918539667036384,
            0.0001977447245735675,
            0.00022331398213282228
        ]
    },
    "group_attn_gamma_last": 0.1671387255191803,
    "group_attn_temperature_last": 0.5000007748603821
}