{
    "alpha": {
        "mean": 0.02104729786515236,
        "p50": 0.022693916223943233,
        "p90": 0.02822191193699837
    },
    "entropy": {
        "mean": 1.1716006994247437,
        "p50": 1.1983485221862793,
        "p90": 1.3174826622009277
    },
    "gate_entropy": {
        "mean": 1.17171049118042,
        "p50": 1.1984570026397705,
        "p90": 1.3175259351730346
    },
    "ttt_lr_scale": {
        "mean": 0.08377838879823685,
        "p50": 0.09098626673221588,
        "p90": 0.11006524115800859
    },
    "ttt_effective_base_lr": {
        "mean": 0.004188919439911842,
        "p50": 0.004549313336610794,
        "p90": 0.005503262160345913
    },
    "clip_ratio": {
        "mean": 0.0,
        "p50": 0.0,
        "p90": 0.0
    },
    "conv_norm_pre": {
        "mean": 26.125717163085938,
        "p50": 25.844735145568848,
        "p90": 29.554831504821777
    },
    "conv_norm_post": {
        "mean": 27.73063850402832,
        "p50": 27.42841148376465,
        "p90": 31.39544906616211
    },
    "alpha_entropy_pearson_r": 0.9582448073333183,
    "group_attn_weights": {
        "mean": [
            0.3567969501018524,
            0.31664222478866577,
            0.3265607953071594
        ],
        "std": [
            0.0008703526691533625,
            0.00043019570875912905,
            0.00046806762111373246
        ]
    },
    "group_attn_gamma_last": 0.18371707201004028,
    "group_attn_temperature_last": 0.4995979964733124
}