{
    "Subject_1": 0.8103448152542114,
    "Subject_2": 0.7586206793785095,
    "Subject_3": 0.8793103694915771,
    "Subject_4": 0.7931034564971924,
    "Subject_5": 0.7931034564971924,
    "Subject_6": 0.8103448152542114,
    "Subject_7": 0.9482758641242981,
    "Subject_8": 0.8793103694915771,
    "Subject_9": 0.8448275923728943,
    "Average": 0.8352490464846293
}