{
    "alpha": {
        "mean": 0.03115997090935707,
        "p50": 0.0,
        "p90": 0.08663986027240753
    },
    "entropy": {
        "mean": 0.9009405374526978,
        "p50": 0.8980165123939514,
        "p90": 1.2184761881828308
    },
    "gate_entropy": {
        "mean": 0.6514984965324402,
        "p50": 0.6477819979190826,
        "p90": 0.886986517906189
    },
    "ttt_lr_scale": {
        "mean": 0.06197351962327957,
        "p50": 0.0,
        "p90": 0.17094403505325317
    },
    "ttt_effective_base_lr": {
        "mean": 0.006197351962327957,
        "p50": 0.0,
        "p90": 0.01709440313279629
    },
    "clip_ratio": {
        "mean": 0.0,
        "p50": 0.0,
        "p90": 0.0
    },
    "conv_norm_pre": {
        "mean": 4.722837924957275,
        "p50": 3.7920080423355103,
        "p90": 9.306523609161378
    },
    "conv_norm_post": {
        "mean": 5.220120429992676,
        "p50": 4.189680576324463,
        "p90": 10.293382263183593
    },
    "alpha_entropy_pearson_r": 0.8402220766026459,
    "group_attn_weights": {
        "mean": [
            0.32880786061286926,
            0.3317936062812805,
            0.33939850330352783
        ],
        "std": [
            5.2313474441234575e-08,
            6.144854864942317e-07,
            5.588780140897143e-07
        ]
    },
    "group_attn_gamma_last": 0.31458184123039246,
    "group_attn_temperature_last": 0.49986448884010315
}