{
    "alpha": {
        "mean": 0.05209585279226303,
        "p50": 0.07864610105752945,
        "p90": 0.08681889548897744
    },
    "entropy": {
        "mean": 1.013612151145935,
        "p50": 1.097874641418457,
        "p90": 1.2965569734573363
    },
    "gate_entropy": {
        "mean": 0.7326065301895142,
        "p50": 0.7916608154773712,
        "p90": 0.9324514865875244
    },
    "ttt_lr_scale": {
        "mean": 0.10421957820653915,
        "p50": 0.15887470543384552,
        "p90": 0.17198021113872528
    },
    "ttt_effective_base_lr": {
        "mean": 0.01042195875197649,
        "p50": 0.015887470915913582,
        "p90": 0.017198022082448007
    },
    "clip_ratio": {
        "mean": 0.30937498807907104,
        "p50": 0.5,
        "p90": 0.5
    },
    "conv_norm_pre": {
        "mean": 6.254169464111328,
        "p50": 5.6885387897491455,
        "p90": 9.004574012756347
    },
    "conv_norm_post": {
        "mean": 6.889869689941406,
        "p50": 6.266489744186401,
        "p90": 9.92031888961792
    },
    "alpha_entropy_pearson_r": 0.917546580600001,
    "group_attn_weights": {
        "mean": [
            0.33194348216056824,
            0.33302685618400574,
            0.335029661655426
        ],
        "std": [
            4.0467011075406845e-08,
            2.086162567138672e-07,
            2.384185791015625e-07
        ]
    },
    "group_attn_gamma_last": 0.30435964465141296,
    "group_attn_temperature_last": 0.4999983310699463
}