{
    "alpha": {
        "mean": 0.014184447936713696,
        "p50": 0.0,
        "p90": 0.06004014201462269
    },
    "entropy": {
        "mean": 0.8892456293106079,
        "p50": 0.8850949108600616,
        "p90": 1.0608052730560302
    },
    "gate_entropy": {
        "mean": 0.6416741013526917,
        "p50": 0.6384610235691071,
        "p90": 0.7705023884773254
    },
    "ttt_lr_scale": {
        "mean": 0.030987560749053955,
        "p50": 0.0,
        "p90": 0.13108715265989304
    },
    "ttt_effective_base_lr": {
        "mean": 0.0030987560749053955,
        "p50": 0.0,
        "p90": 0.013108715135604142
    },
    "clip_ratio": {
        "mean": 0.23749999701976776,
        "p50": 0.0,
        "p90": 1.0
    },
    "conv_norm_pre": {
        "mean": 15.49841022491455,
        "p50": 15.450329780578613,
        "p90": 20.066422271728513
    },
    "conv_norm_post": {
        "mean": 16.721755981445312,
        "p50": 16.670289993286133,
        "p90": 21.6485200881958
    },
    "alpha_entropy_pearson_r": 0.7740352997663705,
    "group_attn_weights": {
        "mean": [
            0.3389703929424286,
            0.3330968916416168,
            0.327932745218277
        ],
        "std": [
            0.00011922192788915709,
            6.026107439538464e-05,
            5.896243601455353e-05
        ]
    },
    "group_attn_gamma_last": 0.23694336414337158,
    "group_attn_temperature_last": 0.4999231696128845
}