{
    "alpha": {
        "mean": 0.03298128396272659,
        "p50": 0.0,
        "p90": 0.08606858775019646
    },
    "entropy": {
        "mean": 0.8463098406791687,
        "p50": 0.8470289707183838,
        "p90": 1.1304967880249022
    },
    "gate_entropy": {
        "mean": 0.6147437691688538,
        "p50": 0.6110022664070129,
        "p90": 0.8307576775550842
    },
    "ttt_lr_scale": {
        "mean": 0.06522609293460846,
        "p50": 0.0,
        "p90": 0.1693306565284729
    },
    "ttt_effective_base_lr": {
        "mean": 0.006522609386593103,
        "p50": 0.0,
        "p90": 0.01693306677043438
    },
    "clip_ratio": {
        "mean": 0.0,
        "p50": 0.0,
        "p90": 0.0
    },
    "conv_norm_pre": {
        "mean": 9.828304290771484,
        "p50": 10.194878578186035,
        "p90": 11.828581619262694
    },
    "conv_norm_post": {
        "mean": 10.893270492553711,
        "p50": 11.299614906311035,
        "p90": 13.111497592926025
    },
    "alpha_entropy_pearson_r": 0.8465658398881919,
    "group_attn_weights": {
        "mean": [
            0.32784169912338257,
            0.33938485383987427,
            0.3327748775482178
        ],
        "std": [
            4.1074261503126763e-07,
            6.408365607057931e-07,
            3.9698383602626564e-07
        ]
    },
    "group_attn_gamma_last": 0.3239610493183136,
    "group_attn_temperature_last": 0.49997711181640625
}