{
    "alpha": {
        "mean": 0.035441648215055466,
        "p50": 0.0,
        "p90": 0.09349020645022392
    },
    "entropy": {
        "mean": 0.9157276153564453,
        "p50": 0.9167389869689941,
        "p90": 1.1884178042411804
    },
    "gate_entropy": {
        "mean": 0.6597679853439331,
        "p50": 0.661287397146225,
        "p90": 0.8512305915355682
    },
    "ttt_lr_scale": {
        "mean": 0.06797268986701965,
        "p50": 0.0,
        "p90": 0.17852782905101777
    },
    "ttt_effective_base_lr": {
        "mean": 0.006797268986701965,
        "p50": 0.0,
        "p90": 0.01785278357565403
    },
    "clip_ratio": {
        "mean": 0.0,
        "p50": 0.0,
        "p90": 0.0
    },
    "conv_norm_pre": {
        "mean": 4.206160545349121,
        "p50": 3.2930828332901,
        "p90": 6.772906732559203
    },
    "conv_norm_post": {
        "mean": 4.695901870727539,
        "p50": 3.6762341260910034,
        "p90": 7.5616430759429925
    },
    "alpha_entropy_pearson_r": 0.8463368138577445,
    "group_attn_weights": {
        "mean": [
            0.33517563343048096,
            0.3305285573005676,
            0.33429428935050964
        ],
        "std": [
            5.662441253662109e-07,
            5.662441253662109e-07,
            3.8743019104003906e-07
        ]
    },
    "group_attn_gamma_last": 0.34981590509414673,
    "group_attn_temperature_last": 0.500171422958374
}