{
    "alpha": {
        "mean": 0.023841548711061478,
        "p50": 0.0,
        "p90": 0.11573443859815598
    },
    "entropy": {
        "mean": 0.7977849245071411,
        "p50": 0.7596580386161804,
        "p90": 1.130293357372284
    },
    "gate_entropy": {
        "mean": 0.577025294303894,
        "p50": 0.5479774475097656,
        "p90": 0.8164640069007872
    },
    "ttt_lr_scale": {
        "mean": 0.04133954644203186,
        "p50": 0.0,
        "p90": 0.2006405249238014
    },
    "ttt_effective_base_lr": {
        "mean": 0.004133954644203186,
        "p50": 0.0,
        "p90": 0.02006405219435692
    },
    "clip_ratio": {
        "mean": 0.0,
        "p50": 0.0,
        "p90": 0.0
    },
    "conv_norm_pre": {
        "mean": 1.3340829610824585,
        "p50": 1.1622106432914734,
        "p90": 1.6032869815826416
    },
    "conv_norm_post": {
        "mean": 1.527759313583374,
        "p50": 1.3308756351470947,
        "p90": 1.8357669472694396
    },
    "alpha_entropy_pearson_r": 0.7905758097770812,
    "group_attn_weights": {
        "mean": [
            0.33031171560287476,
            0.3356781601905823,
            0.3340100049972534
        ],
        "std": [
            1.865176670889923e-07,
            3.8743019104003906e-07,
            4.76837158203125e-07
        ]
    },
    "group_attn_gamma_last": 0.43881770968437195,
    "group_attn_temperature_last": 0.49997854232788086
}