{
    "alpha": {
        "mean": 0.04605769366025925,
        "p50": 0.0769801177084446,
        "p90": 0.0888099931180477
    },
    "entropy": {
        "mean": 0.9742807149887085,
        "p50": 0.9845579564571381,
        "p90": 1.2761878848075865
    },
    "gate_entropy": {
        "mean": 0.7037884593009949,
        "p50": 0.7117472589015961,
        "p90": 0.9244545698165892
    },
    "ttt_lr_scale": {
        "mean": 0.09165580570697784,
        "p50": 0.15543565154075623,
        "p90": 0.17435573637485502
    },
    "ttt_effective_base_lr": {
        "mean": 0.00916558038443327,
        "p50": 0.01554356561973691,
        "p90": 0.017435573413968085
    },
    "clip_ratio": {
        "mean": 0.0,
        "p50": 0.0,
        "p90": 0.0
    },
    "conv_norm_pre": {
        "mean": 6.435882568359375,
        "p50": 6.56904411315918,
        "p90": 8.106933689117431
    },
    "conv_norm_post": {
        "mean": 7.1112799644470215,
        "p50": 7.258912801742554,
        "p90": 8.958650493621825
    },
    "alpha_entropy_pearson_r": 0.8538893744738475,
    "group_attn_weights": {
        "mean": [
            0.3362771272659302,
            0.3349418044090271,
            0.3287810683250427
        ],
        "std": [
            3.1909019071463263e-07,
            1.9692660657710803e-07,
            1.5578663692394912e-07
        ]
    },
    "group_attn_gamma_last": 0.3150457441806793,
    "group_attn_temperature_last": 0.4999558925628662
}