{
    "alpha": {
        "mean": 0.04200942814350128,
        "p50": 0.0,
        "p90": 0.0881684459745884
    },
    "entropy": {
        "mean": 0.9936378598213196,
        "p50": 0.9645684957504272,
        "p90": 1.2162136197090148
    },
    "gate_entropy": {
        "mean": 0.7121375799179077,
        "p50": 0.6986113786697388,
        "p90": 0.8662666857242584
    },
    "ttt_lr_scale": {
        "mean": 0.08272149413824081,
        "p50": 0.0,
        "p90": 0.17240517735481262
    },
    "ttt_effective_base_lr": {
        "mean": 0.008272150531411171,
        "p50": 0.0,
        "p90": 0.01724051870405674
    },
    "clip_ratio": {
        "mean": 0.0,
        "p50": 0.0,
        "p90": 0.0
    },
    "conv_norm_pre": {
        "mean": 9.652613639831543,
        "p50": 9.033384799957275,
        "p90": 13.587379455566406
    },
    "conv_norm_post": {
        "mean": 10.704727172851562,
        "p50": 10.02269983291626,
        "p90": 15.099397087097168
    },
    "alpha_entropy_pearson_r": 0.8769975790278273,
    "group_attn_weights": {
        "mean": [
            0.33045583963394165,
            0.34656551480293274,
            0.32297807931900024
        ],
        "std": [
            3.8743019104003906e-07,
            4.76837158203125e-07,
            2.980232238769531e-07
        ]
    },
    "group_attn_gamma_last": 0.3251640498638153,
    "group_attn_temperature_last": 0.5004194974899292
}