{
    "alpha": {
        "mean": 0.04728629067540169,
        "p50": 0.0780019499361515,
        "p90": 0.08780201002955437
    },
    "entropy": {
        "mean": 0.9850435256958008,
        "p50": 1.0433550477027893,
        "p90": 1.2787278413772583
    },
    "gate_entropy": {
        "mean": 0.7109607458114624,
        "p50": 0.7487618923187256,
        "p90": 0.9223189830780029
    },
    "ttt_lr_scale": {
        "mean": 0.0942457765340805,
        "p50": 0.15745428949594498,
        "p90": 0.17313752919435502
    },
    "ttt_effective_base_lr": {
        "mean": 0.009424577467143536,
        "p50": 0.015745429322123528,
        "p90": 0.017313752695918082
    },
    "clip_ratio": {
        "mean": 0.0,
        "p50": 0.0,
        "p90": 0.0
    },
    "conv_norm_pre": {
        "mean": 7.9850945472717285,
        "p50": 7.660969495773315,
        "p90": 10.454145431518555
    },
    "conv_norm_post": {
        "mean": 8.806513786315918,
        "p50": 8.457435131072998,
        "p90": 11.535032653808594
    },
    "alpha_entropy_pearson_r": 0.9099528007113985,
    "group_attn_weights": {
        "mean": [
            0.33259961009025574,
            0.3398067355155945,
            0.3275936543941498
        ],
        "std": [
            2.086162567138672e-07,
            6.854534149169922e-07,
            5.066394805908203e-07
        ]
    },
    "group_attn_gamma_last": 0.31013333797454834,
    "group_attn_temperature_last": 0.5000304579734802
}