{
    "alpha": {
        "mean": 0.03378411382436752,
        "p50": 0.0,
        "p90": 0.08583859950304032
    },
    "entropy": {
        "mean": 0.929394543170929,
        "p50": 0.9400202035903931,
        "p90": 1.2166111826896668
    },
    "gate_entropy": {
        "mean": 0.6705104112625122,
        "p50": 0.6780812442302704,
        "p90": 0.8634582400321961
    },
    "ttt_lr_scale": {
        "mean": 0.0670817568898201,
        "p50": 0.0,
        "p90": 0.16941869556903838
    },
    "ttt_effective_base_lr": {
        "mean": 0.006708175875246525,
        "p50": 0.0,
        "p90": 0.016941869631409645
    },
    "clip_ratio": {
        "mean": 0.0,
        "p50": 0.0,
        "p90": 0.0
    },
    "conv_norm_pre": {
        "mean": 8.305229187011719,
        "p50": 7.669211387634277,
        "p90": 11.892536163330078
    },
    "conv_norm_post": {
        "mean": 9.18661117553711,
        "p50": 8.481999397277832,
        "p90": 13.160113048553466
    },
    "alpha_entropy_pearson_r": 0.8019156347776384,
    "group_attn_weights": {
        "mean": [
            0.3278873562812805,
            0.34255602955818176,
            0.3295566141605377
        ],
        "std": [
            5.653365633406793e-07,
            1.4817105409292708e-07,
            4.1633347791503184e-07
        ]
    },
    "group_attn_gamma_last": 0.3164573013782501,
    "group_attn_temperature_last": 0.5001137256622314
}