{
    "alpha": {
        "mean": 0.05213182419538498,
        "p50": 0.0698683001101017,
        "p90": 0.07926694005727768
    },
    "entropy": {
        "mean": 1.0250942707061768,
        "p50": 1.024147868156433,
        "p90": 1.2163244009017944
    },
    "gate_entropy": {
        "mean": 0.7451475858688354,
        "p50": 0.7325745224952698,
        "p90": 0.893836897611618
    },
    "ttt_lr_scale": {
        "mean": 0.1077033281326294,
        "p50": 0.14563308656215668,
        "p90": 0.16139153093099595
    },
    "ttt_effective_base_lr": {
        "mean": 0.010770332999527454,
        "p50": 0.014563309028744698,
        "p90": 0.016139152832329272
    },
    "clip_ratio": {
        "mean": 0.0,
        "p50": 0.0,
        "p90": 0.0
    },
    "conv_norm_pre": {
        "mean": 9.834075927734375,
        "p50": 9.438477039337158,
        "p90": 12.875039768218993
    },
    "conv_norm_post": {
        "mean": 10.766069412231445,
        "p50": 10.331778526306152,
        "p90": 14.099552726745603
    },
    "alpha_entropy_pearson_r": 0.735570068527977,
    "group_attn_weights": {
        "mean": [
            0.3265064060688019,
            0.33535856008529663,
            0.3381350040435791
        ],
        "std": [
            6.800180472055217e-07,
            3.22352804005277e-07,
            4.077585060713318e-07
        ]
    },
    "group_attn_gamma_last": 0.28300774097442627,
    "group_attn_temperature_last": 0.5000154972076416
}