{
    "alpha": {
        "mean": 0.035179752856492996,
        "p50": 0.057308297604322433,
        "p90": 0.06478260606527328
    },
    "entropy": {
        "mean": 0.9512550234794617,
        "p50": 1.0436915755271912,
        "p90": 1.2146628856658936
    },
    "gate_entropy": {
        "mean": 0.686121940612793,
        "p50": 0.7527409791946411,
        "p90": 0.8747457146644593
    },
    "ttt_lr_scale": {
        "mean": 0.07673077285289764,
        "p50": 0.12637552618980408,
        "p90": 0.140008345246315
    },
    "ttt_effective_base_lr": {
        "mean": 0.007673077285289764,
        "p50": 0.012637552805244923,
        "p90": 0.014000835083425044
    },
    "clip_ratio": {
        "mean": 0.574999988079071,
        "p50": 1.0,
        "p90": 1.0
    },
    "conv_norm_pre": {
        "mean": 17.290225982666016,
        "p50": 16.741493225097656,
        "p90": 22.700216102600095
    },
    "conv_norm_post": {
        "mean": 18.62185287475586,
        "p50": 18.037321090698242,
        "p90": 24.488113403320312
    },
    "alpha_entropy_pearson_r": 0.8849457447551836,
    "group_attn_weights": {
        "mean": [
            0.3109361529350281,
            0.3392452895641327,
            0.34981852769851685
        ],
        "std": [
            4.3374649976613e-05,
            4.644367072614841e-05,
            8.970116323325783e-05
        ]
    },
    "group_attn_gamma_last": 0.23108725249767303,
    "group_attn_temperature_last": 0.4997439980506897
}