{
    "alpha": {
        "mean": 0.02119007147848606,
        "p50": 0.0,
        "p90": 0.052485276758670804
    },
    "entropy": {
        "mean": 0.9037372469902039,
        "p50": 0.9497711360454559,
        "p90": 1.1238675355911254
    },
    "gate_entropy": {
        "mean": 0.6519944071769714,
        "p50": 0.6851150691509247,
        "p90": 0.8105149447917938
    },
    "ttt_lr_scale": {
        "mean": 0.04813091829419136,
        "p50": 0.0,
        "p90": 0.11868245899677277
    },
    "ttt_effective_base_lr": {
        "mean": 0.004813091363757849,
        "p50": 0.0,
        "p90": 0.01186824571341276
    },
    "clip_ratio": {
        "mean": 0.41874998807907104,
        "p50": 0.0,
        "p90": 1.0
    },
    "conv_norm_pre": {
        "mean": 22.660797119140625,
        "p50": 21.969039916992188,
        "p90": 26.588263702392577
    },
    "conv_norm_post": {
        "mean": 24.13602638244629,
        "p50": 23.399561882019043,
        "p90": 28.320298385620116
    },
    "alpha_entropy_pearson_r": 0.7626564049339731,
    "group_attn_weights": {
        "mean": [
            0.3286787271499634,
            0.3359142541885376,
            0.33540716767311096
        ],
        "std": [
            4.0576040191808715e-05,
            6.143527571111917e-05,
            4.8019152018241584e-05
        ]
    },
    "group_attn_gamma_last": 0.19527095556259155,
    "group_attn_temperature_last": 0.499980092048645
}