{
    "alpha": {
        "mean": 0.02825595811009407,
        "p50": 0.0,
        "p90": 0.07065444514155388
    },
    "entropy": {
        "mean": 0.8480459451675415,
        "p50": 0.9156979322433472,
        "p90": 1.1850847005844116
    },
    "gate_entropy": {
        "mean": 0.614963710308075,
        "p50": 0.6605364084243774,
        "p90": 0.8673977851867675
    },
    "ttt_lr_scale": {
        "mean": 0.060135841369628906,
        "p50": 0.0,
        "p90": 0.14884301275014877
    },
    "ttt_effective_base_lr": {
        "mean": 0.0060135843232274055,
        "p50": 0.0,
        "p90": 0.014884301647543906
    },
    "clip_ratio": {
        "mean": 0.7124999761581421,
        "p50": 0.5,
        "p90": 1.0
    },
    "conv_norm_pre": {
        "mean": 13.92053508758545,
        "p50": 14.090594291687012,
        "p90": 17.08273639678955
    },
    "conv_norm_post": {
        "mean": 15.10156536102295,
        "p50": 15.287014484405518,
        "p90": 18.535594558715818
    },
    "alpha_entropy_pearson_r": 0.7946834381440472,
    "group_attn_weights": {
        "mean": [
            0.3306729793548584,
            0.3382874131202698,
            0.3310394585132599
        ],
        "std": [
            3.3485366657259874e-07,
            3.8743019104003906e-07,
            1.1920928955078125e-07
        ]
    },
    "group_attn_gamma_last": 0.2542169690132141,
    "group_attn_temperature_last": 0.49999940395355225
}