{
    "Subject_1": 0.7250000238418579,
    "Subject_2": 0.550000011920929,
    "Subject_3": 0.90625,
    "Subject_4": 0.793749988079071,
    "Subject_5": 0.9750000238418579,
    "Subject_6": 0.768750011920929,
    "Subject_7": 0.5874999761581421,
    "Subject_8": 0.75,
    "Subject_9": 0.981249988079071,
    "Subject_10": 0.800000011920929,
    "Subject_11": 0.9750000238418579,
    "Subject_12": 0.987500011920929,
    "Subject_13": 0.78125,
    "Subject_14": 0.574999988079071,
    "Average": 0.7968750042574746
}