{
    "Subject_1": 0.8448275923728943,
    "Subject_2": 0.7241379022598267,
    "Subject_3": 0.8275862336158752,
    "Subject_4": 0.7758620977401733,
    "Subject_5": 0.7241379022598267,
    "Subject_6": 0.8103448152542114,
    "Subject_7": 0.8793103694915771,
    "Subject_8": 0.8275862336158752,
    "Subject_9": 0.8793103694915771,
    "Average": 0.8103448351224264
}