{
    "alpha": {
        "mean": 0.017484625801444054,
        "p50": 0.024852926842868328,
        "p90": 0.03821248635649682
    },
    "entropy": {
        "mean": 0.9636346101760864,
        "p50": 0.9746070504188538,
        "p90": 1.2037863135337832
    },
    "gate_entropy": {
        "mean": 0.9636480808258057,
        "p50": 0.9746657907962799,
        "p90": 1.2038220643997193
    },
    "ttt_lr_scale": {
        "mean": 0.025565259158611298,
        "p50": 0.03734468296170235,
        "p90": 0.05508434474468232
    },
    "ttt_effective_base_lr": {
        "mean": 0.0012782629346475005,
        "p50": 0.0018672341830097139,
        "p90": 0.0027542172232642775
    },
    "clip_ratio": {
        "mean": 0.0,
        "p50": 0.0,
        "p90": 0.0
    },
    "conv_norm_pre": {
        "mean": 27.810440063476562,
        "p50": 26.9795503616333,
        "p90": 32.37407684326172
    },
    "conv_norm_post": {
        "mean": 29.41888427734375,
        "p50": 28.537373542785645,
        "p90": 34.2447395324707
    },
    "alpha_entropy_pearson_r": 0.919771743579842,
    "group_attn_weights": {
        "mean": [
            0.3296668529510498,
            0.33921366930007935,
            0.33111944794654846
        ],
        "std": [
            0.0002503092400729656,
            0.0003358219109941274,
            0.0001784547494025901
        ]
    },
    "group_attn_gamma_last": 0.1734517365694046,
    "group_attn_temperature_last": 0.4999975562095642
}