{
    "alpha": {
        "mean": 0.04026882350444794,
        "p50": 0.043045446276664734,
        "p90": 0.049396906048059464
    },
    "entropy": {
        "mean": 1.230699896812439,
        "p50": 1.2686101198196411,
        "p90": 1.3445160627365114
    },
    "gate_entropy": {
        "mean": 1.230759859085083,
        "p50": 1.2688307166099548,
        "p90": 1.3446455121040344
    },
    "ttt_lr_scale": {
        "mean": 0.0571868009865284,
        "p50": 0.06115853786468506,
        "p90": 0.06887304559350015
    },
    "ttt_effective_base_lr": {
        "mean": 0.002859339816495776,
        "p50": 0.003057926893234253,
        "p90": 0.0034436522983014584
    },
    "clip_ratio": {
        "mean": 0.0,
        "p50": 0.0,
        "p90": 0.0
    },
    "conv_norm_pre": {
        "mean": 28.019489288330078,
        "p50": 27.564705848693848,
        "p90": 31.68209915161133
    },
    "conv_norm_post": {
        "mean": 29.622211456298828,
        "p50": 29.14134693145752,
        "p90": 33.49128952026367
    },
    "alpha_entropy_pearson_r": 0.9847223816255432,
    "group_attn_weights": {
        "mean": [
            0.3292996287345886,
            0.3293856978416443,
            0.34131473302841187
        ],
        "std": [
            0.00013610109454020858,
            0.00025197272771038115,
            0.00023535096261184663
        ]
    },
    "group_attn_gamma_last": 0.1716899871826172,
    "group_attn_temperature_last": 0.4999743700027466
}