{
    "alpha": {
        "mean": 0.0205343347042799,
        "p50": 0.026216735132038593,
        "p90": 0.04471249543130398
    },
    "entropy": {
        "mean": 0.9811090230941772,
        "p50": 1.002789318561554,
        "p90": 1.2898002743721009
    },
    "gate_entropy": {
        "mean": 0.9809638261795044,
        "p50": 1.0028238892555237,
        "p90": 1.289661955833435
    },
    "ttt_lr_scale": {
        "mean": 0.02967720665037632,
        "p50": 0.039224714040756226,
        "p90": 0.06321175694465637
    },
    "ttt_effective_base_lr": {
        "mean": 0.0014838603092357516,
        "p50": 0.0019612357718870044,
        "p90": 0.0031605878146365287
    },
    "clip_ratio": {
        "mean": 0.0,
        "p50": 0.0,
        "p90": 0.0
    },
    "conv_norm_pre": {
        "mean": 29.34760284423828,
        "p50": 28.399972915649414,
        "p90": 37.66630554199219
    },
    "conv_norm_post": {
        "mean": 31.04769515991211,
        "p50": 30.04525852203369,
        "p90": 39.85004577636719
    },
    "alpha_entropy_pearson_r": 0.9103155962830409,
    "group_attn_weights": {
        "mean": [
            0.3258475065231323,
            0.3343102037906647,
            0.3398422300815582
        ],
        "std": [
            0.00018173664284404367,
            0.00025361988809891045,
            0.0001353939005639404
        ]
    },
    "group_attn_gamma_last": 0.17377711832523346,
    "group_attn_temperature_last": 0.4999184012413025
}