{
    "alpha": {
        "mean": 0.035078827291727066,
        "p50": 0.03782319277524948,
        "p90": 0.04703651927411557
    },
    "entropy": {
        "mean": 1.1716080904006958,
        "p50": 1.198308527469635,
        "p90": 1.3174945354461671
    },
    "gate_entropy": {
        "mean": 1.17171049118042,
        "p50": 1.1984570026397705,
        "p90": 1.3175259351730346
    },
    "ttt_lr_scale": {
        "mean": 0.05026702955365181,
        "p50": 0.05459176376461983,
        "p90": 0.0660391502082348
    },
    "ttt_effective_base_lr": {
        "mean": 0.002513351384550333,
        "p50": 0.0027295881882309914,
        "p90": 0.0033019575523212555
    },
    "clip_ratio": {
        "mean": 0.0,
        "p50": 0.0,
        "p90": 0.0
    },
    "conv_norm_pre": {
        "mean": 26.125717163085938,
        "p50": 25.844735145568848,
        "p90": 29.554831504821777
    },
    "conv_norm_post": {
        "mean": 27.73063850402832,
        "p50": 27.42841148376465,
        "p90": 31.39544906616211
    },
    "alpha_entropy_pearson_r": 0.9582567444777506,
    "group_attn_weights": {
        "mean": [
            0.3567969501018524,
            0.31664222478866577,
            0.3265607953071594
        ],
        "std": [
            0.0008703526691533625,
            0.00043019570875912905,
            0.00046806762111373246
        ]
    },
    "group_attn_gamma_last": 0.18371707201004028,
    "group_attn_temperature_last": 0.4995979964733124
}