{
    "entropy": {
        "mean": 0.3618552088737488,
        "p50": 0.3251519352197647,
        "p90": 0.6782267272472382
    }
}