{
    "entropy": {
        "mean": 0.3076825737953186,
        "p50": 0.2417922168970108,
        "p90": 0.673916244506836
    }
}