{
    "entropy": {
        "mean": 0.34457242488861084,
        "p50": 0.33935484290122986,
        "p90": 0.6604747712612152
    }
}