{
    "entropy": {
        "mean": 0.3189777433872223,
        "p50": 0.30118274688720703,
        "p90": 0.6714057743549346
    }
}