{
    "Subject_1": 0.7749999761581421,
    "Subject_2": 0.675000011920929,
    "Subject_3": 0.737500011920929,
    "Subject_4": 0.9404761791229248,
    "Subject_5": 0.7023809552192688,
    "Subject_6": 0.7875000238418579,
    "Subject_7": 0.7875000238418579,
    "Subject_8": 0.7954545617103577,
    "Subject_9": 0.7749999761581421,
    "Average": 0.7750901910993788
}