{
    "alpha": {
        "mean": 0.035095565021038055,
        "p50": 0.03509547561407089,
        "p90": 0.03509644120931625
    },
    "entropy": {
        "mean": 0.9638790488243103,
        "p50": 0.9618537127971649,
        "p90": 1.2013508558273316
    },
    "clip_ratio": {
        "mean": 0.0,
        "p50": 0.0,
        "p90": 0.0
    },
    "conv_norm_pre": {
        "mean": 25.03935432434082,
        "p50": 24.02495765686035,
        "p90": 29.404094886779788
    },
    "conv_norm_post": {
        "mean": 27.358497619628906,
        "p50": 26.25033664703369,
        "p90": 32.12672462463379
    },
    "alpha_entropy_pearson_r": 0.24090623153128124,
    "group_attn_weights": {
        "mean": [
            0.49991774559020996,
            0.5000080466270447,
            0.4997738003730774
        ],
        "std": [
            0.00018331299361307174,
            6.140281129773939e-06,
            0.000133259454742074
        ]
    },
    "group_attn_gamma_last": 0.1852802187204361
}