{
    "alpha": {
        "mean": 0.03371921554207802,
        "p50": 0.03371925838291645,
        "p90": 0.03372046016156673
    },
    "entropy": {
        "mean": 1.0372761487960815,
        "p50": 1.038084328174591,
        "p90": 1.3005011796951294
    },
    "clip_ratio": {
        "mean": 0.0,
        "p50": 0.0,
        "p90": 0.0
    },
    "conv_norm_pre": {
        "mean": 26.403499603271484,
        "p50": 26.318821907043457,
        "p90": 32.42290115356446
    },
    "conv_norm_post": {
        "mean": 28.763198852539062,
        "p50": 28.67056179046631,
        "p90": 35.32078170776368
    },
    "alpha_entropy_pearson_r": 0.1101058947974911,
    "group_attn_weights": {
        "mean": [
            0.5000810027122498,
            0.5000770688056946,
            0.49972039461135864
        ],
        "std": [
            7.598740921821445e-05,
            9.357194358017296e-05,
            0.00016694144869688898
        ]
    },
    "group_attn_gamma_last": 0.1787586808204651
}