{
    "alpha": {
        "mean": 0.0323900431394577,
        "p50": 0.03239059075713158,
        "p90": 0.03239289410412312
    },
    "entropy": {
        "mean": 0.9533868432044983,
        "p50": 1.001250833272934,
        "p90": 1.255171573162079
    },
    "clip_ratio": {
        "mean": 0.0,
        "p50": 0.0,
        "p90": 0.0
    },
    "conv_norm_pre": {
        "mean": 29.913536071777344,
        "p50": 29.705421447753906,
        "p90": 35.8189682006836
    },
    "conv_norm_post": {
        "mean": 32.490623474121094,
        "p50": 32.26475143432617,
        "p90": 38.90390129089356
    },
    "alpha_entropy_pearson_r": 0.18318507714861432,
    "group_attn_weights": {
        "mean": [
            0.4999851882457733,
            0.500043511390686,
            0.4996221363544464
        ],
        "std": [
            6.330318137770519e-05,
            3.4942459024023265e-05,
            0.0003299132804386318
        ]
    },
    "group_attn_gamma_last": 0.17234677076339722
}