{
    "alpha": {
        "mean": 0.031525835394859314,
        "p50": 0.03152590058743954,
        "p90": 0.03152693621814251
    },
    "entropy": {
        "mean": 1.1881659030914307,
        "p50": 1.2521374821662903,
        "p90": 1.344070088863373
    },
    "clip_ratio": {
        "mean": 0.0,
        "p50": 0.0,
        "p90": 0.0
    },
    "conv_norm_pre": {
        "mean": 27.956087112426758,
        "p50": 27.59170150756836,
        "p90": 30.649212455749513
    },
    "conv_norm_post": {
        "mean": 30.31338882446289,
        "p50": 29.919289588928223,
        "p90": 33.23383979797363
    },
    "alpha_entropy_pearson_r": -0.22282232063741517,
    "group_attn_weights": {
        "mean": [
            0.5000234842300415,
            0.5001025199890137,
            0.49861830472946167
        ],
        "std": [
            0.0001460454222979024,
            6.312776531558484e-05,
            0.0006661840016022325
        ]
    },
    "group_attn_gamma_last": 0.16879665851593018
}