{
    "alpha": {
        "mean": 0.034022342413663864,
        "p50": 0.03402234613895416,
        "p90": 0.03402260802686215
    },
    "entropy": {
        "mean": 1.2309154272079468,
        "p50": 1.2611920833587646,
        "p90": 1.3554115653038026
    },
    "clip_ratio": {
        "mean": 0.0,
        "p50": 0.0,
        "p90": 0.0
    },
    "conv_norm_pre": {
        "mean": 26.378738403320312,
        "p50": 25.86769199371338,
        "p90": 29.376645660400396
    },
    "conv_norm_post": {
        "mean": 28.76343536376953,
        "p50": 28.20649242401123,
        "p90": 32.032327651977546
    },
    "alpha_entropy_pearson_r": 0.23216019783689076,
    "group_attn_weights": {
        "mean": [
            0.5000162720680237,
            0.5000177025794983,
            0.4995461106300354
        ],
        "std": [
            1.9748102204175666e-05,
            2.812567981891334e-05,
            0.00027300912188366055
        ]
    },
    "group_attn_gamma_last": 0.1808527708053589
}