{
    "alpha": {
        "mean": 0.03700472041964531,
        "p50": 0.03700472414493561,
        "p90": 0.03700476139783859
    },
    "entropy": {
        "mean": 1.2068883180618286,
        "p50": 1.236248791217804,
        "p90": 1.3422518372535706
    },
    "clip_ratio": {
        "mean": 0.0,
        "p50": 0.0,
        "p90": 0.0
    },
    "conv_norm_pre": {
        "mean": 23.99597930908203,
        "p50": 23.72971820831299,
        "p90": 27.166312217712402
    },
    "conv_norm_post": {
        "mean": 26.330904006958008,
        "p50": 26.038970947265625,
        "p90": 29.809520530700684
    },
    "alpha_entropy_pearson_r": 0.13844277881957515,
    "group_attn_weights": {
        "mean": [
            0.5000205636024475,
            0.5000051259994507,
            0.4997211992740631
        ],
        "std": [
            2.561757901275996e-05,
            4.745154001284391e-06,
            0.00019313149095978588
        ]
    },
    "group_attn_gamma_last": 0.19464287161827087
}