{
    "alpha": {
        "mean": 0.031382445245981216,
        "p50": 0.03138245269656181,
        "p90": 0.03138523772358894
    },
    "entropy": {
        "mean": 0.9310168027877808,
        "p50": 0.9999832808971405,
        "p90": 1.262877643108368
    },
    "clip_ratio": {
        "mean": 0.0,
        "p50": 0.0,
        "p90": 0.0
    },
    "conv_norm_pre": {
        "mean": 30.364341735839844,
        "p50": 29.294804573059082,
        "p90": 38.40597076416016
    },
    "conv_norm_post": {
        "mean": 32.90576934814453,
        "p50": 31.747234344482422,
        "p90": 41.61933212280274
    },
    "alpha_entropy_pearson_r": -0.30063530850342457,
    "group_attn_weights": {
        "mean": [
            0.49999549984931946,
            0.5000523328781128,
            0.49937841296195984
        ],
        "std": [
            0.00022265898587647825,
            4.221928975312039e-05,
            0.0004963705432601273
        ]
    },
    "group_attn_gamma_last": 0.16746939718723297
}