{
    "alpha": {
        "mean": 0.035096533596515656,
        "p50": 0.03509656526148319,
        "p90": 0.035097554326057434
    },
    "entropy": {
        "mean": 1.184565544128418,
        "p50": 1.2007675170898438,
        "p90": 1.3330709338188171
    },
    "clip_ratio": {
        "mean": 0.0,
        "p50": 0.0,
        "p90": 0.0
    },
    "conv_norm_pre": {
        "mean": 25.741466522216797,
        "p50": 25.546406745910645,
        "p90": 28.56909885406494
    },
    "conv_norm_post": {
        "mean": 28.13161849975586,
        "p50": 27.91859722137451,
        "p90": 31.221009826660158
    },
    "alpha_entropy_pearson_r": -0.07715361855250831,
    "group_attn_weights": {
        "mean": [
            0.5001702308654785,
            0.5000118613243103,
            0.49975523352622986
        ],
        "std": [
            0.0003543859638739377,
            6.754613878001692e-06,
            0.00011579083366086707
        ]
    },
    "group_attn_gamma_last": 0.18571625649929047
}