{
    "alpha": {
        "mean": 0.033122994005680084,
        "p50": 0.0331233125180006,
        "p90": 0.03312375620007515
    },
    "entropy": {
        "mean": 1.1265676021575928,
        "p50": 1.1559177041053772,
        "p90": 1.3404559016227722
    },
    "clip_ratio": {
        "mean": 0.0,
        "p50": 0.0,
        "p90": 0.0
    },
    "conv_norm_pre": {
        "mean": 27.484127044677734,
        "p50": 27.2164945602417,
        "p90": 32.870172119140626
    },
    "conv_norm_post": {
        "mean": 29.90453338623047,
        "p50": 29.613266944885254,
        "p90": 35.76506271362305
    },
    "alpha_entropy_pearson_r": 0.043360957571221624,
    "group_attn_weights": {
        "mean": [
            0.5000987648963928,
            0.500012218952179,
            0.4995993673801422
        ],
        "std": [
            0.0002286761737195775,
            9.479284017288592e-06,
            0.00024127992219291627
        ]
    },
    "group_attn_gamma_last": 0.17616191506385803
}