{
    "Subject_1": 0.7586206793785095,
    "Subject_2": 0.7241379022598267,
    "Subject_3": 0.8965517282485962,
    "Subject_4": 0.7586206793785095,
    "Subject_5": 0.7068965435028076,
    "Subject_6": 0.8620689511299133,
    "Subject_7": 0.9137930870056152,
    "Subject_8": 0.8448275923728943,
    "Subject_9": 0.7931034564971924,
    "Average": 0.8065134021970961
}