{
    "alpha": {
        "mean": 0.03209534287452698,
        "p50": 0.047176385298371315,
        "p90": 0.06010468751192093
    },
    "entropy": {
        "mean": 0.9962255358695984,
        "p50": 1.0138521790504456,
        "p90": 1.3063183188438416
    },
    "gate_entropy": {
        "mean": 0.7201404571533203,
        "p50": 0.7407927513122559,
        "p90": 0.9433240532875061
    },
    "ttt_lr_scale": {
        "mean": 0.07241145521402359,
        "p50": 0.10844319313764572,
        "p90": 0.13321612775325775
    },
    "ttt_effective_base_lr": {
        "mean": 0.007241145242005587,
        "p50": 0.010844319593161345,
        "p90": 0.013321613147854806
    },
    "clip_ratio": {
        "mean": 0.6034482717514038,
        "p50": 1.0,
        "p90": 1.0
    },
    "conv_norm_pre": {
        "mean": 25.022499084472656,
        "p50": 24.60611915588379,
        "p90": 29.720053291320806
    },
    "conv_norm_post": {
        "mean": 26.602563858032227,
        "p50": 26.159704208374023,
        "p90": 31.598344612121586
    },
    "alpha_entropy_pearson_r": 0.8868792357138735,
    "group_attn_weights": {
        "mean": [
            0.33099400997161865,
            0.33177411556243896,
            0.33723190426826477
        ],
        "std": [
            3.71039095625747e-05,
            9.132878039963543e-05,
            9.492120443610474e-05
        ]
    },
    "group_attn_gamma_last": 0.18939340114593506,
    "group_attn_temperature_last": 0.4999828338623047
}