{
    "alpha": {
        "mean": 0.045686352998018265,
        "p50": 0.05144613981246948,
        "p90": 0.058169956877827646
    },
    "entropy": {
        "mean": 1.1398731470108032,
        "p50": 1.198963224887848,
        "p90": 1.3266423702239991
    },
    "gate_entropy": {
        "mean": 0.8227630853652954,
        "p50": 0.8630235493183136,
        "p90": 0.9606333196163177
    },
    "ttt_lr_scale": {
        "mean": 0.10388198494911194,
        "p50": 0.11728987842798233,
        "p90": 0.13012034446001053
    },
    "ttt_effective_base_lr": {
        "mean": 0.010388198308646679,
        "p50": 0.011728988029062748,
        "p90": 0.013012035004794597
    },
    "clip_ratio": {
        "mean": 0.8793103694915771,
        "p50": 1.0,
        "p90": 1.0
    },
    "conv_norm_pre": {
        "mean": 28.070371627807617,
        "p50": 27.57291316986084,
        "p90": 32.589342498779295
    },
    "conv_norm_post": {
        "mean": 29.73316764831543,
        "p50": 29.202091217041016,
        "p90": 34.55121040344238
    },
    "alpha_entropy_pearson_r": 0.9144090309646338,
    "group_attn_weights": {
        "mean": [
            0.3225383162498474,
            0.3531343340873718,
            0.3243272602558136
        ],
        "std": [
            0.00020668181241489947,
            0.0002010391908697784,
            0.00014508346794173121
        ]
    },
    "group_attn_gamma_last": 0.177107572555542,
    "group_attn_temperature_last": 0.49990394711494446
}