{
    "alpha": {
        "mean": 0.05778612941503525,
        "p50": 0.05902052856981754,
        "p90": 0.06510923355817795
    },
    "entropy": {
        "mean": 1.2009097337722778,
        "p50": 1.2147483229637146,
        "p90": 1.3384814262390137
    },
    "gate_entropy": {
        "mean": 0.8665652275085449,
        "p50": 0.8766418099403381,
        "p90": 0.9654536068439484
    },
    "ttt_lr_scale": {
        "mean": 0.12790082395076752,
        "p50": 0.13066717237234116,
        "p90": 0.1417703628540039
    },
    "ttt_effective_base_lr": {
        "mean": 0.012790082022547722,
        "p50": 0.01306671742349863,
        "p90": 0.014177036099135875
    },
    "clip_ratio": {
        "mean": 0.982758641242981,
        "p50": 1.0,
        "p90": 1.0
    },
    "conv_norm_pre": {
        "mean": 22.76650619506836,
        "p50": 22.39749240875244,
        "p90": 26.133361053466796
    },
    "conv_norm_post": {
        "mean": 24.317249298095703,
        "p50": 23.92364501953125,
        "p90": 27.91345977783203
    },
    "alpha_entropy_pearson_r": 0.8156938524130825,
    "group_attn_weights": {
        "mean": [
            0.3306845426559448,
            0.3357895612716675,
            0.33352595567703247
        ],
        "std": [
            3.7746227462776005e-05,
            2.143655001418665e-05,
            3.224224565201439e-05
        ]
    },
    "group_attn_gamma_last": 0.204299658536911,
    "group_attn_temperature_last": 0.4999946355819702
}