{
    "alpha": {
        "mean": 0.0429701954126358,
        "p50": 0.0526810884475708,
        "p90": 0.06176102161407471
    },
    "entropy": {
        "mean": 1.1229153871536255,
        "p50": 1.1631906032562256,
        "p90": 1.344908881187439
    },
    "gate_entropy": {
        "mean": 0.8117188811302185,
        "p50": 0.8409853279590607,
        "p90": 0.9738503694534302
    },
    "ttt_lr_scale": {
        "mean": 0.09645139425992966,
        "p50": 0.11929017677903175,
        "p90": 0.1363476663827896
    },
    "ttt_effective_base_lr": {
        "mean": 0.009645139798521996,
        "p50": 0.01192901749163866,
        "p90": 0.01363476663827896
    },
    "clip_ratio": {
        "mean": 0.7758620977401733,
        "p50": 1.0,
        "p90": 1.0
    },
    "conv_norm_pre": {
        "mean": 25.50138282775879,
        "p50": 25.18311595916748,
        "p90": 30.351578330993654
    },
    "conv_norm_post": {
        "mean": 27.09654426574707,
        "p50": 26.758261680603027,
        "p90": 32.2504467010498
    },
    "alpha_entropy_pearson_r": 0.915709623578455,
    "group_attn_weights": {
        "mean": [
            0.3331112265586853,
            0.3341473937034607,
            0.3327414393424988
        ],
        "std": [
            6.961832696106285e-05,
            0.00015749409794807434,
            9.440139547223225e-05
        ]
    },
    "group_attn_gamma_last": 0.18766982853412628,
    "group_attn_temperature_last": 0.500001847743988
}