{
    "alpha": {
        "mean": 0.04957449063658714,
        "p50": 0.054415447637438774,
        "p90": 0.05842795968055725
    },
    "entropy": {
        "mean": 1.204679012298584,
        "p50": 1.2583959102630615,
        "p90": 1.337029492855072
    },
    "gate_entropy": {
        "mean": 0.8692357540130615,
        "p50": 0.9079955220222473,
        "p90": 0.9647487282752991
    },
    "ttt_lr_scale": {
        "mean": 0.11238478124141693,
        "p50": 0.12308929860591888,
        "p90": 0.13068055510520935
    },
    "ttt_effective_base_lr": {
        "mean": 0.011238477192819118,
        "p50": 0.012308930046856403,
        "p90": 0.013068056013435126
    },
    "clip_ratio": {
        "mean": 0.931034505367279,
        "p50": 1.0,
        "p90": 1.0
    },
    "conv_norm_pre": {
        "mean": 28.007307052612305,
        "p50": 27.47023105621338,
        "p90": 30.614661026000977
    },
    "conv_norm_post": {
        "mean": 29.66051483154297,
        "p50": 29.09265899658203,
        "p90": 32.42087516784668
    },
    "alpha_entropy_pearson_r": 0.8797394655095196,
    "group_attn_weights": {
        "mean": [
            0.3373488187789917,
            0.3329017758369446,
            0.3297494053840637
        ],
        "std": [
            0.00011354674643371254,
            0.00019718182738870382,
            0.00010310187644790858
        ]
    },
    "group_attn_gamma_last": 0.17707279324531555,
    "group_attn_temperature_last": 0.4999672770500183
}