{
    "alpha": {
        "mean": 0.049539729952812195,
        "p50": 0.051733920350670815,
        "p90": 0.0571133017539978
    },
    "entropy": {
        "mean": 1.208692193031311,
        "p50": 1.2382354140281677,
        "p90": 1.3441747069358825
    },
    "gate_entropy": {
        "mean": 0.8724374175071716,
        "p50": 0.8936534523963928,
        "p90": 0.9699663460254669
    },
    "ttt_lr_scale": {
        "mean": 0.11315425485372543,
        "p50": 0.118149034678936,
        "p90": 0.12845626175403596
    },
    "ttt_effective_base_lr": {
        "mean": 0.011315426789224148,
        "p50": 0.0118149034678936,
        "p90": 0.012845626287162303
    },
    "clip_ratio": {
        "mean": 0.9655172228813171,
        "p50": 1.0,
        "p90": 1.0
    },
    "conv_norm_pre": {
        "mean": 29.63562774658203,
        "p50": 29.560166358947754,
        "p90": 32.76158828735352
    },
    "conv_norm_post": {
        "mean": 31.32010841369629,
        "p50": 31.241148948669434,
        "p90": 34.621334075927734
    },
    "alpha_entropy_pearson_r": 0.9168070116745866,
    "group_attn_weights": {
        "mean": [
            0.3257909119129181,
            0.3372580111026764,
            0.3369511663913727
        ],
        "std": [
            0.00024409186153206974,
            0.0001917968038469553,
            0.00022954505402594805
        ]
    },
    "group_attn_gamma_last": 0.17039692401885986,
    "group_attn_temperature_last": 0.5000008940696716
}