{
    "alpha": {
        "mean": 0.027079081162810326,
        "p50": 0.04046809487044811,
        "p90": 0.05080900862812996
    },
    "entropy": {
        "mean": 0.9808946251869202,
        "p50": 1.0234498977661133,
        "p90": 1.2531376004219057
    },
    "gate_entropy": {
        "mean": 0.7087699174880981,
        "p50": 0.7407113313674927,
        "p90": 0.9073207378387451
    },
    "ttt_lr_scale": {
        "mean": 0.06286168843507767,
        "p50": 0.09567061066627502,
        "p90": 0.11653942093253136
    },
    "ttt_effective_base_lr": {
        "mean": 0.006286168936640024,
        "p50": 0.009567061439156532,
        "p90": 0.01165394252166152
    },
    "clip_ratio": {
        "mean": 0.7931034564971924,
        "p50": 1.0,
        "p90": 1.0
    },
    "conv_norm_pre": {
        "mean": 32.22921371459961,
        "p50": 31.226832389831543,
        "p90": 40.01880874633789
    },
    "conv_norm_post": {
        "mean": 33.974552154541016,
        "p50": 32.918161392211914,
        "p90": 42.184594345092776
    },
    "alpha_entropy_pearson_r": 0.8827607908760527,
    "group_attn_weights": {
        "mean": [
            0.3295533061027527,
            0.33188509941101074,
            0.3385615050792694
        ],
        "std": [
            0.00017952472262550145,
            0.00028405425837263465,
            0.0002711770939640701
        ]
    },
    "group_attn_gamma_last": 0.16247794032096863,
    "group_attn_temperature_last": 0.500019907951355
}