{
    "alpha": {
        "mean": 0.021421106532216072,
        "p50": 0.0,
        "p90": 0.05152102373540402
    },
    "entropy": {
        "mean": 0.9499563574790955,
        "p50": 0.9401728808879852,
        "p90": 1.1889464020729066
    },
    "gate_entropy": {
        "mean": 0.685615599155426,
        "p50": 0.6781913638114929,
        "p90": 0.8592794179916382
    },
    "ttt_lr_scale": {
        "mean": 0.04931708052754402,
        "p50": 0.0,
        "p90": 0.11745485737919809
    },
    "ttt_effective_base_lr": {
        "mean": 0.004931707866489887,
        "p50": 0.0,
        "p90": 0.011745485849678517
    },
    "clip_ratio": {
        "mean": 0.4482758641242981,
        "p50": 0.0,
        "p90": 1.0
    },
    "conv_norm_pre": {
        "mean": 26.444303512573242,
        "p50": 25.78703022003174,
        "p90": 30.494943428039555
    },
    "conv_norm_post": {
        "mean": 28.016664505004883,
        "p50": 27.319555282592773,
        "p90": 32.30867156982422
    },
    "alpha_entropy_pearson_r": 0.858639892626417,
    "group_attn_weights": {
        "mean": [
            0.32960498332977295,
            0.3327781856060028,
            0.3376167416572571
        ],
        "std": [
            0.00010530529834795743,
            0.00043657745118252933,
            0.0004891178687103093
        ]
    },
    "group_attn_gamma_last": 0.17834651470184326,
    "group_attn_temperature_last": 0.49998271465301514
}