{
    "alpha": {
        "mean": 0.03058001585304737,
        "p50": 0.04343651235103607,
        "p90": 0.05307358987629414
    },
    "entropy": {
        "mean": 1.0175807476043701,
        "p50": 1.0486254692077637,
        "p90": 1.2587750434875489
    },
    "gate_entropy": {
        "mean": 0.7352023720741272,
        "p50": 0.7607244253158569,
        "p90": 0.9131191611289978
    },
    "ttt_lr_scale": {
        "mean": 0.07052161544561386,
        "p50": 0.10159391164779663,
        "p90": 0.12072170898318291
    },
    "ttt_effective_base_lr": {
        "mean": 0.007052162196487188,
        "p50": 0.010159391444176435,
        "p90": 0.012072170712053775
    },
    "clip_ratio": {
        "mean": 0.6379310488700867,
        "p50": 1.0,
        "p90": 1.0
    },
    "conv_norm_pre": {
        "mean": 29.01995849609375,
        "p50": 28.40544891357422,
        "p90": 34.556198120117195
    },
    "conv_norm_post": {
        "mean": 30.66417121887207,
        "p50": 30.01521110534668,
        "p90": 36.5136043548584
    },
    "alpha_entropy_pearson_r": 0.8572413748403311,
    "group_attn_weights": {
        "mean": [
            0.3346787691116333,
            0.3330845534801483,
            0.33223655819892883
        ],
        "std": [
            0.00015124799392651767,
            0.00031840408337302506,
            0.0004171502368990332
        ]
    },
    "group_attn_gamma_last": 0.1699599325656891,
    "group_attn_temperature_last": 0.5000054836273193
}