{
    "Subject_1": 0.8103448152542114,
    "Subject_2": 0.6896551847457886,
    "Subject_3": 0.8275862336158752,
    "Subject_4": 0.7586206793785095,
    "Subject_5": 0.6896551847457886,
    "Subject_6": 0.8103448152542114,
    "Subject_7": 0.931034505367279,
    "Subject_8": 0.9137930870056152,
    "Subject_9": 0.8620689511299133,
    "Average": 0.810344828499688
}