{
    "alpha": {
        "mean": 0.032629866153001785,
        "p50": 0.034454626962542534,
        "p90": 0.03944068364799023
    },
    "entropy": {
        "mean": 1.2131998538970947,
        "p50": 1.2449747323989868,
        "p90": 1.3461328506469727
    },
    "gate_entropy": {
        "mean": 0.8751905560493469,
        "p50": 0.8982167840003967,
        "p90": 0.9711659371852875
    },
    "ttt_lr_scale": {
        "mean": 0.07920126616954803,
        "p50": 0.08374188467860222,
        "p90": 0.0944134958088398
    },
    "ttt_effective_base_lr": {
        "mean": 0.007920126430690289,
        "p50": 0.00837418856099248,
        "p90": 0.009441350027918816
    },
    "clip_ratio": {
        "mean": 0.9482758641242981,
        "p50": 1.0,
        "p90": 1.0
    },
    "conv_norm_pre": {
        "mean": 31.85420799255371,
        "p50": 31.860309600830078,
        "p90": 35.43418922424317
    },
    "conv_norm_post": {
        "mean": 33.54819107055664,
        "p50": 33.55557441711426,
        "p90": 37.317456054687504
    },
    "alpha_entropy_pearson_r": 0.921384704316176,
    "group_attn_weights": {
        "mean": [
            0.3305851221084595,
            0.3298487961292267,
            0.33956605195999146
        ],
        "std": [
            0.00046729424502700567,
            0.00041326365317218006,
            0.0005359466886147857
        ]
    },
    "group_attn_gamma_last": 0.15956556797027588,
    "group_attn_temperature_last": 0.49998533725738525
}