{
    "alpha": {
        "mean": 0.01742951013147831,
        "p50": 0.026234806515276432,
        "p90": 0.03380576707422733
    },
    "entropy": {
        "mean": 0.9656128883361816,
        "p50": 1.0455350279808044,
        "p90": 1.2302395343780517
    },
    "gate_entropy": {
        "mean": 0.6964092254638672,
        "p50": 0.7531785070896149,
        "p90": 0.8880132019519806
    },
    "ttt_lr_scale": {
        "mean": 0.04280119389295578,
        "p50": 0.06541567668318748,
        "p90": 0.08232893347740174
    },
    "ttt_effective_base_lr": {
        "mean": 0.00428011966869235,
        "p50": 0.00654156762175262,
        "p90": 0.00823289379477501
    },
    "clip_ratio": {
        "mean": 0.568965494632721,
        "p50": 1.0,
        "p90": 1.0
    },
    "conv_norm_pre": {
        "mean": 28.479694366455078,
        "p50": 27.734227180480957,
        "p90": 35.169015121459964
    },
    "conv_norm_post": {
        "mean": 30.156923294067383,
        "p50": 29.36655616760254,
        "p90": 37.2401538848877
    },
    "alpha_entropy_pearson_r": 0.8926164376126836,
    "group_attn_weights": {
        "mean": [
            0.3273366093635559,
            0.33300068974494934,
            0.33966273069381714
        ],
        "std": [
            0.00017546881281305104,
            0.0001918625639518723,
            0.00015473997336812317
        ]
    },
    "group_attn_gamma_last": 0.176532581448555,
    "group_attn_temperature_last": 0.49997591972351074
}