{
    "alpha": {
        "mean": 0.033246368169784546,
        "p50": 0.035811616107821465,
        "p90": 0.040301742032170296
    },
    "entropy": {
        "mean": 1.2244786024093628,
        "p50": 1.2740586400032043,
        "p90": 1.362584149837494
    },
    "gate_entropy": {
        "mean": 0.8833127021789551,
        "p50": 0.9189901649951935,
        "p90": 0.9829101741313935
    },
    "ttt_lr_scale": {
        "mean": 0.08052647858858109,
        "p50": 0.08667859062552452,
        "p90": 0.09622438102960587
    },
    "ttt_effective_base_lr": {
        "mean": 0.008052646182477474,
        "p50": 0.008667859248816967,
        "p90": 0.009622438158839942
    },
    "clip_ratio": {
        "mean": 0.47413793206214905,
        "p50": 0.5,
        "p90": 0.5
    },
    "conv_norm_pre": {
        "mean": 25.339550018310547,
        "p50": 24.777392387390137,
        "p90": 27.521829986572268
    },
    "conv_norm_post": {
        "mean": 26.864749908447266,
        "p50": 26.26865291595459,
        "p90": 29.178210258483887
    },
    "alpha_entropy_pearson_r": 0.9752933877780914,
    "group_attn_weights": {
        "mean": [
            0.33227527141571045,
            0.33306267857551575,
            0.3346621096134186
        ],
        "std": [
            0.00014783727237954736,
            0.000153104163473472,
            0.00011127907782793045
        ]
    },
    "group_attn_gamma_last": 0.1805766075849533,
    "group_attn_temperature_last": 0.500006377696991
}