{
    "alpha": {
        "mean": 0.03247314319014549,
        "p50": 0.03407497890293598,
        "p90": 0.03947705328464508
    },
    "entropy": {
        "mean": 1.2162938117980957,
        "p50": 1.2369879484176636,
        "p90": 1.3469314575195312
    },
    "gate_entropy": {
        "mean": 0.8774443864822388,
        "p50": 0.8922692537307739,
        "p90": 0.9716776192188263
    },
    "ttt_lr_scale": {
        "mean": 0.07885926216840744,
        "p50": 0.08291587233543396,
        "p90": 0.09449061527848245
    },
    "ttt_effective_base_lr": {
        "mean": 0.007885926403105259,
        "p50": 0.008291587233543396,
        "p90": 0.00944906184449792
    },
    "clip_ratio": {
        "mean": 0.0,
        "p50": 0.0,
        "p90": 0.0
    },
    "conv_norm_pre": {
        "mean": 20.384008407592773,
        "p50": 20.07393169403076,
        "p90": 23.332193183898926
    },
    "conv_norm_post": {
        "mean": 21.847089767456055,
        "p50": 21.513728141784668,
        "p90": 25.023132705688475
    },
    "alpha_entropy_pearson_r": 0.9301888812078529,
    "group_attn_weights": {
        "mean": [
            0.3504781723022461,
            0.32139110565185547,
            0.32813066244125366
        ],
        "std": [
            0.0002127053594449535,
            0.00010507998376851901,
            0.00010825576464412734
        ]
    },
    "group_attn_gamma_last": 0.21516411006450653,
    "group_attn_temperature_last": 0.49993908405303955
}