{
    "alpha": {
        "mean": 0.01700666733086109,
        "p50": 0.024707073345780373,
        "p90": 0.03673194572329522
    },
    "entropy": {
        "mean": 0.9473208785057068,
        "p50": 0.9998047947883606,
        "p90": 1.2929453015327455
    },
    "gate_entropy": {
        "mean": 0.6834120750427246,
        "p50": 0.7215455770492554,
        "p90": 0.9326320588588716
    },
    "ttt_lr_scale": {
        "mean": 0.041591595858335495,
        "p50": 0.061904026195406914,
        "p90": 0.08865515291690827
    },
    "ttt_effective_base_lr": {
        "mean": 0.004159159492701292,
        "p50": 0.00619040266610682,
        "p90": 0.008865515235811474
    },
    "clip_ratio": {
        "mean": 0.5344827771186829,
        "p50": 1.0,
        "p90": 1.0
    },
    "conv_norm_pre": {
        "mean": 27.146013259887695,
        "p50": 26.609911918640137,
        "p90": 31.729997253417974
    },
    "conv_norm_post": {
        "mean": 28.751035690307617,
        "p50": 28.18226909637451,
        "p90": 33.60647048950196
    },
    "alpha_entropy_pearson_r": 0.9073958378789512,
    "group_attn_weights": {
        "mean": [
            0.33420175313949585,
            0.32941436767578125,
            0.33638378977775574
        ],
        "std": [
            0.00011492434714455158,
            9.432692604605108e-05,
            0.00012845342280343175
        ]
    },
    "group_attn_gamma_last": 0.17740167677402496,
    "group_attn_temperature_last": 0.499988853931427
}