{
    "alpha": {
        "mean": 0.03381931036710739,
        "p50": 0.035321829840540886,
        "p90": 0.03988261856138706
    },
    "entropy": {
        "mean": 1.2315465211868286,
        "p50": 1.2636992931365967,
        "p90": 1.3546539545059204
    },
    "gate_entropy": {
        "mean": 0.8885481357574463,
        "p50": 0.9115780889987946,
        "p90": 0.977229505777359
    },
    "ttt_lr_scale": {
        "mean": 0.08208844065666199,
        "p50": 0.08562147244811058,
        "p90": 0.09534438401460647
    },
    "ttt_effective_base_lr": {
        "mean": 0.008208844810724258,
        "p50": 0.008562147617340088,
        "p90": 0.009534438326954841
    },
    "clip_ratio": {
        "mean": 0.47413793206214905,
        "p50": 0.5,
        "p90": 0.5
    },
    "conv_norm_pre": {
        "mean": 24.7692813873291,
        "p50": 24.449109077453613,
        "p90": 28.244820404052735
    },
    "conv_norm_post": {
        "mean": 26.331809997558594,
        "p50": 25.991435050964355,
        "p90": 30.026058578491213
    },
    "alpha_entropy_pearson_r": 0.9515229419286487,
    "group_attn_weights": {
        "mean": [
            0.33013346791267395,
            0.3343336284160614,
            0.33553287386894226
        ],
        "std": [
            4.313240424380638e-05,
            2.736630085564684e-05,
            3.653260864666663e-05
        ]
    },
    "group_attn_gamma_last": 0.18929992616176605,
    "group_attn_temperature_last": 0.4999985098838806
}