{
    "alpha": {
        "mean": 0.024534782394766808,
        "p50": 0.03047572635114193,
        "p90": 0.03869989700615406
    },
    "entropy": {
        "mean": 1.0832499265670776,
        "p50": 1.155355453491211,
        "p90": 1.3327028512954713
    },
    "gate_entropy": {
        "mean": 0.7815263867378235,
        "p50": 0.8326043486595154,
        "p90": 0.9608940422534943
    },
    "ttt_lr_scale": {
        "mean": 0.05977857485413551,
        "p50": 0.07498796656727791,
        "p90": 0.09284882768988609
    },
    "ttt_effective_base_lr": {
        "mean": 0.005977857857942581,
        "p50": 0.007498796796426177,
        "p90": 0.009284882806241512
    },
    "clip_ratio": {
        "mean": 0.568965494632721,
        "p50": 0.5,
        "p90": 1.0
    },
    "conv_norm_pre": {
        "mean": 27.197147369384766,
        "p50": 27.013291358947754,
        "p90": 31.8323112487793
    },
    "conv_norm_post": {
        "mean": 28.838634490966797,
        "p50": 28.643778800964355,
        "p90": 33.75357093811035
    },
    "alpha_entropy_pearson_r": 0.9658678664131772,
    "group_attn_weights": {
        "mean": [
            0.3319791257381439,
            0.33352118730545044,
            0.33449968695640564
        ],
        "std": [
            5.892170520382933e-05,
            0.00012367588351480663,
            0.00010361028398619965
        ]
    },
    "group_attn_gamma_last": 0.18108327686786652,
    "group_attn_temperature_last": 0.5000014305114746
}