{
    "alpha": {
        "mean": 0.010318784974515438,
        "p50": 0.0,
        "p90": 0.030881275609135634
    },
    "entropy": {
        "mean": 0.8948354125022888,
        "p50": 0.8840458691120148,
        "p90": 1.163595795631409
    },
    "gate_entropy": {
        "mean": 0.645497739315033,
        "p50": 0.6377043128013611,
        "p90": 0.8394687712192537
    },
    "ttt_lr_scale": {
        "mean": 0.025500470772385597,
        "p50": 0.0,
        "p90": 0.0758853577077389
    },
    "ttt_effective_base_lr": {
        "mean": 0.0025500471238046885,
        "p50": 0.0,
        "p90": 0.007588535826653244
    },
    "clip_ratio": {
        "mean": 0.12931033968925476,
        "p50": 0.0,
        "p90": 0.6500000000000021
    },
    "conv_norm_pre": {
        "mean": 28.070301055908203,
        "p50": 27.295427322387695,
        "p90": 32.249763107299806
    },
    "conv_norm_post": {
        "mean": 29.693130493164062,
        "p50": 28.872159004211426,
        "p90": 34.11305618286133
    },
    "alpha_entropy_pearson_r": 0.8645271255280155,
    "group_attn_weights": {
        "mean": [
            0.327653169631958,
            0.34088581800460815,
            0.33146095275878906
        ],
        "std": [
            0.00016299335402436554,
            0.00029429738060571253,
            0.00016187420987989753
        ]
    },
    "group_attn_gamma_last": 0.1734435111284256,
    "group_attn_temperature_last": 0.500000536441803
}