{
    "entropy": {
        "mean": 0.1493600308895111,
        "p50": 0.109834223985672,
        "p90": 0.2681865334510803
    }
}