{
    "entropy": {
        "mean": 0.17711618542671204,
        "p50": 0.09379731118679047,
        "p90": 0.4258859157562255
    }
}