{
    "entropy": {
        "mean": 0.32134929299354553,
        "p50": 0.17045113444328308,
        "p90": 0.9238519549369811
    }
}