{
    "entropy": {
        "mean": 0.10200746357440948,
        "p50": 0.07075423374772072,
        "p90": 0.21533185243606567
    }
}