{
    "entropy": {
        "mean": 0.3826904594898224,
        "p50": 0.26183080673217773,
        "p90": 0.852170306444168
    }
}