{
    "entropy": {
        "mean": 0.3036932647228241,
        "p50": 0.17150212824344635,
        "p90": 0.8608452975749968
    }
}