{
    "entropy": {
        "mean": 0.2021067589521408,
        "p50": 0.11561434715986252,
        "p90": 0.5166760027408598
    }
}