{
    "entropy": {
        "mean": 0.27653732895851135,
        "p50": 0.1391087844967842,
        "p90": 0.7191885888576507
    }
}