{
    "entropy": {
        "mean": 0.243056058883667,
        "p50": 0.19716840982437134,
        "p90": 0.5741974651813506
    }
}