{
    "entropy": {
        "mean": 0.3495791554450989,
        "p50": 0.2230205461382866,
        "p90": 0.9124301195144652
    }
}