{
    "entropy": {
        "mean": 0.4387016296386719,
        "p50": 0.3325257897377014,
        "p90": 0.9216598093509671
    }
}