{
    "entropy": {
        "mean": 0.2619556784629822,
        "p50": 0.14312343299388885,
        "p90": 0.8010272443294524
    }
}