{
    "entropy": {
        "mean": 0.1810411512851715,
        "p50": 0.1338641196489334,
        "p90": 0.3436684399843215
    }
}