{
    "entropy": {
        "mean": 0.19271406531333923,
        "p50": 0.11796382069587708,
        "p90": 0.45665627717971796
    }
}