{
    "Subject_1": 0.8999999761581421,
    "Subject_2": 0.8374999761581421,
    "Subject_3": 0.9750000238418579,
    "Subject_4": 1.0,
    "Subject_5": 1.0,
    "Subject_6": 0.956250011920929,
    "Subject_7": 0.8687499761581421,
    "Subject_8": 0.9624999761581421,
    "Subject_9": 1.0,
    "Subject_10": 0.949999988079071,
    "Subject_11": 0.925000011920929,
    "Subject_12": 0.987500011920929,
    "Subject_13": 0.8999999761581421,
    "Subject_14": 0.75,
    "Average": 0.9294642806053162
}