{
    "alpha": {
        "mean": 0.02733035758137703,
        "p50": 0.029298977926373482,
        "p90": 0.03405496701598167
    },
    "entropy": {
        "mean": 1.1924958229064941,
        "p50": 1.2378946542739868,
        "p90": 1.3221386075019836
    },
    "gate_entropy": {
        "mean": 1.1925238370895386,
        "p50": 1.238260567188263,
        "p90": 1.3223402380943299
    },
    "ttt_lr_scale": {
        "mean": 0.06364954262971878,
        "p50": 0.06819804385304451,
        "p90": 0.07746168151497841
    },
    "ttt_effective_base_lr": {
        "mean": 0.003182476619258523,
        "p50": 0.0034099023323506117,
        "p90": 0.0038730840431526305
    },
    "clip_ratio": {
        "mean": 0.0,
        "p50": 0.0,
        "p90": 0.0
    },
    "conv_norm_pre": {
        "mean": 26.4047908782959,
        "p50": 25.9049072265625,
        "p90": 29.763701629638675
    },
    "conv_norm_post": {
        "mean": 27.998680114746094,
        "p50": 27.45765209197998,
        "p90": 31.581760025024415
    },
    "alpha_entropy_pearson_r": 0.9840843545721665,
    "group_attn_weights": {
        "mean": [
            0.3565954267978668,
            0.3176535367965698,
            0.3257509768009186
        ],
        "std": [
            0.0009903396712616086,
            0.00045190678793005645,
            0.0005549948546104133
        ]
    },
    "group_attn_gamma_last": 0.1808934509754181,
    "group_attn_temperature_last": 0.49970805644989014
}