{
    "alpha": {
        "mean": 0.02883121743798256,
        "p50": 0.03110950719565153,
        "p90": 0.03585133254528046
    },
    "entropy": {
        "mean": 1.2264925241470337,
        "p50": 1.2716619372367859,
        "p90": 1.3514723539352418
    },
    "gate_entropy": {
        "mean": 1.2265070676803589,
        "p50": 1.2716028690338135,
        "p90": 1.3514332056045533
    },
    "ttt_lr_scale": {
        "mean": 0.06667287647724152,
        "p50": 0.07177521288394928,
        "p90": 0.0808516949415207
    },
    "ttt_effective_base_lr": {
        "mean": 0.003333644475787878,
        "p50": 0.0035887606209143996,
        "p90": 0.0040425849612802265
    },
    "clip_ratio": {
        "mean": 0.0,
        "p50": 0.0,
        "p90": 0.0
    },
    "conv_norm_pre": {
        "mean": 29.281349182128906,
        "p50": 28.854663848876953,
        "p90": 32.330818557739256
    },
    "conv_norm_post": {
        "mean": 30.876224517822266,
        "p50": 30.425838470458984,
        "p90": 34.09093894958496
    },
    "alpha_entropy_pearson_r": 0.9788228339153874,
    "group_attn_weights": {
        "mean": [
            0.3346915543079376,
            0.3309180438518524,
            0.33439046144485474
        ],
        "std": [
            0.00040029335650615394,
            0.0006325543508864939,
            0.00042960644350387156
        ]
    },
    "group_attn_gamma_last": 0.1633937507867813,
    "group_attn_temperature_last": 0.4999930262565613
}