{
    "alpha": {
        "mean": 0.029757849872112274,
        "p50": 0.030571280978620052,
        "p90": 0.036042824015021326
    },
    "entropy": {
        "mean": 1.2419252395629883,
        "p50": 1.261801540851593,
        "p90": 1.3544062733650208
    },
    "gate_entropy": {
        "mean": 1.2420248985290527,
        "p50": 1.2618733048439026,
        "p90": 1.3544525027275085
    },
    "ttt_lr_scale": {
        "mean": 0.06871052831411362,
        "p50": 0.07071833685040474,
        "p90": 0.08120932057499886
    },
    "ttt_effective_base_lr": {
        "mean": 0.003435526741668582,
        "p50": 0.00353591691236943,
        "p90": 0.004060466215014458
    },
    "clip_ratio": {
        "mean": 0.0,
        "p50": 0.0,
        "p90": 0.0
    },
    "conv_norm_pre": {
        "mean": 23.792524337768555,
        "p50": 23.42876434326172,
        "p90": 26.91188488006592
    },
    "conv_norm_post": {
        "mean": 25.29972267150879,
        "p50": 24.91266918182373,
        "p90": 28.61651496887207
    },
    "alpha_entropy_pearson_r": 0.9828319676158784,
    "group_attn_weights": {
        "mean": [
            0.3312196731567383,
            0.33491843938827515,
            0.33386194705963135
        ],
        "std": [
            4.620884283212945e-05,
            3.90962086385116e-05,
            4.699345663539134e-05
        ]
    },
    "group_attn_gamma_last": 0.1900564283132553,
    "group_attn_temperature_last": 0.5000022649765015
}