{
    "alpha": {
        "mean": 0.01714186742901802,
        "p50": 0.018566429615020752,
        "p90": 0.032387351617217064
    },
    "entropy": {
        "mean": 0.9863787889480591,
        "p50": 0.9907880127429962,
        "p90": 1.2939974188804626
    },
    "gate_entropy": {
        "mean": 0.9864115715026855,
        "p50": 0.9907283782958984,
        "p90": 1.2941136717796327
    },
    "ttt_lr_scale": {
        "mean": 0.040580302476882935,
        "p50": 0.0456177294254303,
        "p90": 0.07426217049360276
    },
    "ttt_effective_base_lr": {
        "mean": 0.0020290149841457605,
        "p50": 0.0022808865178376436,
        "p90": 0.0037131085759028793
    },
    "clip_ratio": {
        "mean": 0.0,
        "p50": 0.0,
        "p90": 0.0
    },
    "conv_norm_pre": {
        "mean": 29.144474029541016,
        "p50": 28.178921699523926,
        "p90": 36.80612831115723
    },
    "conv_norm_post": {
        "mean": 30.833711624145508,
        "p50": 29.812116622924805,
        "p90": 38.9388168334961
    },
    "alpha_entropy_pearson_r": 0.952041009538485,
    "group_attn_weights": {
        "mean": [
            0.32548606395721436,
            0.3350839912891388,
            0.33942997455596924
        ],
        "std": [
            0.00011468637967482209,
            0.000173152337083593,
            0.00011394981993362308
        ]
    },
    "group_attn_gamma_last": 0.17377451062202454,
    "group_attn_temperature_last": 0.49992918968200684
}