{
    "alpha": {
        "mean": 0.02639867551624775,
        "p50": 0.04193434305489063,
        "p90": 0.056168476492166525
    },
    "entropy": {
        "mean": 0.9604344964027405,
        "p50": 0.9844520092010498,
        "p90": 1.3193869829177856
    },
    "gate_entropy": {
        "mean": 0.6951091885566711,
        "p50": 0.7187313437461853,
        "p90": 0.9446892976760864
    },
    "ttt_lr_scale": {
        "mean": 0.06025150418281555,
        "p50": 0.09839540347456932,
        "p90": 0.1265011340379715
    },
    "ttt_effective_base_lr": {
        "mean": 0.006025149952620268,
        "p50": 0.009839540347456932,
        "p90": 0.012650113459676504
    },
    "clip_ratio": {
        "mean": 0.517241358757019,
        "p50": 1.0,
        "p90": 1.0
    },
    "conv_norm_pre": {
        "mean": 30.138473510742188,
        "p50": 29.243261337280273,
        "p90": 37.91572723388672
    },
    "conv_norm_post": {
        "mean": 31.850507736206055,
        "p50": 30.90347957611084,
        "p90": 40.07406158447266
    },
    "alpha_entropy_pearson_r": 0.8823982771649228,
    "group_attn_weights": {
        "mean": [
            0.3251737654209137,
            0.33340170979499817,
            0.34142452478408813
        ],
        "std": [
            0.00019333379168529063,
            0.00028985642711631954,
            0.00020999024854972959
        ]
    },
    "group_attn_gamma_last": 0.17042139172554016,
    "group_attn_temperature_last": 0.49996083974838257
}