{
    "alpha": {
        "mean": 0.04774712771177292,
        "p50": 0.05165513604879379,
        "p90": 0.055705043300986294
    },
    "entropy": {
        "mean": 1.214138150215149,
        "p50": 1.2646781206130981,
        "p90": 1.343887197971344
    },
    "gate_entropy": {
        "mean": 0.875933825969696,
        "p50": 0.9125181436538696,
        "p90": 0.969293349981308
    },
    "ttt_lr_scale": {
        "mean": 0.10949858278036118,
        "p50": 0.11816642060875893,
        "p90": 0.12596611827611923
    },
    "ttt_effective_base_lr": {
        "mean": 0.010949858464300632,
        "p50": 0.011816642247140408,
        "p90": 0.012596611864864826
    },
    "clip_ratio": {
        "mean": 0.9482758641242981,
        "p50": 1.0,
        "p90": 1.0
    },
    "conv_norm_pre": {
        "mean": 30.049060821533203,
        "p50": 29.75798225402832,
        "p90": 33.05044364929199
    },
    "conv_norm_post": {
        "mean": 31.67237663269043,
        "p50": 31.36591625213623,
        "p90": 34.8362377166748
    },
    "alpha_entropy_pearson_r": 0.8648310091493465,
    "group_attn_weights": {
        "mean": [
            0.3361254334449768,
            0.328980028629303,
            0.3348945677280426
        ],
        "std": [
            0.0003997893654741347,
            0.0007094877655617893,
            0.0005099134286865592
        ]
    },
    "group_attn_gamma_last": 0.162058025598526,
    "group_attn_temperature_last": 0.4999908208847046
}