{
    "alpha": {
        "mean": 0.040360227227211,
        "p50": 0.05157026648521423,
        "p90": 0.06145009659230709
    },
    "entropy": {
        "mean": 1.0959120988845825,
        "p50": 1.116328239440918,
        "p90": 1.3226702690124512
    },
    "gate_entropy": {
        "mean": 0.7920975685119629,
        "p50": 0.8076221346855164,
        "p90": 0.9563115000724792
    },
    "ttt_lr_scale": {
        "mean": 0.09040152281522751,
        "p50": 0.1170208528637886,
        "p90": 0.13564480990171432
    },
    "ttt_effective_base_lr": {
        "mean": 0.00904015265405178,
        "p50": 0.011702085379511118,
        "p90": 0.013564480934292078
    },
    "clip_ratio": {
        "mean": 0.7241379022598267,
        "p50": 1.0,
        "p90": 1.0
    },
    "conv_norm_pre": {
        "mean": 25.950057983398438,
        "p50": 25.931147575378418,
        "p90": 30.462570381164557
    },
    "conv_norm_post": {
        "mean": 27.577560424804688,
        "p50": 27.557351112365723,
        "p90": 32.37293376922608
    },
    "alpha_entropy_pearson_r": 0.8891229357206373,
    "group_attn_weights": {
        "mean": [
            0.3312011659145355,
            0.3347875475883484,
            0.33401140570640564
        ],
        "std": [
            4.6116343582980335e-05,
            8.09569246484898e-05,
            3.748426752281375e-05
        ]
    },
    "group_attn_gamma_last": 0.18821583688259125,
    "group_attn_temperature_last": 0.49999260902404785
}