{
    "alpha": {
        "mean": 0.01957514137029648,
        "p50": 0.0,
        "p90": 0.049355882033705716
    },
    "entropy": {
        "mean": 0.9158640503883362,
        "p50": 0.9454346001148224,
        "p90": 1.1439438104629516
    },
    "gate_entropy": {
        "mean": 0.6607140898704529,
        "p50": 0.6819868981838226,
        "p90": 0.8247166574001312
    },
    "ttt_lr_scale": {
        "mean": 0.04512680694460869,
        "p50": 0.0,
        "p90": 0.1132118470966816
    },
    "ttt_effective_base_lr": {
        "mean": 0.004512681160122156,
        "p50": 0.0,
        "p90": 0.011321184877306224
    },
    "clip_ratio": {
        "mean": 0.7068965435028076,
        "p50": 0.5,
        "p90": 1.0
    },
    "conv_norm_pre": {
        "mean": 28.97128677368164,
        "p50": 27.89329242706299,
        "p90": 34.57054901123047
    },
    "conv_norm_post": {
        "mean": 30.6652774810791,
        "p50": 29.526315689086914,
        "p90": 36.59628524780274
    },
    "alpha_entropy_pearson_r": 0.8202617167306453,
    "group_attn_weights": {
        "mean": [
            0.3275747001171112,
            0.3427136540412903,
            0.3297116458415985
        ],
        "std": [
            0.00012438047269824892,
            0.0002003576810238883,
            0.00015859057020861655
        ]
    },
    "group_attn_gamma_last": 0.17554765939712524,
    "group_attn_temperature_last": 0.49999409914016724
}