{
    "alpha": {
        "mean": 0.050724294036626816,
        "p50": 0.05751854181289673,
        "p90": 0.06239916235208511
    },
    "entropy": {
        "mean": 1.1841561794281006,
        "p50": 1.2354506254196167,
        "p90": 1.3285964846611023
    },
    "gate_entropy": {
        "mean": 0.8560035228729248,
        "p50": 0.8883627355098724,
        "p90": 0.9588601231575012
    },
    "ttt_lr_scale": {
        "mean": 0.11289583891630173,
        "p50": 0.1281745731830597,
        "p90": 0.13718866407871247
    },
    "ttt_effective_base_lr": {
        "mean": 0.011289585381746292,
        "p50": 0.012817457783967257,
        "p90": 0.013718866277486086
    },
    "clip_ratio": {
        "mean": 0.8793103694915771,
        "p50": 1.0,
        "p90": 1.0
    },
    "conv_norm_pre": {
        "mean": 24.507143020629883,
        "p50": 23.98886489868164,
        "p90": 28.42679958343506
    },
    "conv_norm_post": {
        "mean": 26.076923370361328,
        "p50": 25.50645923614502,
        "p90": 30.289191246032715
    },
    "alpha_entropy_pearson_r": 0.9008331395284764,
    "group_attn_weights": {
        "mean": [
            0.36148062348365784,
            0.3199840784072876,
            0.31853535771369934
        ],
        "std": [
            0.0009608918335288763,
            0.0004880142514593899,
            0.0004769364313688129
        ]
    },
    "group_attn_gamma_last": 0.1916060447692871,
    "group_attn_temperature_last": 0.49962618947029114
}