{
    "alpha": {
        "mean": 0.016880406066775322,
        "p50": 0.0,
        "p90": 0.05359322875738145
    },
    "entropy": {
        "mean": 0.853344738483429,
        "p50": 0.8437873423099518,
        "p90": 1.299587714672089
    },
    "gate_entropy": {
        "mean": 0.6161189675331116,
        "p50": 0.6086638867855072,
        "p90": 0.9422384798526765
    },
    "ttt_lr_scale": {
        "mean": 0.038839831948280334,
        "p50": 0.0,
        "p90": 0.12190726175904275
    },
    "ttt_effective_base_lr": {
        "mean": 0.003883983241394162,
        "p50": 0.0,
        "p90": 0.012190726120024921
    },
    "clip_ratio": {
        "mean": 0.3448275923728943,
        "p50": 0.0,
        "p90": 1.0
    },
    "conv_norm_pre": {
        "mean": 31.14306640625,
        "p50": 30.413601875305176,
        "p90": 36.98266181945801
    },
    "conv_norm_post": {
        "mean": 32.814571380615234,
        "p50": 32.046443939208984,
        "p90": 38.97116966247559
    },
    "alpha_entropy_pearson_r": 0.8532400349982743,
    "group_attn_weights": {
        "mean": [
            0.3339340090751648,
            0.3279063105583191,
            0.3381597399711609
        ],
        "std": [
            0.00033819698728621006,
            0.00045108137419447303,
            0.0004365698841866106
        ]
    },
    "group_attn_gamma_last": 0.16115756332874298,
    "group_attn_temperature_last": 0.4999779462814331
}