{
    "alpha": {
        "mean": 0.0655074194073677,
        "p50": 0.06767182424664497,
        "p90": 0.07114251926541329
    },
    "entropy": {
        "mean": 1.2532705068588257,
        "p50": 1.2803907990455627,
        "p90": 1.3521281242370606
    },
    "gate_entropy": {
        "mean": 0.9048693180084229,
        "p50": 0.9255146980285645,
        "p90": 0.9758514046669007
    },
    "ttt_lr_scale": {
        "mean": 0.1408575475215912,
        "p50": 0.14520305395126343,
        "p90": 0.15125808566808702
    },
    "ttt_effective_base_lr": {
        "mean": 0.014085753820836544,
        "p50": 0.014520305674523115,
        "p90": 0.015125808771699667
    },
    "clip_ratio": {
        "mean": 0.0,
        "p50": 0.0,
        "p90": 0.0
    },
    "conv_norm_pre": {
        "mean": 19.282711029052734,
        "p50": 19.128392219543457,
        "p90": 21.705671119689942
    },
    "conv_norm_post": {
        "mean": 20.71055030822754,
        "p50": 20.544774055480957,
        "p90": 23.31270236968994
    },
    "alpha_entropy_pearson_r": 0.7615425922310153,
    "group_attn_weights": {
        "mean": [
            0.3318464159965515,
            0.33283835649490356,
            0.3353152573108673
        ],
        "std": [
            5.32993180968333e-06,
            3.7489746773644583e-06,
            2.6417969820613507e-06
        ]
    },
    "group_attn_gamma_last": 0.22206062078475952,
    "group_attn_temperature_last": 0.4999953508377075
}