{
    "alpha": {
        "mean": 0.04646052420139313,
        "p50": 0.04964502155780792,
        "p90": 0.054858938232064246
    },
    "entropy": {
        "mean": 1.202557921409607,
        "p50": 1.229239284992218,
        "p90": 1.3346622943878175
    },
    "gate_entropy": {
        "mean": 0.8677769899368286,
        "p50": 0.8879280388355255,
        "p90": 0.9623631119728089
    },
    "ttt_lr_scale": {
        "mean": 0.10675578564405441,
        "p50": 0.11426801234483719,
        "p90": 0.12439435496926307
    },
    "ttt_effective_base_lr": {
        "mean": 0.010675580240786076,
        "p50": 0.011426801327615976,
        "p90": 0.012439435813575983
    },
    "clip_ratio": {
        "mean": 0.931034505367279,
        "p50": 1.0,
        "p90": 1.0
    },
    "conv_norm_pre": {
        "mean": 31.712909698486328,
        "p50": 31.40963840484619,
        "p90": 35.564137649536136
    },
    "conv_norm_post": {
        "mean": 33.4137077331543,
        "p50": 33.093441009521484,
        "p90": 37.471740341186525
    },
    "alpha_entropy_pearson_r": 0.8954548432186132,
    "group_attn_weights": {
        "mean": [
            0.3303740322589874,
            0.3292156755924225,
            0.3404102623462677
        ],
        "std": [
            0.00034705744474194944,
            0.000456571375252679,
            0.0005734363803640008
        ]
    },
    "group_attn_gamma_last": 0.16087017953395844,
    "group_attn_temperature_last": 0.5000223517417908
}