{
    "alpha": {
        "mean": 0.03457314893603325,
        "p50": 0.04716162011027336,
        "p90": 0.058720434084534645
    },
    "entropy": {
        "mean": 1.014939308166504,
        "p50": 1.0108394026756287,
        "p90": 1.2720288991928101
    },
    "gate_entropy": {
        "mean": 0.7329186201095581,
        "p50": 0.7331929504871368,
        "p90": 0.9176328539848327
    },
    "ttt_lr_scale": {
        "mean": 0.07840533554553986,
        "p50": 0.10839163139462471,
        "p90": 0.1306268557906151
    },
    "ttt_effective_base_lr": {
        "mean": 0.0078405337408185,
        "p50": 0.010839163325726986,
        "p90": 0.013062685448676347
    },
    "clip_ratio": {
        "mean": 0.6724137663841248,
        "p50": 1.0,
        "p90": 1.0
    },
    "conv_norm_pre": {
        "mean": 23.62701988220215,
        "p50": 23.3927583694458,
        "p90": 28.85162391662598
    },
    "conv_norm_post": {
        "mean": 25.10918617248535,
        "p50": 24.8605318069458,
        "p90": 30.661233711242676
    },
    "alpha_entropy_pearson_r": 0.8238027526540845,
    "group_attn_weights": {
        "mean": [
            0.33280205726623535,
            0.33576706051826477,
            0.33143100142478943
        ],
        "std": [
            4.3719566747313365e-05,
            0.0001116849307436496,
            0.00010929548443527892
        ]
    },
    "group_attn_gamma_last": 0.18818266689777374,
    "group_attn_temperature_last": 0.4999898672103882
}