{
    "Subject_1": 0.8448275923728943,
    "Subject_2": 0.7241379022598267,
    "Subject_3": 0.8965517282485962,
    "Subject_4": 0.7068965435028076,
    "Subject_5": 0.7758620977401733,
    "Subject_6": 0.8793103694915771,
    "Subject_7": 0.9655172228813171,
    "Subject_8": 0.8103448152542114,
    "Subject_9": 0.8448275923728943,
    "Average": 0.827586207124922
}