{
    "alpha": {
        "mean": 0.0,
        "p50": 0.0,
        "p90": 0.0
    },
    "entropy": {
        "mean": 0.8360532522201538,
        "p50": 0.9568207561969757,
        "p90": 1.1676967144012451
    },
    "clip_ratio": {
        "mean": 0.0,
        "p50": 0.0,
        "p90": 0.0
    },
    "conv_norm_pre": {
        "mean": 16.82268714904785,
        "p50": 15.852437496185303,
        "p90": 21.973568153381347
    },
    "conv_norm_post": {
        "mean": 18.074207305908203,
        "p50": 17.0300235748291,
        "p90": 23.61190528869629
    },
    "alpha_entropy_pearson_r": null,
    "group_attn_weights": {
        "mean": [
            0.32657063007354736,
            0.34007325768470764,
            0.3333560824394226
        ],
        "std": [
            1.3124137694831006e-05,
            2.252115518786013e-05,
            9.89977070275927e-06
        ]
    },
    "group_attn_gamma_last": 0.22342389822006226,
    "group_attn_temperature_last": 0.5000119209289551
}