{
    "alpha": {
        "mean": 0.0,
        "p50": 0.0,
        "p90": 0.0
    },
    "entropy": {
        "mean": 0.9648364782333374,
        "p50": 0.9683288633823395,
        "p90": 1.0953638553619385
    },
    "clip_ratio": {
        "mean": 0.0,
        "p50": 0.0,
        "p90": 0.0
    },
    "conv_norm_pre": {
        "mean": 2.587520122528076,
        "p50": 2.425941228866577,
        "p90": 2.9253296375274656
    },
    "conv_norm_post": {
        "mean": 2.889397382736206,
        "p50": 2.7090789079666138,
        "p90": 3.267128300666809
    },
    "alpha_entropy_pearson_r": null,
    "group_attn_weights": {
        "mean": [
            0.32866936922073364,
            0.3334721326828003,
            0.3378600478172302
        ],
        "std": [
            7.450580596923828e-07,
            5.662441253662109e-07,
            2.682209014892578e-07
        ]
    },
    "group_attn_gamma_last": 0.3531370162963867,
    "group_attn_temperature_last": 0.4999982714653015
}