{
    "alpha": {
        "mean": 0.0,
        "p50": 0.0,
        "p90": 0.0
    },
    "entropy": {
        "mean": 0.9974561929702759,
        "p50": 1.015273928642273,
        "p90": 1.2487114310264587
    },
    "clip_ratio": {
        "mean": 0.0,
        "p50": 0.0,
        "p90": 0.0
    },
    "conv_norm_pre": {
        "mean": 6.264588832855225,
        "p50": 5.706103563308716,
        "p90": 9.205968666076659
    },
    "conv_norm_post": {
        "mean": 6.906904697418213,
        "p50": 6.292068719863892,
        "p90": 10.149671173095703
    },
    "alpha_entropy_pearson_r": null,
    "group_attn_weights": {
        "mean": [
            0.33502304553985596,
            0.335544615983963,
            0.32943230867385864
        ],
        "std": [
            5.656997927871998e-07,
            0.0,
            5.364418029785156e-07
        ]
    },
    "group_attn_gamma_last": 0.3075973689556122,
    "group_attn_temperature_last": 0.4999650716781616
}