{
    "alpha": {
        "mean": 0.0,
        "p50": 0.0,
        "p90": 0.0
    },
    "entropy": {
        "mean": 0.9067032933235168,
        "p50": 0.8878070414066315,
        "p90": 1.169866943359375
    },
    "clip_ratio": {
        "mean": 0.0,
        "p50": 0.0,
        "p90": 0.0
    },
    "conv_norm_pre": {
        "mean": 18.234405517578125,
        "p50": 17.94969654083252,
        "p90": 22.517288780212404
    },
    "conv_norm_post": {
        "mean": 19.534873962402344,
        "p50": 19.23090362548828,
        "p90": 24.12163734436035
    },
    "alpha_entropy_pearson_r": null,
    "group_attn_weights": {
        "mean": [
            0.33090940117836,
            0.33161455392837524,
            0.33747583627700806
        ],
        "std": [
            4.509002610575408e-05,
            2.0392100850585848e-05,
            2.993953603436239e-05
        ]
    },
    "group_attn_gamma_last": 0.21406041085720062,
    "group_attn_temperature_last": 0.49996399879455566
}