{
    "alpha": {
        "mean": 0.0,
        "p50": 0.0,
        "p90": 0.0
    },
    "entropy": {
        "mean": 1.0141000747680664,
        "p50": 1.0363397598266602,
        "p90": 1.240920853614807
    },
    "clip_ratio": {
        "mean": 0.0,
        "p50": 0.0,
        "p90": 0.0
    },
    "conv_norm_pre": {
        "mean": 10.182785034179688,
        "p50": 9.016977787017822,
        "p90": 16.215454292297363
    },
    "conv_norm_post": {
        "mean": 11.092137336730957,
        "p50": 9.828418254852295,
        "p90": 17.654669761657715
    },
    "alpha_entropy_pearson_r": null,
    "group_attn_weights": {
        "mean": [
            0.3246176838874817,
            0.34723979234695435,
            0.3281435966491699
        ],
        "std": [
            4.6104588591333595e-07,
            7.957589787110919e-07,
            5.847780357726151e-07
        ]
    },
    "group_attn_gamma_last": 0.26833057403564453,
    "group_attn_temperature_last": 0.4998861849308014
}