{
    "alpha": {
        "mean": 0.0,
        "p50": 0.0,
        "p90": 0.0
    },
    "entropy": {
        "mean": 0.8806294202804565,
        "p50": 0.8724973797798157,
        "p90": 1.0764116406440734
    },
    "clip_ratio": {
        "mean": 0.0,
        "p50": 0.0,
        "p90": 0.0
    },
    "conv_norm_pre": {
        "mean": 9.1988525390625,
        "p50": 8.872359275817871,
        "p90": 12.060531711578369
    },
    "conv_norm_post": {
        "mean": 10.084754943847656,
        "p50": 9.729297161102295,
        "p90": 13.22703800201416
    },
    "alpha_entropy_pearson_r": null,
    "group_attn_weights": {
        "mean": [
            0.32663494348526,
            0.3338887393474579,
            0.33947673439979553
        ],
        "std": [
            9.052409382093174e-07,
            4.891747380497691e-07,
            6.076084559936135e-07
        ]
    },
    "group_attn_gamma_last": 0.28910428285598755,
    "group_attn_temperature_last": 0.4998824894428253
}