{
    "alpha": {
        "mean": 0.0,
        "p50": 0.0,
        "p90": 0.0
    },
    "entropy": {
        "mean": 1.0178989171981812,
        "p50": 1.025664746761322,
        "p90": 1.1876290917396546
    },
    "clip_ratio": {
        "mean": 0.0,
        "p50": 0.0,
        "p90": 0.0
    },
    "conv_norm_pre": {
        "mean": 10.426234245300293,
        "p50": 9.872200012207031,
        "p90": 13.725932312011718
    },
    "conv_norm_post": {
        "mean": 11.502694129943848,
        "p50": 10.903025150299072,
        "p90": 15.164533042907713
    },
    "alpha_entropy_pearson_r": null,
    "group_attn_weights": {
        "mean": [
            0.3346557319164276,
            0.314548522233963,
            0.35079577565193176
        ],
        "std": [
            2.0722795568417496e-07,
            1.7632865478844906e-07,
            2.7375181232969226e-08
        ]
    },
    "group_attn_gamma_last": 0.31066569685935974,
    "group_attn_temperature_last": 0.4999160170555115
}