{
    "alpha": {
        "mean": 0.0,
        "p50": 0.0,
        "p90": 0.0
    },
    "entropy": {
        "mean": 1.065342903137207,
        "p50": 1.033756971359253,
        "p90": 1.2418229937553404
    },
    "clip_ratio": {
        "mean": 0.0,
        "p50": 0.0,
        "p90": 0.0
    },
    "conv_norm_pre": {
        "mean": 8.022941589355469,
        "p50": 7.1436896324157715,
        "p90": 11.473876667022704
    },
    "conv_norm_post": {
        "mean": 8.894038200378418,
        "p50": 7.911913156509399,
        "p90": 12.71701545715332
    },
    "alpha_entropy_pearson_r": null,
    "group_attn_weights": {
        "mean": [
            0.3271055221557617,
            0.3291247487068176,
            0.34376928210258484
        ],
        "std": [
            3.943321473798278e-07,
            4.76837158203125e-07,
            3.8743019104003906e-07
        ]
    },
    "group_attn_gamma_last": 0.32284241914749146,
    "group_attn_temperature_last": 0.4998861849308014
}