{
    "alpha": {
        "mean": 0.0,
        "p50": 0.0,
        "p90": 0.0
    },
    "entropy": {
        "mean": 0.9268388748168945,
        "p50": 0.9374741911888123,
        "p90": 1.2174621939659118
    },
    "clip_ratio": {
        "mean": 0.0,
        "p50": 0.0,
        "p90": 0.0
    },
    "conv_norm_pre": {
        "mean": 10.70383358001709,
        "p50": 10.881657123565674,
        "p90": 13.578812313079833
    },
    "conv_norm_post": {
        "mean": 11.78201961517334,
        "p50": 11.977246284484863,
        "p90": 14.946251392364502
    },
    "alpha_entropy_pearson_r": null,
    "group_attn_weights": {
        "mean": [
            0.34264352917671204,
            0.328549325466156,
            0.3288077712059021
        ],
        "std": [
            3.2782554626464844e-07,
            8.940696716308594e-08,
            3.8743019104003906e-07
        ]
    },
    "group_attn_gamma_last": 0.3059697151184082,
    "group_attn_temperature_last": 0.4999910593032837
}