{
    "alpha": {
        "mean": 0.0,
        "p50": 0.0,
        "p90": 0.0
    },
    "entropy": {
        "mean": 0.872113823890686,
        "p50": 0.889813095331192,
        "p90": 1.1860346794128418
    },
    "clip_ratio": {
        "mean": 0.0,
        "p50": 0.0,
        "p90": 0.0
    },
    "conv_norm_pre": {
        "mean": 12.200674057006836,
        "p50": 12.399376392364502,
        "p90": 15.196338939666747
    },
    "conv_norm_post": {
        "mean": 13.3148832321167,
        "p50": 13.533044338226318,
        "p90": 16.58194980621338
    },
    "alpha_entropy_pearson_r": null,
    "group_attn_weights": {
        "mean": [
            0.3318546414375305,
            0.3300866186618805,
            0.3380587100982666
        ],
        "std": [
            5.364418029785156e-07,
            1.1920928955078125e-07,
            4.470348358154297e-07
        ]
    },
    "group_attn_gamma_last": 0.27328363060951233,
    "group_attn_temperature_last": 0.49994122982025146
}