{
    "alpha": {
        "mean": 0.0,
        "p50": 0.0,
        "p90": 0.0
    },
    "entropy": {
        "mean": 0.9797677993774414,
        "p50": 1.0279157161712646,
        "p90": 1.3369805097579956
    },
    "clip_ratio": {
        "mean": 0.0,
        "p50": 0.0,
        "p90": 0.0
    },
    "conv_norm_pre": {
        "mean": 11.915203094482422,
        "p50": 11.85702896118164,
        "p90": 14.630148696899413
    },
    "conv_norm_post": {
        "mean": 12.969541549682617,
        "p50": 12.904337882995605,
        "p90": 15.932015419006348
    },
    "alpha_entropy_pearson_r": null,
    "group_attn_weights": {
        "mean": [
            0.31220442056655884,
            0.33749181032180786,
            0.350303590297699
        ],
        "std": [
            2.1133922700755647e-07,
            4.0565657855040627e-07,
            5.3577394965032e-07
        ]
    },
    "group_attn_gamma_last": 0.26341331005096436,
    "group_attn_temperature_last": 0.49983149766921997
}