{
    "alpha": {
        "mean": 0.0,
        "p50": 0.0,
        "p90": 0.0
    },
    "entropy": {
        "mean": 0.9244855642318726,
        "p50": 0.9114075601100922,
        "p90": 1.0385192275047301
    },
    "clip_ratio": {
        "mean": 0.0,
        "p50": 0.0,
        "p90": 0.0
    },
    "conv_norm_pre": {
        "mean": 10.879464149475098,
        "p50": 10.604022979736328,
        "p90": 14.319519424438477
    },
    "conv_norm_post": {
        "mean": 11.83975887298584,
        "p50": 11.54302167892456,
        "p90": 15.589847660064697
    },
    "alpha_entropy_pearson_r": null,
    "group_attn_weights": {
        "mean": [
            0.3411824107170105,
            0.3261055648326874,
            0.3327121436595917
        ],
        "std": [
            1.190299190056976e-05,
            5.891625733056571e-06,
            6.006993316987064e-06
        ]
    },
    "group_attn_gamma_last": 0.2645651400089264,
    "group_attn_temperature_last": 0.49989762902259827
}