{
    "alpha": {
        "mean": 0.0,
        "p50": 0.0,
        "p90": 0.0
    },
    "entropy": {
        "mean": 0.9497030377388,
        "p50": 1.0061196088790894,
        "p90": 1.1761189579963682
    },
    "clip_ratio": {
        "mean": 0.0,
        "p50": 0.0,
        "p90": 0.0
    },
    "conv_norm_pre": {
        "mean": 10.254536628723145,
        "p50": 9.731364250183105,
        "p90": 13.64992389678955
    },
    "conv_norm_post": {
        "mean": 11.241094589233398,
        "p50": 10.663880825042725,
        "p90": 14.966256523132325
    },
    "alpha_entropy_pearson_r": null,
    "group_attn_weights": {
        "mean": [
            0.3275493383407593,
            0.329463928937912,
            0.3429867625236511
        ],
        "std": [
            5.715959900953749e-07,
            7.979429028637242e-08,
            5.201817998568004e-07
        ]
    },
    "group_attn_gamma_last": 0.28580570220947266,
    "group_attn_temperature_last": 0.4998791515827179
}