{
    "alpha": {
        "mean": 0.0,
        "p50": 0.0,
        "p90": 0.0
    },
    "entropy": {
        "mean": 1.0478891134262085,
        "p50": 1.0812836289405823,
        "p90": 1.2972405910491942
    },
    "clip_ratio": {
        "mean": 0.0,
        "p50": 0.0,
        "p90": 0.0
    },
    "conv_norm_pre": {
        "mean": 5.3185906410217285,
        "p50": 4.550991058349609,
        "p90": 8.44999771118164
    },
    "conv_norm_post": {
        "mean": 5.925530910491943,
        "p50": 5.070223808288574,
        "p90": 9.414323997497558
    },
    "alpha_entropy_pearson_r": null,
    "group_attn_weights": {
        "mean": [
            0.34093767404556274,
            0.32961922883987427,
            0.3294445872306824
        ],
        "std": [
            4.470348358154297e-07,
            5.662441253662109e-07,
            4.76837158203125e-07
        ]
    },
    "group_attn_gamma_last": 0.34600237011909485,
    "group_attn_temperature_last": 0.49998408555984497
}