{
    "Subject_1": 0.793749988079071,
    "Subject_2": 0.75,
    "Subject_3": 0.7562500238418579,
    "Subject_4": 0.981249988079071,
    "Subject_5": 0.981249988079071,
    "Subject_6": 0.800000011920929,
    "Subject_7": 0.668749988079071,
    "Subject_8": 0.7437499761581421,
    "Subject_9": 0.96875,
    "Subject_10": 0.8500000238418579,
    "Subject_11": 0.71875,
    "Subject_12": 0.887499988079071,
    "Subject_13": 0.75,
    "Subject_14": 0.7250000238418579,
    "Average": 0.8125
}