{
    "alpha": {
        "mean": 0.013120940886437893,
        "p50": 0.017606870271265507,
        "p90": 0.023917892388999464
    },
    "entropy": {
        "mean": 1.0988012552261353,
        "p50": 1.1620990633964539,
        "p90": 1.3272519707679749
    },
    "gate_entropy": {
        "mean": 1.0988364219665527,
        "p50": 1.1622599363327026,
        "p90": 1.3269633650779724
    },
    "ttt_lr_scale": {
        "mean": 0.03182557597756386,
        "p50": 0.04347267374396324,
        "p90": 0.05718205459415913
    },
    "ttt_effective_base_lr": {
        "mean": 0.001591278938576579,
        "p50": 0.0021736337803304195,
        "p90": 0.0028591027716174723
    },
    "clip_ratio": {
        "mean": 0.0,
        "p50": 0.0,
        "p90": 0.0
    },
    "conv_norm_pre": {
        "mean": 26.774333953857422,
        "p50": 26.441425323486328,
        "p90": 31.680945205688477
    },
    "conv_norm_post": {
        "mean": 28.40304946899414,
        "p50": 28.049978256225586,
        "p90": 33.608248519897465
    },
    "alpha_entropy_pearson_r": 0.9059280614325654,
    "group_attn_weights": {
        "mean": [
            0.3340418040752411,
            0.3325309753417969,
            0.3334272503852844
        ],
        "std": [
            8.918827370507643e-05,
            0.00012121167674195021,
            0.00011040954996133223
        ]
    },
    "group_attn_gamma_last": 0.18249131739139557,
    "group_attn_temperature_last": 0.4999932050704956
}