{
    "alpha": {
        "mean": 0.0073934802785515785,
        "p50": 0.0,
        "p90": 0.01903538033366204
    },
    "entropy": {
        "mean": 0.9636425971984863,
        "p50": 0.9746657907962799,
        "p90": 1.2038090825080874
    },
    "gate_entropy": {
        "mean": 0.9636480808258057,
        "p50": 0.9746657907962799,
        "p90": 1.2038220643997193
    },
    "ttt_lr_scale": {
        "mean": 0.018269283697009087,
        "p50": 0.0,
        "p90": 0.046653088554739965
    },
    "ttt_effective_base_lr": {
        "mean": 0.0009134641732089221,
        "p50": 0.0,
        "p90": 0.0023326544556766756
    },
    "clip_ratio": {
        "mean": 0.0,
        "p50": 0.0,
        "p90": 0.0
    },
    "conv_norm_pre": {
        "mean": 27.810440063476562,
        "p50": 26.9795503616333,
        "p90": 32.37407684326172
    },
    "conv_norm_post": {
        "mean": 29.41888427734375,
        "p50": 28.537373542785645,
        "p90": 34.2447395324707
    },
    "alpha_entropy_pearson_r": 0.8736005516564035,
    "group_attn_weights": {
        "mean": [
            0.3296668529510498,
            0.33921366930007935,
            0.33111944794654846
        ],
        "std": [
            0.0002503092400729656,
            0.0003358219109941274,
            0.0001784547494025901
        ]
    },
    "group_attn_gamma_last": 0.1734517365694046,
    "group_attn_temperature_last": 0.4999975562095642
}