{
    "alpha": {
        "mean": 0.007536490447819233,
        "p50": 0.0,
        "p90": 0.020526231825351716
    },
    "entropy": {
        "mean": 0.9760123491287231,
        "p50": 0.9747921228408813,
        "p90": 1.244508194923401
    },
    "gate_entropy": {
        "mean": 0.9760520458221436,
        "p50": 0.9747921228408813,
        "p90": 1.2443967580795288
    },
    "ttt_lr_scale": {
        "mean": 0.01851489208638668,
        "p50": 0.0,
        "p90": 0.04992640800774097
    },
    "ttt_effective_base_lr": {
        "mean": 0.0009257445926778018,
        "p50": 0.0,
        "p90": 0.002496320498175919
    },
    "clip_ratio": {
        "mean": 0.0,
        "p50": 0.0,
        "p90": 0.0
    },
    "conv_norm_pre": {
        "mean": 26.593015670776367,
        "p50": 26.28987979888916,
        "p90": 32.22654266357422
    },
    "conv_norm_post": {
        "mean": 28.167003631591797,
        "p50": 27.845690727233887,
        "p90": 34.13497695922852
    },
    "alpha_entropy_pearson_r": 0.8389850698502537,
    "group_attn_weights": {
        "mean": [
            0.33284053206443787,
            0.33526962995529175,
            0.3318898379802704
        ],
        "std": [
            9.185354429064319e-05,
            0.00027235597372055054,
            0.00025058319442905486
        ]
    },
    "group_attn_gamma_last": 0.1775403618812561,
    "group_attn_temperature_last": 0.5000107288360596
}