{
    "Subject_1": 0.800000011920929,
    "Subject_2": 0.7749999761581421,
    "Subject_3": 0.75,
    "Subject_4": 1.0,
    "Subject_5": 0.726190447807312,
    "Subject_6": 0.875,
    "Subject_7": 0.8999999761581421,
    "Subject_8": 0.7840909361839294,
    "Subject_9": 0.7875000238418579,
    "Average": 0.8219757080078125
}