{
    "alpha": {
        "mean": 0.029971951618790627,
        "p50": 0.03538161516189575,
        "p90": 0.04784442633390427
    },
    "entropy": {
        "mean": 1.0987441539764404,
        "p50": 1.1626761555671692,
        "p90": 1.3279757261276246
    },
    "gate_entropy": {
        "mean": 1.0988364219665527,
        "p50": 1.1622599363327026,
        "p90": 1.3269633650779724
    },
    "ttt_lr_scale": {
        "mean": 0.07158209383487701,
        "p50": 0.08574308454990387,
        "p90": 0.11169039756059647
    },
    "ttt_effective_base_lr": {
        "mean": 0.003579104784876108,
        "p50": 0.004287154413759708,
        "p90": 0.005584519868716597
    },
    "clip_ratio": {
        "mean": 0.0,
        "p50": 0.0,
        "p90": 0.0
    },
    "conv_norm_pre": {
        "mean": 26.774333953857422,
        "p50": 26.441425323486328,
        "p90": 31.680945205688477
    },
    "conv_norm_post": {
        "mean": 28.40304946899414,
        "p50": 28.049978256225586,
        "p90": 33.608248519897465
    },
    "alpha_entropy_pearson_r": 0.9681630338967695,
    "group_attn_weights": {
        "mean": [
            0.3340418040752411,
            0.3325309753417969,
            0.3334272503852844
        ],
        "std": [
            8.918827370507643e-05,
            0.00012121167674195021,
            0.00011040954996133223
        ]
    },
    "group_attn_gamma_last": 0.18249131739139557,
    "group_attn_temperature_last": 0.4999932050704956
}