{
    "alpha": {
        "mean": 0.017392659559845924,
        "p50": 0.020825606770813465,
        "p90": 0.029320682026445867
    },
    "entropy": {
        "mean": 1.0879478454589844,
        "p50": 1.1519359946250916,
        "p90": 1.3391216635704042
    },
    "gate_entropy": {
        "mean": 1.0879606008529663,
        "p50": 1.152023732662201,
        "p90": 1.3386718511581421
    },
    "ttt_lr_scale": {
        "mean": 0.041485659778118134,
        "p50": 0.050574105232954025,
        "p90": 0.0682413324713707
    },
    "ttt_effective_base_lr": {
        "mean": 0.002074283082038164,
        "p50": 0.0025287052849307656,
        "p90": 0.0034120667027309538
    },
    "clip_ratio": {
        "mean": 0.0,
        "p50": 0.0,
        "p90": 0.0
    },
    "conv_norm_pre": {
        "mean": 27.49929428100586,
        "p50": 27.286919593811035,
        "p90": 32.788234329223634
    },
    "conv_norm_post": {
        "mean": 29.17206573486328,
        "p50": 28.946746826171875,
        "p90": 34.782691192626956
    },
    "alpha_entropy_pearson_r": 0.9600848487228316,
    "group_attn_weights": {
        "mean": [
            0.33345669507980347,
            0.3335927128791809,
            0.3329506516456604
        ],
        "std": [
            5.418615182861686e-05,
            0.00013916105672251433,
            0.00011106149759143591
        ]
    },
    "group_attn_gamma_last": 0.18249188363552094,
    "group_attn_temperature_last": 0.499997615814209
}