{
    "alpha": {
        "mean": 0.3658662736415863,
        "p50": 0.3874884247779846,
        "p90": 0.42755305767059326
    },
    "entropy": {
        "mean": 1.216092586517334,
        "p50": 1.2672331929206848,
        "p90": 1.3524941682815552
    },
    "gate_entropy": {
        "mean": 1.2188236713409424,
        "p50": 1.2710589170455933,
        "p90": 1.3540775179862976
    },
    "ttt_lr_scale": {
        "mean": 0.6065118908882141,
        "p50": 0.6323048770427704,
        "p90": 0.669991672039032
    },
    "ttt_effective_base_lr": {
        "mean": 0.6065118908882141,
        "p50": 0.6323048770427704,
        "p90": 0.669991672039032
    },
    "clip_ratio": {
        "mean": 1.0,
        "p50": 1.0,
        "p90": 1.0
    },
    "conv_norm_pre": {
        "mean": 27.95197868347168,
        "p50": 27.51487636566162,
        "p90": 31.840769958496093
    },
    "conv_norm_post": {
        "mean": 29.55179786682129,
        "p50": 29.0900297164917,
        "p90": 33.66108856201172
    },
    "alpha_entropy_pearson_r": 0.9956740610858403,
    "group_attn_weights": {
        "mean": [
            0.3297622501850128,
            0.3306129276752472,
            0.3396247923374176
        ],
        "std": [
            9.451445657759905e-05,
            0.00021455783280543983,
            0.00019575368787627667
        ]
    },
    "group_attn_gamma_last": 0.17168816924095154,
    "group_attn_temperature_last": 0.4999839663505554
}