{
    "alpha": {
        "mean": 0.24321772158145905,
        "p50": 0.2347026988863945,
        "p90": 0.34724463820457463
    },
    "entropy": {
        "mean": 0.9150170683860779,
        "p50": 0.9105958342552185,
        "p90": 1.1779564380645753
    },
    "gate_entropy": {
        "mean": 0.9160341024398804,
        "p50": 0.9090254604816437,
        "p90": 1.1843862652778627
    },
    "ttt_lr_scale": {
        "mean": 0.45922204852104187,
        "p50": 0.4546379894018173,
        "p90": 0.5911542892456055
    },
    "ttt_effective_base_lr": {
        "mean": 0.45922204852104187,
        "p50": 0.4546379894018173,
        "p90": 0.5911542892456055
    },
    "clip_ratio": {
        "mean": 1.0,
        "p50": 1.0,
        "p90": 1.0
    },
    "conv_norm_pre": {
        "mean": 27.31957244873047,
        "p50": 26.72942352294922,
        "p90": 31.502361869812013
    },
    "conv_norm_post": {
        "mean": 28.9000186920166,
        "p50": 28.273097038269043,
        "p90": 33.321858215332036
    },
    "alpha_entropy_pearson_r": 0.9942403689048647,
    "group_attn_weights": {
        "mean": [
            0.32917457818984985,
            0.33994153141975403,
            0.3308838903903961
        ],
        "std": [
            0.00015675211034249514,
            0.00027729119756259024,
            0.00020363372459542006
        ]
    },
    "group_attn_gamma_last": 0.1734527349472046,
    "group_attn_temperature_last": 0.4999767541885376
}