{
    "alpha": {
        "mean": 0.34058552980422974,
        "p50": 0.3659627437591553,
        "p90": 0.4163407444953919
    },
    "entropy": {
        "mean": 1.1561651229858398,
        "p50": 1.2234733700752258,
        "p90": 1.3289250373840333
    },
    "gate_entropy": {
        "mean": 1.1567639112472534,
        "p50": 1.2252119183540344,
        "p90": 1.3310888886451722
    },
    "ttt_lr_scale": {
        "mean": 0.5763436555862427,
        "p50": 0.6107400059700012,
        "p90": 0.6597455501556396
    },
    "ttt_effective_base_lr": {
        "mean": 0.5763436555862427,
        "p50": 0.6107400059700012,
        "p90": 0.6597455501556396
    },
    "clip_ratio": {
        "mean": 1.0,
        "p50": 1.0,
        "p90": 1.0
    },
    "conv_norm_pre": {
        "mean": 30.650470733642578,
        "p50": 30.107312202453613,
        "p90": 34.39037208557129
    },
    "conv_norm_post": {
        "mean": 32.40727996826172,
        "p50": 31.827383041381836,
        "p90": 36.40478858947754
    },
    "alpha_entropy_pearson_r": 0.9964347106928155,
    "group_attn_weights": {
        "mean": [
            0.3616788387298584,
            0.3148432672023773,
            0.3234778046607971
        ],
        "std": [
            0.002712576650083065,
            0.0013026493834331632,
            0.001446651411242783
        ]
    },
    "group_attn_gamma_last": 0.171039879322052,
    "group_attn_temperature_last": 0.49976325035095215
}