{
    "alpha": {
        "mean": 0.29005298018455505,
        "p50": 0.28890928626060486,
        "p90": 0.37839408516883855
    },
    "entropy": {
        "mean": 1.0380476713180542,
        "p50": 1.0477736592292786,
        "p90": 1.2563694715499878
    },
    "gate_entropy": {
        "mean": 1.0395197868347168,
        "p50": 1.0496563911437988,
        "p90": 1.2518086791038514
    },
    "ttt_lr_scale": {
        "mean": 0.5195723176002502,
        "p50": 0.5248078107833862,
        "p90": 0.6233060240745545
    },
    "ttt_effective_base_lr": {
        "mean": 0.5195723176002502,
        "p50": 0.5248078107833862,
        "p90": 0.6233060240745545
    },
    "clip_ratio": {
        "mean": 1.0,
        "p50": 1.0,
        "p90": 1.0
    },
    "conv_norm_pre": {
        "mean": 26.03636360168457,
        "p50": 25.34687328338623,
        "p90": 31.922339057922365
    },
    "conv_norm_post": {
        "mean": 27.583507537841797,
        "p50": 26.852746963500977,
        "p90": 33.81944313049316
    },
    "alpha_entropy_pearson_r": 0.9950545826674253,
    "group_attn_weights": {
        "mean": [
            0.33349329233169556,
            0.33505913615226746,
            0.3314474821090698
        ],
        "std": [
            9.692489402368665e-05,
            0.0004003671056125313,
            0.00036957176052965224
        ]
    },
    "group_attn_gamma_last": 0.17824460566043854,
    "group_attn_temperature_last": 0.5000032782554626
}