{
    "alpha": {
        "mean": 0.3558425009250641,
        "p50": 0.37420856952667236,
        "p90": 0.40918262004852296
    },
    "entropy": {
        "mean": 1.1959952116012573,
        "p50": 1.2413097023963928,
        "p90": 1.3147859811782836
    },
    "gate_entropy": {
        "mean": 1.1978682279586792,
        "p50": 1.2428964972496033,
        "p90": 1.3163269639015198
    },
    "ttt_lr_scale": {
        "mean": 0.5965003967285156,
        "p50": 0.6191141605377197,
        "p90": 0.6530907392501831
    },
    "ttt_effective_base_lr": {
        "mean": 0.5965003967285156,
        "p50": 0.6191141605377197,
        "p90": 0.6530907392501831
    },
    "clip_ratio": {
        "mean": 1.0,
        "p50": 1.0,
        "p90": 1.0
    },
    "conv_norm_pre": {
        "mean": 29.85734748840332,
        "p50": 29.458792686462402,
        "p90": 32.5165512084961
    },
    "conv_norm_post": {
        "mean": 31.496421813964844,
        "p50": 31.075644493103027,
        "p90": 34.302066040039065
    },
    "alpha_entropy_pearson_r": 0.9981543468990226,
    "group_attn_weights": {
        "mean": [
            0.33571523427963257,
            0.3309081494808197,
            0.33337661623954773
        ],
        "std": [
            0.0003301723627373576,
            0.00043726779404096305,
            0.00029406853718683124
        ]
    },
    "group_attn_gamma_last": 0.16472052037715912,
    "group_attn_temperature_last": 0.4999798536300659
}