{
    "alpha": {
        "mean": 0.37160903215408325,
        "p50": 0.3795364499092102,
        "p90": 0.41925451159477234
    },
    "entropy": {
        "mean": 1.2310765981674194,
        "p50": 1.247393012046814,
        "p90": 1.3348658442497254
    },
    "gate_entropy": {
        "mean": 1.233787178993225,
        "p50": 1.2542393207550049,
        "p90": 1.337082529067993
    },
    "ttt_lr_scale": {
        "mean": 0.6138373613357544,
        "p50": 0.6244484782218933,
        "p90": 0.6624349057674408
    },
    "ttt_effective_base_lr": {
        "mean": 0.6138373613357544,
        "p50": 0.6244484782218933,
        "p90": 0.6624349057674408
    },
    "clip_ratio": {
        "mean": 0.9568965435028076,
        "p50": 1.0,
        "p90": 1.0
    },
    "conv_norm_pre": {
        "mean": 23.949695587158203,
        "p50": 23.74195957183838,
        "p90": 26.784874153137206
    },
    "conv_norm_post": {
        "mean": 25.467313766479492,
        "p50": 25.246166229248047,
        "p90": 28.482355690002443
    },
    "alpha_entropy_pearson_r": 0.998099647646129,
    "group_attn_weights": {
        "mean": [
            0.3292196989059448,
            0.336031049489975,
            0.3347492516040802
        ],
        "std": [
            4.840444671572186e-05,
            4.521054870565422e-05,
            4.173911293037236e-05
        ]
    },
    "group_attn_gamma_last": 0.1900603026151657,
    "group_attn_temperature_last": 0.5000063180923462
}