{
    "alpha": {
        "mean": 0.23836655914783478,
        "p50": 0.22527242451906204,
        "p90": 0.3983446329832077
    },
    "entropy": {
        "mean": 0.869672954082489,
        "p50": 0.8711125552654266,
        "p90": 1.2882457971572878
    },
    "gate_entropy": {
        "mean": 0.8714163303375244,
        "p50": 0.8823533952236176,
        "p90": 1.2938019275665285
    },
    "ttt_lr_scale": {
        "mean": 0.4415556490421295,
        "p50": 0.44145144522190094,
        "p90": 0.6428056955337524
    },
    "ttt_effective_base_lr": {
        "mean": 0.4415556490421295,
        "p50": 0.44145144522190094,
        "p90": 0.6428056955337524
    },
    "clip_ratio": {
        "mean": 1.0,
        "p50": 1.0,
        "p90": 1.0
    },
    "conv_norm_pre": {
        "mean": 28.608036041259766,
        "p50": 27.89457607269287,
        "p90": 33.4603141784668
    },
    "conv_norm_post": {
        "mean": 30.2470760345459,
        "p50": 29.491066932678223,
        "p90": 35.37823905944825
    },
    "alpha_entropy_pearson_r": 0.9911181001491213,
    "group_attn_weights": {
        "mean": [
            0.3319944441318512,
            0.3302402198314667,
            0.3377654552459717
        ],
        "std": [
            8.580933354096487e-05,
            0.00017489169840700924,
            0.00018029866623692214
        ]
    },
    "group_attn_gamma_last": 0.17187628149986267,
    "group_attn_temperature_last": 0.5000059008598328
}