{
    "alpha": {
        "mean": 0.2559747099876404,
        "p50": 0.24773741513490677,
        "p90": 0.4002310007810593
    },
    "entropy": {
        "mean": 0.9308521747589111,
        "p50": 0.9617373049259186,
        "p90": 1.2879743814468385
    },
    "gate_entropy": {
        "mean": 0.9333630204200745,
        "p50": 0.9446220397949219,
        "p90": 1.297738564014435
    },
    "ttt_lr_scale": {
        "mean": 0.46923935413360596,
        "p50": 0.4723403751850128,
        "p90": 0.6446140766143799
    },
    "ttt_effective_base_lr": {
        "mean": 0.46923935413360596,
        "p50": 0.4723403751850128,
        "p90": 0.6446140766143799
    },
    "clip_ratio": {
        "mean": 1.0,
        "p50": 1.0,
        "p90": 1.0
    },
    "conv_norm_pre": {
        "mean": 28.802709579467773,
        "p50": 27.883889198303223,
        "p90": 36.12124519348145
    },
    "conv_norm_post": {
        "mean": 30.484033584594727,
        "p50": 29.50846576690674,
        "p90": 38.23263015747071
    },
    "alpha_entropy_pearson_r": 0.9904585504304406,
    "group_attn_weights": {
        "mean": [
            0.32749855518341064,
            0.3333430886268616,
            0.3391582667827606
        ],
        "std": [
            9.486612543696538e-05,
            0.00010575274063739926,
            0.00013102346565574408
        ]
    },
    "group_attn_gamma_last": 0.17521649599075317,
    "group_attn_temperature_last": 0.4999946355819702
}