{
    "alpha": {
        "mean": 0.3213232159614563,
        "p50": 0.32696354389190674,
        "p90": 0.42209697365760807
    },
    "entropy": {
        "mean": 1.102260708808899,
        "p50": 1.145175278186798,
        "p90": 1.3382160782814025
    },
    "gate_entropy": {
        "mean": 1.108880639076233,
        "p50": 1.1390211582183838,
        "p90": 1.3429072618484497
    },
    "ttt_lr_scale": {
        "mean": 0.5532041192054749,
        "p50": 0.569065511226654,
        "p90": 0.6650283098220825
    },
    "ttt_effective_base_lr": {
        "mean": 0.5532041192054749,
        "p50": 0.569065511226654,
        "p90": 0.6650283098220825
    },
    "clip_ratio": {
        "mean": 1.0,
        "p50": 1.0,
        "p90": 1.0
    },
    "conv_norm_pre": {
        "mean": 26.990093231201172,
        "p50": 26.701417922973633,
        "p90": 32.199261856079104
    },
    "conv_norm_post": {
        "mean": 28.63192367553711,
        "p50": 28.325672149658203,
        "p90": 34.157937622070314
    },
    "alpha_entropy_pearson_r": 0.9953029190689977,
    "group_attn_weights": {
        "mean": [
            0.3332270383834839,
            0.33312875032424927,
            0.33364415168762207
        ],
        "std": [
            4.054481541970745e-05,
            0.0001217284589074552,
            0.00010177552758250386
        ]
    },
    "group_attn_gamma_last": 0.18249766528606415,
    "group_attn_temperature_last": 0.4999953508377075
}