{
    "Subject_1": 0.8793103694915771,
    "Subject_2": 0.7413793206214905,
    "Subject_3": 0.8620689511299133,
    "Subject_4": 0.7758620977401733,
    "Subject_5": 0.6896551847457886,
    "Subject_6": 0.8103448152542114,
    "Subject_7": 0.9482758641242981,
    "Subject_8": 0.8965517282485962,
    "Subject_9": 0.7931034564971924,
    "Average": 0.821839087539249
}