{
    "alpha": {
        "mean": 0.0373302660882473,
        "p50": 0.037330277264118195,
        "p90": 0.03733032941818237
    },
    "entropy": {
        "mean": 1.2173656225204468,
        "p50": 1.2617748379707336,
        "p90": 1.3513610243797303
    },
    "clip_ratio": {
        "mean": 0.0,
        "p50": 0.0,
        "p90": 0.0
    },
    "conv_norm_pre": {
        "mean": 23.209678649902344,
        "p50": 22.84225082397461,
        "p90": 26.274067115783694
    },
    "conv_norm_post": {
        "mean": 24.727460861206055,
        "p50": 24.335041046142578,
        "p90": 27.99338779449463
    },
    "alpha_entropy_pearson_r": 0.2750288310264089,
    "group_attn_weights": {
        "mean": [
            0.3369050920009613,
            0.328346848487854,
            0.3347479999065399
        ],
        "std": [
            5.546613101614639e-05,
            3.239694342482835e-05,
            3.091588587267324e-05
        ]
    },
    "group_attn_gamma_last": 0.19624055922031403
}