{
    "alpha": {
        "mean": 0.029994027689099312,
        "p50": 0.029994476586580276,
        "p90": 0.029998035915195943
    },
    "entropy": {
        "mean": 0.8513398766517639,
        "p50": 0.8693037927150726,
        "p90": 1.2711536049842835
    },
    "clip_ratio": {
        "mean": 0.0,
        "p50": 0.0,
        "p90": 0.0
    },
    "conv_norm_pre": {
        "mean": 31.796184539794922,
        "p50": 31.31717300415039,
        "p90": 37.80243110656739
    },
    "conv_norm_post": {
        "mean": 33.50425338745117,
        "p50": 32.999481201171875,
        "p90": 39.833586120605474
    },
    "alpha_entropy_pearson_r": -0.06808393181858671,
    "group_attn_weights": {
        "mean": [
            0.3332165777683258,
            0.3323889970779419,
            0.3343944549560547
        ],
        "std": [
            0.00012813833018299192,
            0.0002549815981183201,
            0.00019441283075138927
        ]
    },
    "group_attn_gamma_last": 0.161166250705719
}