{
    "alpha": {
        "mean": 0.030264532193541527,
        "p50": 0.030264471657574177,
        "p90": 0.030266337841749192
    },
    "entropy": {
        "mean": 1.1808018684387207,
        "p50": 1.2404438257217407,
        "p90": 1.3356046080589294
    },
    "clip_ratio": {
        "mean": 0.0,
        "p50": 0.0,
        "p90": 0.0
    },
    "conv_norm_pre": {
        "mean": 31.57278823852539,
        "p50": 31.384443283081055,
        "p90": 35.28450393676758
    },
    "conv_norm_post": {
        "mean": 33.286617279052734,
        "p50": 33.088191986083984,
        "p90": 37.19934196472168
    },
    "alpha_entropy_pearson_r": 0.13101932789046053,
    "group_attn_weights": {
        "mean": [
            0.3326006233692169,
            0.33264920115470886,
            0.33475014567375183
        ],
        "std": [
            0.00028655430651269853,
            0.00020263282931409776,
            0.00021067605121061206
        ]
    },
    "group_attn_gamma_last": 0.16285380721092224
}