{
    "alpha": {
        "mean": 0.03432542085647583,
        "p50": 0.034325411543250084,
        "p90": 0.034325581043958664
    },
    "entropy": {
        "mean": 1.250449299812317,
        "p50": 1.2799293398857117,
        "p90": 1.356415116786957
    },
    "clip_ratio": {
        "mean": 0.0,
        "p50": 0.0,
        "p90": 0.0
    },
    "conv_norm_pre": {
        "mean": 26.194107055664062,
        "p50": 25.747363090515137,
        "p90": 28.587735366821292
    },
    "conv_norm_post": {
        "mean": 27.7823543548584,
        "p50": 27.308249473571777,
        "p90": 30.321046447753908
    },
    "alpha_entropy_pearson_r": 0.12298827181554814,
    "group_attn_weights": {
        "mean": [
            0.33454665541648865,
            0.332005113363266,
            0.3334483504295349
        ],
        "std": [
            6.216216570464894e-05,
            0.0001093911996576935,
            6.699544610455632e-05
        ]
    },
    "group_attn_gamma_last": 0.18197476863861084
}