{
    "alpha": {
        "mean": 0.032533034682273865,
        "p50": 0.03253304213285446,
        "p90": 0.032533275336027144
    },
    "entropy": {
        "mean": 0.9160887002944946,
        "p50": 0.8843106031417847,
        "p90": 1.1744863271713257
    },
    "clip_ratio": {
        "mean": 0.0,
        "p50": 0.0,
        "p90": 0.0
    },
    "conv_norm_pre": {
        "mean": 27.19106674194336,
        "p50": 26.600337028503418,
        "p90": 31.624261283874514
    },
    "conv_norm_post": {
        "mean": 28.763355255126953,
        "p50": 28.138797760009766,
        "p90": 33.45363845825195
    },
    "alpha_entropy_pearson_r": -0.32854761347930334,
    "group_attn_weights": {
        "mean": [
            0.3320404589176178,
            0.334808349609375,
            0.33315110206604004
        ],
        "std": [
            0.00012155985314166173,
            0.0002484036376699805,
            0.00014085540897212923
        ]
    },
    "group_attn_gamma_last": 0.17345178127288818
}