{
    "alpha": {
        "mean": 0.03387203440070152,
        "p50": 0.03387213684618473,
        "p90": 0.03387235850095749
    },
    "entropy": {
        "mean": 1.114384651184082,
        "p50": 1.1633617281913757,
        "p90": 1.3328049778938293
    },
    "clip_ratio": {
        "mean": 0.0,
        "p50": 0.0,
        "p90": 0.0
    },
    "conv_norm_pre": {
        "mean": 27.126296997070312,
        "p50": 26.857091903686523,
        "p90": 31.49105491638184
    },
    "conv_norm_post": {
        "mean": 28.750747680664062,
        "p50": 28.465502738952637,
        "p90": 33.37711601257325
    },
    "alpha_entropy_pearson_r": 0.1325674968336832,
    "group_attn_weights": {
        "mean": [
            0.3331136703491211,
            0.3324603736400604,
            0.3344258666038513
        ],
        "std": [
            4.873310899711214e-05,
            8.887941658031195e-05,
            6.768596358597279e-05
        ]
    },
    "group_attn_gamma_last": 0.17967931926250458
}