{
    "alpha": {
        "mean": 0.034786615520715714,
        "p50": 0.03478662297129631,
        "p90": 0.03478682264685631
    },
    "entropy": {
        "mean": 1.0333982706069946,
        "p50": 1.0322560667991638,
        "p90": 1.2706912994384765
    },
    "clip_ratio": {
        "mean": 0.0,
        "p50": 0.0,
        "p90": 0.0
    },
    "conv_norm_pre": {
        "mean": 24.795879364013672,
        "p50": 24.509371757507324,
        "p90": 30.402219581604005
    },
    "conv_norm_post": {
        "mean": 26.31561279296875,
        "p50": 26.01181125640869,
        "p90": 32.26566963195801
    },
    "alpha_entropy_pearson_r": 0.5171428603229488,
    "group_attn_weights": {
        "mean": [
            0.33393192291259766,
            0.3338332772254944,
            0.33223479986190796
        ],
        "std": [
            4.605445428751409e-05,
            9.947907528840005e-05,
            6.235180626390502e-05
        ]
    },
    "group_attn_gamma_last": 0.18388748168945312
}