{
    "alpha": {
        "mean": 0.03604017198085785,
        "p50": 0.03604017198085785,
        "p90": 0.036040214076638225
    },
    "entropy": {
        "mean": 1.232521414756775,
        "p50": 1.2476754784584045,
        "p90": 1.3381162524223327
    },
    "clip_ratio": {
        "mean": 0.0,
        "p50": 0.0,
        "p90": 0.0
    },
    "conv_norm_pre": {
        "mean": 24.81584930419922,
        "p50": 24.349132537841797,
        "p90": 28.018292045593263
    },
    "conv_norm_post": {
        "mean": 26.38817596435547,
        "p50": 25.891651153564453,
        "p90": 29.793663024902344
    },
    "alpha_entropy_pearson_r": 0.11115864528902844,
    "group_attn_weights": {
        "mean": [
            0.33212971687316895,
            0.33493977785110474,
            0.33293044567108154
        ],
        "std": [
            2.8013171686325222e-05,
            2.151147782569751e-05,
            1.8267361156176776e-05
        ]
    },
    "group_attn_gamma_last": 0.1900576651096344
}