{
    "alpha": {
        "mean": 0.0344783179461956,
        "p50": 0.03447837382555008,
        "p90": 0.03447868600487709
    },
    "entropy": {
        "mean": 0.9819522500038147,
        "p50": 1.0377147793769836,
        "p90": 1.2638295650482179
    },
    "clip_ratio": {
        "mean": 0.0,
        "p50": 0.0,
        "p90": 0.0
    },
    "conv_norm_pre": {
        "mean": 26.69272804260254,
        "p50": 25.955588340759277,
        "p90": 33.21176643371582
    },
    "conv_norm_post": {
        "mean": 28.3138427734375,
        "p50": 27.531548500061035,
        "p90": 35.22889022827148
    },
    "alpha_entropy_pearson_r": -0.21560107326573483,
    "group_attn_weights": {
        "mean": [
            0.3328671157360077,
            0.3326301872730255,
            0.334502637386322
        ],
        "std": [
            5.374847023631446e-05,
            6.2091916333884e-05,
            3.1402159947901964e-05
        ]
    },
    "group_attn_gamma_last": 0.1822066307067871
}