{
    "Subject_1": 0.7413793206214905,
    "Subject_2": 0.7586206793785095,
    "Subject_3": 0.8620689511299133,
    "Subject_4": 0.7931034564971924,
    "Subject_5": 0.7758620977401733,
    "Subject_6": 0.8793103694915771,
    "Subject_7": 0.931034505367279,
    "Subject_8": 0.8793103694915771,
    "Subject_9": 0.7931034564971924,
    "Average": 0.823754800690545
}