{
    "Subject_1": 0.7875000238418579,
    "Subject_2": 0.800000011920929,
    "Subject_3": 0.7124999761581421,
    "Subject_4": 0.976190447807312,
    "Subject_5": 0.7023809552192688,
    "Subject_6": 0.8500000238418579,
    "Subject_7": 0.800000011920929,
    "Subject_8": 0.8295454382896423,
    "Subject_9": 0.6875,
    "Average": 0.7939574321111044
}