{
    "alpha": {
        "mean": 0.03190881386399269,
        "p50": 0.03490542992949486,
        "p90": 0.04070471748709679
    },
    "entropy": {
        "mean": 1.223662257194519,
        "p50": 1.2549960017204285,
        "p90": 1.3380500316619872
    },
    "gate_entropy": {
        "mean": 1.2237966060638428,
        "p50": 1.2552006840705872,
        "p90": 1.338323438167572
    },
    "ttt_lr_scale": {
        "mean": 0.07731684297323227,
        "p50": 0.08472020551562309,
        "p90": 0.09706844910979272
    },
    "ttt_effective_base_lr": {
        "mean": 0.003865842241793871,
        "p50": 0.004236010368913412,
        "p90": 0.004853422427549959
    },
    "clip_ratio": {
        "mean": 0.0,
        "p50": 0.0,
        "p90": 0.0
    },
    "conv_norm_pre": {
        "mean": 24.24942398071289,
        "p50": 23.900306701660156,
        "p90": 27.690326118469237
    },
    "conv_norm_post": {
        "mean": 25.82181739807129,
        "p50": 25.449247360229492,
        "p90": 29.485059928894042
    },
    "alpha_entropy_pearson_r": 0.942217091404533,
    "group_attn_weights": {
        "mean": [
            0.3302054703235626,
            0.33403319120407104,
            0.3357613682746887
        ],
        "std": [
            1.9264389266027138e-05,
            2.7541325835045427e-05,
            2.406942621746566e-05
        ]
    },
    "group_attn_gamma_last": 0.1944521814584732,
    "group_attn_temperature_last": 0.499994158744812
}