{
    "alpha": {
        "mean": 0.033495329320430756,
        "p50": 0.035801345482468605,
        "p90": 0.04118024930357933
    },
    "entropy": {
        "mean": 1.2307032346725464,
        "p50": 1.268609344959259,
        "p90": 1.3445277690887452
    },
    "gate_entropy": {
        "mean": 1.230759859085083,
        "p50": 1.2688307166099548,
        "p90": 1.3446455121040344
    },
    "ttt_lr_scale": {
        "mean": 0.08103378117084503,
        "p50": 0.08665629848837852,
        "p90": 0.09806172847747803
    },
    "ttt_effective_base_lr": {
        "mean": 0.004051689058542252,
        "p50": 0.004332815064117312,
        "p90": 0.004903086461126804
    },
    "clip_ratio": {
        "mean": 0.0,
        "p50": 0.0,
        "p90": 0.0
    },
    "conv_norm_pre": {
        "mean": 28.019489288330078,
        "p50": 27.564705848693848,
        "p90": 31.68209915161133
    },
    "conv_norm_post": {
        "mean": 29.622211456298828,
        "p50": 29.14134693145752,
        "p90": 33.49128952026367
    },
    "alpha_entropy_pearson_r": 0.9850515870865374,
    "group_attn_weights": {
        "mean": [
            0.3292996287345886,
            0.3293856978416443,
            0.34131473302841187
        ],
        "std": [
            0.00013610109454020858,
            0.00025197272771038115,
            0.00023535096261184663
        ]
    },
    "group_attn_gamma_last": 0.1716899871826172,
    "group_attn_temperature_last": 0.4999743700027466
}