{
    "alpha": {
        "mean": 0.021868234500288963,
        "p50": 0.029344783164560795,
        "p90": 0.03986315131187439
    },
    "entropy": {
        "mean": 1.0988177061080933,
        "p50": 1.1625686287879944,
        "p90": 1.3277960300445557
    },
    "gate_entropy": {
        "mean": 1.0988364219665527,
        "p50": 1.1622599363327026,
        "p90": 1.3269633650779724
    },
    "ttt_lr_scale": {
        "mean": 0.05304262414574623,
        "p50": 0.07245445251464844,
        "p90": 0.09530341848731042
    },
    "ttt_effective_base_lr": {
        "mean": 0.002652131486684084,
        "p50": 0.003622722695581615,
        "p90": 0.004765170952305197
    },
    "clip_ratio": {
        "mean": 0.0,
        "p50": 0.0,
        "p90": 0.0
    },
    "conv_norm_pre": {
        "mean": 26.774333953857422,
        "p50": 26.441425323486328,
        "p90": 31.680945205688477
    },
    "conv_norm_post": {
        "mean": 28.40304946899414,
        "p50": 28.049978256225586,
        "p90": 33.608248519897465
    },
    "alpha_entropy_pearson_r": 0.9059063179874272,
    "group_attn_weights": {
        "mean": [
            0.3340418040752411,
            0.3325309753417969,
            0.3334272503852844
        ],
        "std": [
            8.918827370507643e-05,
            0.00012121167674195021,
            0.00011040954996133223
        ]
    },
    "group_attn_gamma_last": 0.18249131739139557,
    "group_attn_temperature_last": 0.4999932050704956
}