{
    "alpha": {
        "mean": 0.010117575526237488,
        "p50": 0.0,
        "p90": 0.028517806343734263
    },
    "entropy": {
        "mean": 0.903688907623291,
        "p50": 0.9298554956912994,
        "p90": 1.105086588859558
    },
    "gate_entropy": {
        "mean": 0.6519302129745483,
        "p50": 0.6707489490509033,
        "p90": 0.7973235726356507
    },
    "ttt_lr_scale": {
        "mean": 0.025099128484725952,
        "p50": 0.0,
        "p90": 0.07060036212205886
    },
    "ttt_effective_base_lr": {
        "mean": 0.0025099129416048527,
        "p50": 0.0,
        "p90": 0.007060036389157176
    },
    "clip_ratio": {
        "mean": 0.012500000186264515,
        "p50": 0.0,
        "p90": 0.0
    },
    "conv_norm_pre": {
        "mean": 17.902908325195312,
        "p50": 17.41718578338623,
        "p90": 22.05586051940918
    },
    "conv_norm_post": {
        "mean": 19.194965362548828,
        "p50": 18.67397403717041,
        "p90": 23.64754467010498
    },
    "alpha_entropy_pearson_r": 0.798422969320197,
    "group_attn_weights": {
        "mean": [
            0.32967668771743774,
            0.33613550662994385,
            0.33418792486190796
        ],
        "std": [
            2.1338899387046695e-05,
            2.6674275432014838e-05,
            4.691228605224751e-05
        ]
    },
    "group_attn_gamma_last": 0.21662451326847076,
    "group_attn_temperature_last": 0.49994051456451416
}