{
    "alpha": {
        "mean": 0.01787029765546322,
        "p50": 0.02556239441037178,
        "p90": 0.031476112082600594
    },
    "entropy": {
        "mean": 1.0200386047363281,
        "p50": 1.0222285389900208,
        "p90": 1.1764547109603882
    },
    "gate_entropy": {
        "mean": 0.7362926602363586,
        "p50": 0.739492267370224,
        "p90": 0.8498149454593658
    },
    "ttt_lr_scale": {
        "mean": 0.04416847229003906,
        "p50": 0.06387454271316528,
        "p90": 0.07720908150076866
    },
    "ttt_effective_base_lr": {
        "mean": 0.004416847135871649,
        "p50": 0.006387454457581043,
        "p90": 0.007720908382907509
    },
    "clip_ratio": {
        "mean": 0.0,
        "p50": 0.0,
        "p90": 0.0
    },
    "conv_norm_pre": {
        "mean": 9.822484970092773,
        "p50": 9.26045274734497,
        "p90": 13.779936599731446
    },
    "conv_norm_post": {
        "mean": 10.764087677001953,
        "p50": 10.146708488464355,
        "p90": 15.107225704193116
    },
    "alpha_entropy_pearson_r": 0.8920795537996703,
    "group_attn_weights": {
        "mean": [
            0.3232424259185791,
            0.3418082594871521,
            0.33494946360588074
        ],
        "std": [
            3.7130513419469935e-07,
            3.763833831271768e-07,
            1.64908797728458e-07
        ]
    },
    "group_attn_gamma_last": 0.28615912795066833,
    "group_attn_temperature_last": 0.49986740946769714
}