{
    "alpha": {
        "mean": 0.016237124800682068,
        "p50": 0.02563164196908474,
        "p90": 0.03152135126292706
    },
    "entropy": {
        "mean": 0.9184643030166626,
        "p50": 1.0271668434143066,
        "p90": 1.179139459133148
    },
    "gate_entropy": {
        "mean": 0.6625038385391235,
        "p50": 0.7409207224845886,
        "p90": 0.8505872189998627
    },
    "ttt_lr_scale": {
        "mean": 0.040116582065820694,
        "p50": 0.0640336200594902,
        "p90": 0.07730936110019684
    },
    "ttt_effective_base_lr": {
        "mean": 0.0040116580203175545,
        "p50": 0.006403362145647407,
        "p90": 0.007730936026200652
    },
    "clip_ratio": {
        "mean": 0.0,
        "p50": 0.0,
        "p90": 0.0
    },
    "conv_norm_pre": {
        "mean": 17.6366024017334,
        "p50": 16.515896797180176,
        "p90": 24.18388347625732
    },
    "conv_norm_post": {
        "mean": 18.943740844726562,
        "p50": 17.743003845214844,
        "p90": 25.995811080932615
    },
    "alpha_entropy_pearson_r": 0.9342739415883504,
    "group_attn_weights": {
        "mean": [
            0.3162690997123718,
            0.3331076204776764,
            0.35062307119369507
        ],
        "std": [
            6.331987242447212e-05,
            6.214125460246578e-05,
            0.0001252643996849656
        ]
    },
    "group_attn_gamma_last": 0.2219228744506836,
    "group_attn_temperature_last": 0.49976491928100586
}