{
    "alpha": {
        "mean": 0.011089345440268517,
        "p50": 0.0,
        "p90": 0.029862659610807894
    },
    "entropy": {
        "mean": 0.9321473836898804,
        "p50": 0.9274910986423492,
        "p90": 1.1318690299987793
    },
    "gate_entropy": {
        "mean": 0.6736767292022705,
        "p50": 0.6690434217453003,
        "p90": 0.8217881917953491
    },
    "ttt_lr_scale": {
        "mean": 0.02749187871813774,
        "p50": 0.0,
        "p90": 0.07361978068947791
    },
    "ttt_effective_base_lr": {
        "mean": 0.002749187871813774,
        "p50": 0.0,
        "p90": 0.007361978152766823
    },
    "clip_ratio": {
        "mean": 0.0,
        "p50": 0.0,
        "p90": 0.0
    },
    "conv_norm_pre": {
        "mean": 1.8091888427734375,
        "p50": 1.6309818625450134,
        "p90": 2.1365218639373778
    },
    "conv_norm_post": {
        "mean": 2.0275778770446777,
        "p50": 1.8278950452804565,
        "p90": 2.394265246391296
    },
    "alpha_entropy_pearson_r": 0.8656618167526572,
    "group_attn_weights": {
        "mean": [
            0.33090704679489136,
            0.332754909992218,
            0.33633801341056824
        ],
        "std": [
            5.883741778234253e-07,
            5.362606998460251e-07,
            2.9709044113701566e-08
        ]
    },
    "group_attn_gamma_last": 0.3640918731689453,
    "group_attn_temperature_last": 0.4999793767929077
}