{
    "alpha": {
        "mean": 0.005909674800932407,
        "p50": 0.0,
        "p90": 0.026627643033862114
    },
    "entropy": {
        "mean": 0.793747067451477,
        "p50": 0.7819654047489166,
        "p90": 1.0546777725219727
    },
    "gate_entropy": {
        "mean": 0.5727839469909668,
        "p50": 0.5640687942504883,
        "p90": 0.7610325634479522
    },
    "ttt_lr_scale": {
        "mean": 0.014689229428768158,
        "p50": 0.0,
        "p90": 0.06631324216723442
    },
    "ttt_effective_base_lr": {
        "mean": 0.0014689231757074594,
        "p50": 0.0,
        "p90": 0.006631324300542474
    },
    "clip_ratio": {
        "mean": 0.0,
        "p50": 0.0,
        "p90": 0.0
    },
    "conv_norm_pre": {
        "mean": 3.0326666831970215,
        "p50": 2.9393551349639893,
        "p90": 3.86351637840271
    },
    "conv_norm_post": {
        "mean": 3.381906509399414,
        "p50": 3.277853012084961,
        "p90": 4.308443021774292
    },
    "alpha_entropy_pearson_r": 0.7509870602063234,
    "group_attn_weights": {
        "mean": [
            0.33359915018081665,
            0.33255356550216675,
            0.3338472545146942
        ],
        "std": [
            3.2782554626464844e-07,
            6.258487701416016e-07,
            3.5762786865234375e-07
        ]
    },
    "group_attn_gamma_last": 0.345191091299057,
    "group_attn_temperature_last": 0.4999929666519165
}