{
    "alpha": {
        "mean": 0.017439404502511024,
        "p50": 0.025284348987042904,
        "p90": 0.03266429863870144
    },
    "entropy": {
        "mean": 0.939034104347229,
        "p50": 1.0171960592269897,
        "p90": 1.204039990901947
    },
    "gate_entropy": {
        "mean": 0.677136242389679,
        "p50": 0.7337203025817871,
        "p90": 0.8696173429489136
    },
    "ttt_lr_scale": {
        "mean": 0.04312058538198471,
        "p50": 0.06323511525988579,
        "p90": 0.07982965260744095
    },
    "ttt_effective_base_lr": {
        "mean": 0.004312058910727501,
        "p50": 0.00632351147942245,
        "p90": 0.007982965745031833
    },
    "clip_ratio": {
        "mean": 0.0,
        "p50": 0.0,
        "p90": 0.0
    },
    "conv_norm_pre": {
        "mean": 11.548121452331543,
        "p50": 9.823598861694336,
        "p90": 19.510511970520014
    },
    "conv_norm_post": {
        "mean": 12.534431457519531,
        "p50": 10.656092643737793,
        "p90": 21.176599311828607
    },
    "alpha_entropy_pearson_r": 0.8975200278382561,
    "group_attn_weights": {
        "mean": [
            0.3236795663833618,
            0.34272727370262146,
            0.33359336853027344
        ],
        "std": [
            5.93648110225331e-07,
            1.0390181159891654e-06,
            6.703949679831567e-07
        ]
    },
    "group_attn_gamma_last": 0.25545811653137207,
    "group_attn_temperature_last": 0.4999054968357086
}