{
    "alpha": {
        "mean": 0.010265648365020752,
        "p50": 0.0,
        "p90": 0.02857312727719545
    },
    "entropy": {
        "mean": 0.9144407510757446,
        "p50": 0.9028021693229675,
        "p90": 1.1068087577819823
    },
    "gate_entropy": {
        "mean": 0.6602047085762024,
        "p50": 0.6512340903282166,
        "p90": 0.7983480036258697
    },
    "ttt_lr_scale": {
        "mean": 0.025481587275862694,
        "p50": 0.0,
        "p90": 0.07072500735521316
    },
    "ttt_effective_base_lr": {
        "mean": 0.002548158634454012,
        "p50": 0.0,
        "p90": 0.007072500977665186
    },
    "clip_ratio": {
        "mean": 0.0,
        "p50": 0.0,
        "p90": 0.0
    },
    "conv_norm_pre": {
        "mean": 9.182784080505371,
        "p50": 9.414773941040039,
        "p90": 11.11662712097168
    },
    "conv_norm_post": {
        "mean": 10.161957740783691,
        "p50": 10.417920112609863,
        "p90": 12.302088260650635
    },
    "alpha_entropy_pearson_r": 0.8566554272679137,
    "group_attn_weights": {
        "mean": [
            0.33401399850845337,
            0.333935022354126,
            0.33205053210258484
        ],
        "std": [
            2.384185791015625e-07,
            3.8743019104003906e-07,
            3.2782554626464844e-07
        ]
    },
    "group_attn_gamma_last": 0.3207722008228302,
    "group_attn_temperature_last": 0.5000017881393433
}