{
    "alpha": {
        "mean": 0.017397239804267883,
        "p50": 0.024769348092377186,
        "p90": 0.03398476541042328
    },
    "entropy": {
        "mean": 0.988312840461731,
        "p50": 1.0025803446769714,
        "p90": 1.2291383504867552
    },
    "gate_entropy": {
        "mean": 0.7140504717826843,
        "p50": 0.722903311252594,
        "p90": 0.890844714641571
    },
    "ttt_lr_scale": {
        "mean": 0.04284544661641121,
        "p50": 0.06204841658473015,
        "p90": 0.08271923884749412
    },
    "ttt_effective_base_lr": {
        "mean": 0.004284544847905636,
        "p50": 0.006204841658473015,
        "p90": 0.00827192422002554
    },
    "clip_ratio": {
        "mean": 0.0,
        "p50": 0.0,
        "p90": 0.0
    },
    "conv_norm_pre": {
        "mean": 9.345220565795898,
        "p50": 9.523526668548584,
        "p90": 11.516007900238037
    },
    "conv_norm_post": {
        "mean": 10.259101867675781,
        "p50": 10.452964782714844,
        "p90": 12.64507999420166
    },
    "alpha_entropy_pearson_r": 0.8924040585528387,
    "group_attn_weights": {
        "mean": [
            0.3368445038795471,
            0.3405590057373047,
            0.3225972652435303
        ],
        "std": [
            3.873657306030509e-07,
            2.6966572974629344e-08,
            3.9812880459066946e-07
        ]
    },
    "group_attn_gamma_last": 0.29431426525115967,
    "group_attn_temperature_last": 0.4998314380645752
}