{
    "alpha": {
        "mean": 0.018080253154039383,
        "p50": 0.026086720637977123,
        "p90": 0.03582679033279419
    },
    "entropy": {
        "mean": 0.9690496325492859,
        "p50": 1.0395262241363525,
        "p90": 1.2739300966262816
    },
    "gate_entropy": {
        "mean": 0.6991651654243469,
        "p50": 0.7501972615718842,
        "p90": 0.9192189276218414
    },
    "ttt_lr_scale": {
        "mean": 0.04433617740869522,
        "p50": 0.06507692113518715,
        "p90": 0.08671132177114486
    },
    "ttt_effective_base_lr": {
        "mean": 0.004433617927134037,
        "p50": 0.006507692392915487,
        "p90": 0.008671132195740939
    },
    "clip_ratio": {
        "mean": 0.0,
        "p50": 0.0,
        "p90": 0.0
    },
    "conv_norm_pre": {
        "mean": 7.2061967849731445,
        "p50": 7.0416834354400635,
        "p90": 8.989096927642821
    },
    "conv_norm_post": {
        "mean": 7.996023654937744,
        "p50": 7.81385350227356,
        "p90": 9.972917652130127
    },
    "alpha_entropy_pearson_r": 0.9178283886459702,
    "group_attn_weights": {
        "mean": [
            0.3335266709327698,
            0.3397436738014221,
            0.3267297148704529
        ],
        "std": [
            2.086162567138672e-07,
            5.066394805908203e-07,
            2.2751736139525747e-07
        ]
    },
    "group_attn_gamma_last": 0.33436235785484314,
    "group_attn_temperature_last": 0.4998796880245209
}