{
    "alpha": {
        "mean": 0.02186683379113674,
        "p50": 0.026713852770626545,
        "p90": 0.031703709810972217
    },
    "entropy": {
        "mean": 1.0234668254852295,
        "p50": 1.0577828884124756,
        "p90": 1.183636975288391
    },
    "gate_entropy": {
        "mean": 0.738341212272644,
        "p50": 0.7627379894256592,
        "p90": 0.8536660373210907
    },
    "ttt_lr_scale": {
        "mean": 0.05397595092654228,
        "p50": 0.06650985404849052,
        "p90": 0.07771267220377923
    },
    "ttt_effective_base_lr": {
        "mean": 0.005397595465183258,
        "p50": 0.006650985451415181,
        "p90": 0.007771267415955662
    },
    "clip_ratio": {
        "mean": 0.0,
        "p50": 0.0,
        "p90": 0.0
    },
    "conv_norm_pre": {
        "mean": 9.395101547241211,
        "p50": 8.741670608520508,
        "p90": 13.545826721191407
    },
    "conv_norm_post": {
        "mean": 10.253286361694336,
        "p50": 9.5394287109375,
        "p90": 14.784107685089111
    },
    "alpha_entropy_pearson_r": 0.9128128280442392,
    "group_attn_weights": {
        "mean": [
            0.3316380977630615,
            0.334591805934906,
            0.3337705433368683
        ],
        "std": [
            4.534521451660112e-07,
            3.457823822827777e-07,
            3.388089453437715e-07
        ]
    },
    "group_attn_gamma_last": 0.2739584743976593,
    "group_attn_temperature_last": 0.5000064969062805
}