{
    "alpha": {
        "mean": 0.024118397384881973,
        "p50": 0.026446442119777203,
        "p90": 0.03464508578181267
    },
    "entropy": {
        "mean": 1.0559942722320557,
        "p50": 1.045524001121521,
        "p90": 1.2525967359542847
    },
    "gate_entropy": {
        "mean": 0.7636660933494568,
        "p50": 0.7574280202388763,
        "p90": 0.9011775493621826
    },
    "ttt_lr_scale": {
        "mean": 0.05959717556834221,
        "p50": 0.06589959561824799,
        "p90": 0.08415554016828537
    },
    "ttt_effective_base_lr": {
        "mean": 0.005959718022495508,
        "p50": 0.006589959841221571,
        "p90": 0.008415554370731115
    },
    "clip_ratio": {
        "mean": 0.0,
        "p50": 0.0,
        "p90": 0.0
    },
    "conv_norm_pre": {
        "mean": 6.815133571624756,
        "p50": 6.478295564651489,
        "p90": 9.48273000717163
    },
    "conv_norm_post": {
        "mean": 7.540118217468262,
        "p50": 7.168011903762817,
        "p90": 10.49074535369873
    },
    "alpha_entropy_pearson_r": 0.8617052674360459,
    "group_attn_weights": {
        "mean": [
            0.332492858171463,
            0.33554571866989136,
            0.331961452960968
        ],
        "std": [
            1.1920928955078125e-07,
            6.258487701416016e-07,
            7.748603820800781e-07
        ]
    },
    "group_attn_gamma_last": 0.31976979970932007,
    "group_attn_temperature_last": 0.49999338388442993
}