{
    "alpha": {
        "mean": 0.009356834925711155,
        "p50": 0.0,
        "p90": 0.02922578975558281
    },
    "entropy": {
        "mean": 0.84478360414505,
        "p50": 0.8294825851917267,
        "p90": 1.1211508274078368
    },
    "gate_entropy": {
        "mean": 0.6101856231689453,
        "p50": 0.5983452200889587,
        "p90": 0.8103364527225494
    },
    "ttt_lr_scale": {
        "mean": 0.023167584091424942,
        "p50": 0.0,
        "p90": 0.07219312712550163
    },
    "ttt_effective_base_lr": {
        "mean": 0.0023167585022747517,
        "p50": 0.0,
        "p90": 0.00721931280568242
    },
    "clip_ratio": {
        "mean": 0.0,
        "p50": 0.0,
        "p90": 0.0
    },
    "conv_norm_pre": {
        "mean": 4.629256248474121,
        "p50": 3.6634453535079956,
        "p90": 7.401262998580933
    },
    "conv_norm_post": {
        "mean": 5.1253767013549805,
        "p50": 4.0560314655303955,
        "p90": 8.193889045715332
    },
    "alpha_entropy_pearson_r": 0.8286036340047137,
    "group_attn_weights": {
        "mean": [
            0.3335162401199341,
            0.33386123180389404,
            0.3326225280761719
        ],
        "std": [
            5.364418029785156e-07,
            5.364418029785156e-07,
            0.0
        ]
    },
    "group_attn_gamma_last": 0.3215331435203552,
    "group_attn_temperature_last": 0.5000383853912354
}