{
    "alpha": {
        "mean": 0.021422509104013443,
        "p50": 0.025759129785001278,
        "p90": 0.034854989498853683
    },
    "entropy": {
        "mean": 1.0575107336044312,
        "p50": 1.0311909914016724,
        "p90": 1.255095088481903
    },
    "gate_entropy": {
        "mean": 0.7629543542861938,
        "p50": 0.7435344457626343,
        "p90": 0.9044233143329621
    },
    "ttt_lr_scale": {
        "mean": 0.05277235060930252,
        "p50": 0.06432618573307991,
        "p90": 0.08461087271571159
    },
    "ttt_effective_base_lr": {
        "mean": 0.005277235060930252,
        "p50": 0.006432618713006377,
        "p90": 0.008461087103933096
    },
    "clip_ratio": {
        "mean": 0.0,
        "p50": 0.0,
        "p90": 0.0
    },
    "conv_norm_pre": {
        "mean": 10.619832992553711,
        "p50": 10.250709533691406,
        "p90": 14.036964225769042
    },
    "conv_norm_post": {
        "mean": 11.701807022094727,
        "p50": 11.293955326080322,
        "p90": 15.464988422393798
    },
    "alpha_entropy_pearson_r": 0.8755730284588031,
    "group_attn_weights": {
        "mean": [
            0.3284952640533447,
            0.33750155568122864,
            0.334003210067749
        ],
        "std": [
            3.5762786865234375e-07,
            1.1920928955078125e-07,
            4.470348358154297e-07
        ]
    },
    "group_attn_gamma_last": 0.3044116199016571,
    "group_attn_temperature_last": 0.4999772310256958
}