{
    "alpha": {
        "mean": 0.013615855947136879,
        "p50": 0.0,
        "p90": 0.03311565779149532
    },
    "entropy": {
        "mean": 0.9454382658004761,
        "p50": 0.9523119330406189,
        "p90": 1.2165490984916687
    },
    "gate_entropy": {
        "mean": 0.6821537017822266,
        "p50": 0.6869478523731232,
        "p90": 0.87696213722229
    },
    "ttt_lr_scale": {
        "mean": 0.03355724737048149,
        "p50": 0.0,
        "p90": 0.0808200366795063
    },
    "ttt_effective_base_lr": {
        "mean": 0.0033557252027094364,
        "p50": 0.0,
        "p90": 0.00808200417086482
    },
    "clip_ratio": {
        "mean": 0.0,
        "p50": 0.0,
        "p90": 0.0
    },
    "conv_norm_pre": {
        "mean": 11.494094848632812,
        "p50": 11.547165393829346,
        "p90": 14.439383316040038
    },
    "conv_norm_post": {
        "mean": 12.569334983825684,
        "p50": 12.6275053024292,
        "p90": 15.789639091491699
    },
    "alpha_entropy_pearson_r": 0.8842018923927872,
    "group_attn_weights": {
        "mean": [
            0.33302682638168335,
            0.336001455783844,
            0.3309718370437622
        ],
        "std": [
            3.5762786865234375e-07,
            2.086162567138672e-07,
            4.470348358154297e-07
        ]
    },
    "group_attn_gamma_last": 0.2803354561328888,
    "group_attn_temperature_last": 0.5000213384628296
}