{
    "alpha": {
        "mean": 0.025228101760149002,
        "p50": 0.02895610686391592,
        "p90": 0.042855140194296835
    },
    "entropy": {
        "mean": 1.0483324527740479,
        "p50": 1.0553540587425232,
        "p90": 1.2659286975860595
    },
    "gate_entropy": {
        "mean": 1.0484249591827393,
        "p50": 1.0554069876670837,
        "p90": 1.2664125561714172
    },
    "ttt_lr_scale": {
        "mean": 0.03679034858942032,
        "p50": 0.04295223765075207,
        "p90": 0.060923007503151896
    },
    "ttt_effective_base_lr": {
        "mean": 0.0018395172664895654,
        "p50": 0.002147611929103732,
        "p90": 0.003046150435693562
    },
    "clip_ratio": {
        "mean": 0.0,
        "p50": 0.0,
        "p90": 0.0
    },
    "conv_norm_pre": {
        "mean": 24.258337020874023,
        "p50": 24.20772647857666,
        "p90": 29.11271724700928
    },
    "conv_norm_post": {
        "mean": 25.780033111572266,
        "p50": 25.72622013092041,
        "p90": 30.938662719726565
    },
    "alpha_entropy_pearson_r": 0.9414428060207599,
    "group_attn_weights": {
        "mean": [
            0.3321439027786255,
            0.3352228105068207,
            0.3326331377029419
        ],
        "std": [
            6.684301479253918e-05,
            0.00014102533168625087,
            8.534031076123938e-05
        ]
    },
    "group_attn_gamma_last": 0.1881944090127945,
    "group_attn_temperature_last": 0.4999971389770508
}