{
    "alpha": {
        "mean": 0.039976295083761215,
        "p50": 0.042300859466195107,
        "p90": 0.0505606684833765
    },
    "entropy": {
        "mean": 1.2261508703231812,
        "p50": 1.2589882016181946,
        "p90": 1.3574926376342773
    },
    "gate_entropy": {
        "mean": 1.2263002395629883,
        "p50": 1.2592823505401611,
        "p90": 1.3575852036476135
    },
    "ttt_lr_scale": {
        "mean": 0.05677705630660057,
        "p50": 0.06023464351892471,
        "p90": 0.0702555812895298
    },
    "ttt_effective_base_lr": {
        "mean": 0.002838853048160672,
        "p50": 0.0030117322457954288,
        "p90": 0.0035127790179103613
    },
    "clip_ratio": {
        "mean": 0.0,
        "p50": 0.0,
        "p90": 0.0
    },
    "conv_norm_pre": {
        "mean": 27.72443389892578,
        "p50": 27.29533863067627,
        "p90": 31.427402114868165
    },
    "conv_norm_post": {
        "mean": 29.310714721679688,
        "p50": 28.857625007629395,
        "p90": 33.22419624328614
    },
    "alpha_entropy_pearson_r": 0.9787331995459173,
    "group_attn_weights": {
        "mean": [
            0.3298252820968628,
            0.33172693848609924,
            0.33844783902168274
        ],
        "std": [
            9.851492359302938e-05,
            8.263222844107077e-05,
            0.00012246108963154256
        ]
    },
    "group_attn_gamma_last": 0.17166848480701447,
    "group_attn_temperature_last": 0.5000084638595581
}