{
    "alpha": {
        "mean": 0.03644358739256859,
        "p50": 0.04038643836975098,
        "p90": 0.049514909833669664
    },
    "entropy": {
        "mean": 1.1907416582107544,
        "p50": 1.2338610887527466,
        "p90": 1.3459076166152955
    },
    "gate_entropy": {
        "mean": 1.1908663511276245,
        "p50": 1.2340272068977356,
        "p90": 1.3459743857383728
    },
    "ttt_lr_scale": {
        "mean": 0.051985859870910645,
        "p50": 0.05784055218100548,
        "p90": 0.06901382133364678
    },
    "ttt_effective_base_lr": {
        "mean": 0.0025992931332439184,
        "p50": 0.0028920277254655957,
        "p90": 0.003450691094622016
    },
    "clip_ratio": {
        "mean": 0.0,
        "p50": 0.0,
        "p90": 0.0
    },
    "conv_norm_pre": {
        "mean": 29.27507781982422,
        "p50": 28.8342866897583,
        "p90": 32.72630500793457
    },
    "conv_norm_post": {
        "mean": 31.011945724487305,
        "p50": 30.541950225830078,
        "p90": 34.67690658569336
    },
    "alpha_entropy_pearson_r": 0.9683917230198983,
    "group_attn_weights": {
        "mean": [
            0.3537124693393707,
            0.3172457218170166,
            0.3290417790412903
        ],
        "std": [
            0.001194011070765555,
            0.0005821543745696545,
            0.0006317866500467062
        ]
    },
    "group_attn_gamma_last": 0.17804759740829468,
    "group_attn_temperature_last": 0.49992525577545166
}