{
    "alpha": {
        "mean": 0.02189827524125576,
        "p50": 0.027197512798011303,
        "p90": 0.04384457357227802
    },
    "entropy": {
        "mean": 0.9763451814651489,
        "p50": 1.0220491886138916,
        "p90": 1.279506766796112
    },
    "gate_entropy": {
        "mean": 0.9763039946556091,
        "p50": 1.022219479084015,
        "p90": 1.278906762599945
    },
    "ttt_lr_scale": {
        "mean": 0.031701043248176575,
        "p50": 0.040566639974713326,
        "p90": 0.06214535050094128
    },
    "ttt_effective_base_lr": {
        "mean": 0.0015850522322580218,
        "p50": 0.0020283320918679237,
        "p90": 0.003107267525047064
    },
    "clip_ratio": {
        "mean": 0.0,
        "p50": 0.0,
        "p90": 0.0
    },
    "conv_norm_pre": {
        "mean": 29.595279693603516,
        "p50": 28.46373748779297,
        "p90": 37.7263599395752
    },
    "conv_norm_post": {
        "mean": 31.309932708740234,
        "p50": 30.11520767211914,
        "p90": 39.91319808959961
    },
    "alpha_entropy_pearson_r": 0.9321792808191278,
    "group_attn_weights": {
        "mean": [
            0.3256358802318573,
            0.33535030484199524,
            0.339013934135437
        ],
        "std": [
            0.00014182087033987045,
            0.00023477741342503577,
            0.00014341904898174107
        ]
    },
    "group_attn_gamma_last": 0.17378342151641846,
    "group_attn_temperature_last": 0.499957799911499
}