{
    "alpha": {
        "mean": 0.014754642732441425,
        "p50": 0.0,
        "p90": 0.04120200648903847
    },
    "entropy": {
        "mean": 0.9601378440856934,
        "p50": 0.9347444474697113,
        "p90": 1.2448119640350341
    },
    "gate_entropy": {
        "mean": 0.9601613879203796,
        "p50": 0.9347444474697113,
        "p90": 1.2449382185935973
    },
    "ttt_lr_scale": {
        "mean": 0.021385587751865387,
        "p50": 0.0,
        "p90": 0.0588643878698349
    },
    "ttt_effective_base_lr": {
        "mean": 0.0010692795040085912,
        "p50": 0.0,
        "p90": 0.0029432194540277125
    },
    "clip_ratio": {
        "mean": 0.0,
        "p50": 0.0,
        "p90": 0.0
    },
    "conv_norm_pre": {
        "mean": 29.502883911132812,
        "p50": 28.81676483154297,
        "p90": 34.48569030761719
    },
    "conv_norm_post": {
        "mean": 31.22450828552246,
        "p50": 30.500131607055664,
        "p90": 36.498779296875
    },
    "alpha_entropy_pearson_r": 0.8839009391290801,
    "group_attn_weights": {
        "mean": [
            0.32784754037857056,
            0.3424752950668335,
            0.3296772539615631
        ],
        "std": [
            0.0002290767733938992,
            0.00033174859709106386,
            0.00019756529945880175
        ]
    },
    "group_attn_gamma_last": 0.17483074963092804,
    "group_attn_temperature_last": 0.49994945526123047
}