{
    "alpha": {
        "mean": 0.013138966634869576,
        "p50": 0.01631850842386484,
        "p90": 0.026306745223701
    },
    "entropy": {
        "mean": 0.9763367772102356,
        "p50": 1.0222854018211365,
        "p90": 1.2793142080307007
    },
    "gate_entropy": {
        "mean": 0.9763039946556091,
        "p50": 1.022219479084015,
        "p90": 1.278906762599945
    },
    "ttt_lr_scale": {
        "mean": 0.052835073322057724,
        "p50": 0.06761106476187706,
        "p90": 0.10357558205723763
    },
    "ttt_effective_base_lr": {
        "mean": 0.002641754224896431,
        "p50": 0.0033805533312261105,
        "p90": 0.005178779270499945
    },
    "clip_ratio": {
        "mean": 0.0,
        "p50": 0.0,
        "p90": 0.0
    },
    "conv_norm_pre": {
        "mean": 29.595279693603516,
        "p50": 28.46373748779297,
        "p90": 37.7263599395752
    },
    "conv_norm_post": {
        "mean": 31.309932708740234,
        "p50": 30.11520767211914,
        "p90": 39.91319808959961
    },
    "alpha_entropy_pearson_r": 0.9321732146029459,
    "group_attn_weights": {
        "mean": [
            0.3256358802318573,
            0.33535030484199524,
            0.339013934135437
        ],
        "std": [
            0.00014182087033987045,
            0.00023477741342503577,
            0.00014341904898174107
        ]
    },
    "group_attn_gamma_last": 0.17378342151641846,
    "group_attn_temperature_last": 0.499957799911499
}