{
    "alpha": {
        "mean": 0.017392659559845924,
        "p50": 0.020825606770813465,
        "p90": 0.029320682026445867
    },
    "entropy": {
        "mean": 1.0879470109939575,
        "p50": 1.1523916721343994,
        "p90": 1.3391890287399293
    },
    "gate_entropy": {
        "mean": 1.0879606008529663,
        "p50": 1.152023732662201,
        "p90": 1.3386718511581421
    },
    "ttt_lr_scale": {
        "mean": 0.06914275884628296,
        "p50": 0.08429017290472984,
        "p90": 0.11373554766178132
    },
    "ttt_effective_base_lr": {
        "mean": 0.003457138314843178,
        "p50": 0.0042145089246332645,
        "p90": 0.005686777504161001
    },
    "clip_ratio": {
        "mean": 0.0,
        "p50": 0.0,
        "p90": 0.0
    },
    "conv_norm_pre": {
        "mean": 27.49929428100586,
        "p50": 27.286919593811035,
        "p90": 32.788234329223634
    },
    "conv_norm_post": {
        "mean": 29.17206573486328,
        "p50": 28.946746826171875,
        "p90": 34.782691192626956
    },
    "alpha_entropy_pearson_r": 0.9600427862720216,
    "group_attn_weights": {
        "mean": [
            0.33345669507980347,
            0.3335927128791809,
            0.3329506516456604
        ],
        "std": [
            5.418615182861686e-05,
            0.00013916105672251433,
            0.00011106149759143591
        ]
    },
    "group_attn_gamma_last": 0.18249188363552094,
    "group_attn_temperature_last": 0.499997615814209
}