{
    "alpha": {
        "mean": 0.021866153925657272,
        "p50": 0.024231864139437675,
        "p90": 0.02970894742757082
    },
    "entropy": {
        "mean": 1.190777063369751,
        "p50": 1.2339081764221191,
        "p90": 1.3459671974182128
    },
    "gate_entropy": {
        "mean": 1.1908663511276245,
        "p50": 1.2340272068977356,
        "p90": 1.3459743857383728
    },
    "ttt_lr_scale": {
        "mean": 0.08664308488368988,
        "p50": 0.0964009165763855,
        "p90": 0.11502303257584572
    },
    "ttt_effective_base_lr": {
        "mean": 0.004332154523581266,
        "p50": 0.004820045782253146,
        "p90": 0.00575115168467164
    },
    "clip_ratio": {
        "mean": 0.0,
        "p50": 0.0,
        "p90": 0.0
    },
    "conv_norm_pre": {
        "mean": 29.27507781982422,
        "p50": 28.8342866897583,
        "p90": 32.72630500793457
    },
    "conv_norm_post": {
        "mean": 31.011945724487305,
        "p50": 30.541950225830078,
        "p90": 34.67690658569336
    },
    "alpha_entropy_pearson_r": 0.9684002006834822,
    "group_attn_weights": {
        "mean": [
            0.3537124693393707,
            0.3172457218170166,
            0.3290417790412903
        ],
        "std": [
            0.001194011070765555,
            0.0005821543745696545,
            0.0006317866500467062
        ]
    },
    "group_attn_gamma_last": 0.17804759740829468,
    "group_attn_temperature_last": 0.49992525577545166
}