{
    "alpha": {
        "mean": 0.024042991921305656,
        "p50": 0.026095938868820667,
        "p90": 0.030340013839304448
    },
    "entropy": {
        "mean": 1.2338781356811523,
        "p50": 1.2745172381401062,
        "p90": 1.3576870679855346
    },
    "gate_entropy": {
        "mean": 1.2338836193084717,
        "p50": 1.2745007872581482,
        "p90": 1.3576525688171386
    },
    "ttt_lr_scale": {
        "mean": 0.0948602631688118,
        "p50": 0.10285360366106033,
        "p90": 0.11710458025336265
    },
    "ttt_effective_base_lr": {
        "mean": 0.00474301353096962,
        "p50": 0.005142680369317532,
        "p90": 0.005855229170992971
    },
    "clip_ratio": {
        "mean": 0.0,
        "p50": 0.0,
        "p90": 0.0
    },
    "conv_norm_pre": {
        "mean": 28.50175666809082,
        "p50": 28.00556468963623,
        "p90": 31.20478687286377
    },
    "conv_norm_post": {
        "mean": 30.054401397705078,
        "p50": 29.53116798400879,
        "p90": 32.904183578491214
    },
    "alpha_entropy_pearson_r": 0.9676058665428745,
    "group_attn_weights": {
        "mean": [
            0.3346399962902069,
            0.33054521679878235,
            0.33481472730636597
        ],
        "std": [
            0.00037513169809244573,
            0.0004736905684694648,
            0.00036032343632541597
        ]
    },
    "group_attn_gamma_last": 0.1633937507867813,
    "group_attn_temperature_last": 0.5000078082084656
}