{
    "entropy": {
        "mean": 0.23896554112434387,
        "p50": 0.12760140746831894,
        "p90": 0.6648853659629822
    }
}