{
    "entropy": {
        "mean": 0.0911375880241394,
        "p50": 0.04866670072078705,
        "p90": 0.17338593006134034
    }
}