{
    "entropy": {
        "mean": 0.34973686933517456,
        "p50": 0.33278127014636993,
        "p90": 0.6569297373294831
    }
}