{
    "entropy": {
        "mean": 0.22809386253356934,
        "p50": 0.13918956369161606,
        "p90": 0.5627222239971162
    }
}