{
    "entropy": {
        "mean": 0.250442773103714,
        "p50": 0.17777321487665176,
        "p90": 0.624696171283722
    }
}