{
    "Subject_1": 0.824999988079071,
    "Subject_2": 0.8125,
    "Subject_3": 0.737500011920929,
    "Subject_4": 0.988095223903656,
    "Subject_5": 0.7976190447807312,
    "Subject_6": 0.875,
    "Subject_7": 0.800000011920929,
    "Subject_8": 0.8295454382896423,
    "Subject_9": 0.7749999761581421,
    "Average": 0.8266955216725668
}