{
    "alpha": {
        "mean": 0.01686803251504898,
        "p50": 0.0,
        "p90": 0.04561597518622875
    },
    "entropy": {
        "mean": 0.9162328839302063,
        "p50": 0.9012552499771118,
        "p90": 1.3019906878471375
    },
    "gate_entropy": {
        "mean": 0.9160352349281311,
        "p50": 0.9012552499771118,
        "p90": 1.300652515888214
    },
    "ttt_lr_scale": {
        "mean": 0.04056788608431816,
        "p50": 0.0,
        "p90": 0.10719297230243684
    },
    "ttt_effective_base_lr": {
        "mean": 0.002028394490480423,
        "p50": 0.0,
        "p90": 0.005359648633748293
    },
    "clip_ratio": {
        "mean": 0.0,
        "p50": 0.0,
        "p90": 0.0
    },
    "conv_norm_pre": {
        "mean": 30.519046783447266,
        "p50": 29.9426326751709,
        "p90": 36.18462295532227
    },
    "conv_norm_post": {
        "mean": 32.217586517333984,
        "p50": 31.608920097351074,
        "p90": 38.199475097656254
    },
    "alpha_entropy_pearson_r": 0.9234044672137852,
    "group_attn_weights": {
        "mean": [
            0.334355890750885,
            0.328249990940094,
            0.337394118309021
        ],
        "std": [
            0.00020441142260096967,
            0.0002206754288636148,
            0.0002491211052983999
        ]
    },
    "group_attn_gamma_last": 0.1671394407749176,
    "group_attn_temperature_last": 0.5000129342079163
}