{
    "alpha": {
        "mean": 0.039976295083761215,
        "p50": 0.042300859466195107,
        "p90": 0.0505606684833765
    },
    "entropy": {
        "mean": 1.2261141538619995,
        "p50": 1.258970320224762,
        "p90": 1.3574854731559753
    },
    "gate_entropy": {
        "mean": 1.2263002395629883,
        "p50": 1.2592823505401611,
        "p90": 1.3575852036476135
    },
    "ttt_lr_scale": {
        "mean": 0.09462843090295792,
        "p50": 0.10039106756448746,
        "p90": 0.11709262877702713
    },
    "ttt_effective_base_lr": {
        "mean": 0.004731421824544668,
        "p50": 0.00501955347135663,
        "p90": 0.005854631401598454
    },
    "clip_ratio": {
        "mean": 0.0,
        "p50": 0.0,
        "p90": 0.0
    },
    "conv_norm_pre": {
        "mean": 27.72443389892578,
        "p50": 27.29533863067627,
        "p90": 31.427402114868165
    },
    "conv_norm_post": {
        "mean": 29.310714721679688,
        "p50": 28.857625007629395,
        "p90": 33.22419624328614
    },
    "alpha_entropy_pearson_r": 0.978683468160023,
    "group_attn_weights": {
        "mean": [
            0.3298252820968628,
            0.33172693848609924,
            0.33844783902168274
        ],
        "std": [
            9.851492359302938e-05,
            8.263222844107077e-05,
            0.00012246108963154256
        ]
    },
    "group_attn_gamma_last": 0.17166848480701447,
    "group_attn_temperature_last": 0.5000084638595581
}