{
    "alpha": {
        "mean": 0.041502244770526886,
        "p50": 0.04159175232052803,
        "p90": 0.05005435794591904
    },
    "entropy": {
        "mean": 1.2418670654296875,
        "p50": 1.2498825788497925,
        "p90": 1.3516416192054748
    },
    "gate_entropy": {
        "mean": 1.24208402633667,
        "p50": 1.2500708103179932,
        "p90": 1.3519896149635315
    },
    "ttt_lr_scale": {
        "mean": 0.09845255315303802,
        "p50": 0.09891930595040321,
        "p90": 0.11609215065836907
    },
    "ttt_effective_base_lr": {
        "mean": 0.004922627937048674,
        "p50": 0.004945965483784676,
        "p90": 0.005804607551544905
    },
    "clip_ratio": {
        "mean": 0.0,
        "p50": 0.0,
        "p90": 0.0
    },
    "conv_norm_pre": {
        "mean": 18.62993049621582,
        "p50": 18.366394996643066,
        "p90": 20.941830444335938
    },
    "conv_norm_post": {
        "mean": 20.00914192199707,
        "p50": 19.72611141204834,
        "p90": 22.492152404785156
    },
    "alpha_entropy_pearson_r": 0.9961461890219341,
    "group_attn_weights": {
        "mean": [
            0.3321648836135864,
            0.33360543847084045,
            0.33422964811325073
        ],
        "std": [
            6.030860276950989e-06,
            6.608910098293563e-06,
            2.923970896517858e-06
        ]
    },
    "group_attn_gamma_last": 0.22207745909690857,
    "group_attn_temperature_last": 0.5000035762786865
}