{
    "alpha": {
        "mean": 0.009355398826301098,
        "p50": 0.014375267550349236,
        "p90": 0.02138433437794447
    },
    "entropy": {
        "mean": 1.0483596324920654,
        "p50": 1.055217444896698,
        "p90": 1.265969169139862
    },
    "gate_entropy": {
        "mean": 1.0484249591827393,
        "p50": 1.0554069876670837,
        "p90": 1.2664125561714172
    },
    "ttt_lr_scale": {
        "mean": 0.03831705451011658,
        "p50": 0.060172224417328835,
        "p90": 0.08630975782871246
    },
    "ttt_effective_base_lr": {
        "mean": 0.0019158527720719576,
        "p50": 0.0030086112674325705,
        "p90": 0.004315487947314978
    },
    "clip_ratio": {
        "mean": 0.0,
        "p50": 0.0,
        "p90": 0.0
    },
    "conv_norm_pre": {
        "mean": 24.258337020874023,
        "p50": 24.20772647857666,
        "p90": 29.11271724700928
    },
    "conv_norm_post": {
        "mean": 25.780033111572266,
        "p50": 25.72622013092041,
        "p90": 30.938662719726565
    },
    "alpha_entropy_pearson_r": 0.8532263327455752,
    "group_attn_weights": {
        "mean": [
            0.3321439027786255,
            0.3352228105068207,
            0.3326331377029419
        ],
        "std": [
            6.684301479253918e-05,
            0.00014102533168625087,
            8.534031076123938e-05
        ]
    },
    "group_attn_gamma_last": 0.1881944090127945,
    "group_attn_temperature_last": 0.4999971389770508
}