{
    "alpha": {
        "mean": 0.020243166014552116,
        "p50": 0.0207442669197917,
        "p90": 0.025043081119656564
    },
    "entropy": {
        "mean": 1.2419832944869995,
        "p50": 1.2499881982803345,
        "p90": 1.3518094897270203
    },
    "gate_entropy": {
        "mean": 1.24208402633667,
        "p50": 1.2500708103179932,
        "p90": 1.3519896149635315
    },
    "ttt_lr_scale": {
        "mean": 0.0817023366689682,
        "p50": 0.08400072157382965,
        "p90": 0.09922438263893128
    },
    "ttt_effective_base_lr": {
        "mean": 0.004085117019712925,
        "p50": 0.00420003617182374,
        "p90": 0.004961219104006887
    },
    "clip_ratio": {
        "mean": 0.0,
        "p50": 0.0,
        "p90": 0.0
    },
    "conv_norm_pre": {
        "mean": 18.62993049621582,
        "p50": 18.366394996643066,
        "p90": 20.941830444335938
    },
    "conv_norm_post": {
        "mean": 20.00914192199707,
        "p50": 19.72611141204834,
        "p90": 22.492152404785156
    },
    "alpha_entropy_pearson_r": 0.9121291942211733,
    "group_attn_weights": {
        "mean": [
            0.3321648836135864,
            0.33360543847084045,
            0.33422964811325073
        ],
        "std": [
            6.030860276950989e-06,
            6.608910098293563e-06,
            2.923970896517858e-06
        ]
    },
    "group_attn_gamma_last": 0.22207745909690857,
    "group_attn_temperature_last": 0.5000035762786865
}