{
    "alpha": {
        "mean": 0.019051579758524895,
        "p50": 0.021103469654917717,
        "p90": 0.025301124155521392
    },
    "entropy": {
        "mean": 1.2262232303619385,
        "p50": 1.259127914905548,
        "p90": 1.3575358510017395
    },
    "gate_entropy": {
        "mean": 1.2263002395629883,
        "p50": 1.2592823505401611,
        "p90": 1.3575852036476135
    },
    "ttt_lr_scale": {
        "mean": 0.07665856182575226,
        "p50": 0.08529788628220558,
        "p90": 0.1001173973083496
    },
    "ttt_effective_base_lr": {
        "mean": 0.0038329281378537416,
        "p50": 0.0042648944072425365,
        "p90": 0.005005869967862964
    },
    "clip_ratio": {
        "mean": 0.0,
        "p50": 0.0,
        "p90": 0.0
    },
    "conv_norm_pre": {
        "mean": 27.72443389892578,
        "p50": 27.29533863067627,
        "p90": 31.427402114868165
    },
    "conv_norm_post": {
        "mean": 29.310714721679688,
        "p50": 28.857625007629395,
        "p90": 33.22419624328614
    },
    "alpha_entropy_pearson_r": 0.9395948233481543,
    "group_attn_weights": {
        "mean": [
            0.3298252820968628,
            0.33172693848609924,
            0.33844783902168274
        ],
        "std": [
            9.851492359302938e-05,
            8.263222844107077e-05,
            0.00012246108963154256
        ]
    },
    "group_attn_gamma_last": 0.17166848480701447,
    "group_attn_temperature_last": 0.5000084638595581
}