{
    "alpha": {
        "mean": 0.017260154709219933,
        "p50": 0.02013420406728983,
        "p90": 0.02476824577897787
    },
    "entropy": {
        "mean": 1.1907976865768433,
        "p50": 1.2339298129081726,
        "p90": 1.3459715843200684
    },
    "gate_entropy": {
        "mean": 1.1908663511276245,
        "p50": 1.2340272068977356,
        "p90": 1.3459743857383728
    },
    "ttt_lr_scale": {
        "mean": 0.0697130337357521,
        "p50": 0.08178495243191719,
        "p90": 0.09827081337571145
    },
    "ttt_effective_base_lr": {
        "mean": 0.0034856516867876053,
        "p50": 0.004089247668161988,
        "p90": 0.004913540836423635
    },
    "clip_ratio": {
        "mean": 0.0,
        "p50": 0.0,
        "p90": 0.0
    },
    "conv_norm_pre": {
        "mean": 29.27507781982422,
        "p50": 28.8342866897583,
        "p90": 32.72630500793457
    },
    "conv_norm_post": {
        "mean": 31.011945724487305,
        "p50": 30.541950225830078,
        "p90": 34.67690658569336
    },
    "alpha_entropy_pearson_r": 0.9446756467981752,
    "group_attn_weights": {
        "mean": [
            0.3537124693393707,
            0.3172457218170166,
            0.3290417790412903
        ],
        "std": [
            0.001194011070765555,
            0.0005821543745696545,
            0.0006317866500467062
        ]
    },
    "group_attn_gamma_last": 0.17804759740829468,
    "group_attn_temperature_last": 0.49992525577545166
}