{
    "alpha": {
        "mean": 0.00841167289763689,
        "p50": 0.0,
        "p90": 0.02188602928072214
    },
    "entropy": {
        "mean": 0.976336658000946,
        "p50": 1.022219479084015,
        "p90": 1.2792413473129272
    },
    "gate_entropy": {
        "mean": 0.9763039946556091,
        "p50": 1.022219479084015,
        "p90": 1.278906762599945
    },
    "ttt_lr_scale": {
        "mean": 0.03419426828622818,
        "p50": 0.0,
        "p90": 0.08810904920101166
    },
    "ttt_effective_base_lr": {
        "mean": 0.001709713600575924,
        "p50": 0.0,
        "p90": 0.0044054525904357435
    },
    "clip_ratio": {
        "mean": 0.0,
        "p50": 0.0,
        "p90": 0.0
    },
    "conv_norm_pre": {
        "mean": 29.595279693603516,
        "p50": 28.46373748779297,
        "p90": 37.7263599395752
    },
    "conv_norm_post": {
        "mean": 31.309932708740234,
        "p50": 30.11520767211914,
        "p90": 39.91319808959961
    },
    "alpha_entropy_pearson_r": 0.824248717724416,
    "group_attn_weights": {
        "mean": [
            0.3256358802318573,
            0.33535030484199524,
            0.339013934135437
        ],
        "std": [
            0.00014182087033987045,
            0.00023477741342503577,
            0.00014341904898174107
        ]
    },
    "group_attn_gamma_last": 0.17378342151641846,
    "group_attn_temperature_last": 0.499957799911499
}