{
    "Subject_1": 0.7758620977401733,
    "Subject_2": 0.6896551847457886,
    "Subject_3": 0.8965517282485962,
    "Subject_4": 0.7758620977401733,
    "Subject_5": 0.7068965435028076,
    "Subject_6": 0.8965517282485962,
    "Subject_7": 0.8793103694915771,
    "Subject_8": 0.7931034564971924,
    "Subject_9": 0.8448275923728943,
    "Average": 0.806513422065311
}