{
    "alpha": {
        "mean": 0.011197341606020927,
        "p50": 0.01491543697193265,
        "p90": 0.024696672149002553
    },
    "entropy": {
        "mean": 0.9759948253631592,
        "p50": 0.9746180176734924,
        "p90": 1.244656789302826
    },
    "gate_entropy": {
        "mean": 0.9760520458221436,
        "p50": 0.9747921228408813,
        "p90": 1.2443967580795288
    },
    "ttt_lr_scale": {
        "mean": 0.027167383581399918,
        "p50": 0.03735313192009926,
        "p90": 0.058813201263546944
    },
    "ttt_effective_base_lr": {
        "mean": 0.0013583691325038671,
        "p50": 0.0018676566542126238,
        "p90": 0.0029406601563096045
    },
    "clip_ratio": {
        "mean": 0.0,
        "p50": 0.0,
        "p90": 0.0
    },
    "conv_norm_pre": {
        "mean": 26.593015670776367,
        "p50": 26.28987979888916,
        "p90": 32.22654266357422
    },
    "conv_norm_post": {
        "mean": 28.167003631591797,
        "p50": 27.845690727233887,
        "p90": 34.13497695922852
    },
    "alpha_entropy_pearson_r": 0.8911173306234498,
    "group_attn_weights": {
        "mean": [
            0.33284053206443787,
            0.33526962995529175,
            0.3318898379802704
        ],
        "std": [
            9.185354429064319e-05,
            0.00027235597372055054,
            0.00025058319442905486
        ]
    },
    "group_attn_gamma_last": 0.1775403618812561,
    "group_attn_temperature_last": 0.5000107288360596
}