{
    "alpha": {
        "mean": 0.029382402077317238,
        "p50": 0.03127139061689377,
        "p90": 0.036245790868997575
    },
    "entropy": {
        "mean": 1.2338745594024658,
        "p50": 1.2745192646980286,
        "p90": 1.3576929092407226
    },
    "gate_entropy": {
        "mean": 1.2338836193084717,
        "p50": 1.2745007872581482,
        "p90": 1.3576525688171386
    },
    "ttt_lr_scale": {
        "mean": 0.06792909651994705,
        "p50": 0.07209203019738197,
        "p90": 0.08158838078379631
    },
    "ttt_effective_base_lr": {
        "mean": 0.003396454732865095,
        "p50": 0.0036046014865860343,
        "p90": 0.00407941909506917
    },
    "clip_ratio": {
        "mean": 0.0,
        "p50": 0.0,
        "p90": 0.0
    },
    "conv_norm_pre": {
        "mean": 28.50175666809082,
        "p50": 28.00556468963623,
        "p90": 31.20478687286377
    },
    "conv_norm_post": {
        "mean": 30.054401397705078,
        "p50": 29.53116798400879,
        "p90": 32.904183578491214
    },
    "alpha_entropy_pearson_r": 0.9804385867482935,
    "group_attn_weights": {
        "mean": [
            0.3346399962902069,
            0.33054521679878235,
            0.33481472730636597
        ],
        "std": [
            0.00037513169809244573,
            0.0004736905684694648,
            0.00036032343632541597
        ]
    },
    "group_attn_gamma_last": 0.1633937507867813,
    "group_attn_temperature_last": 0.5000078082084656
}