{
    "alpha": {
        "mean": 0.013239705003798008,
        "p50": 0.01570246648043394,
        "p90": 0.03276740312576294
    },
    "entropy": {
        "mean": 0.9161415696144104,
        "p50": 0.9011314511299133,
        "p90": 1.3016050934791565
    },
    "gate_entropy": {
        "mean": 0.9160352349281311,
        "p50": 0.9012552499771118,
        "p90": 1.300652515888214
    },
    "ttt_lr_scale": {
        "mean": 0.03128349035978317,
        "p50": 0.039153989404439926,
        "p90": 0.07499570176005364
    },
    "ttt_effective_base_lr": {
        "mean": 0.0015641746576875448,
        "p50": 0.0019576994818635285,
        "p90": 0.0037497851531952623
    },
    "clip_ratio": {
        "mean": 0.0,
        "p50": 0.0,
        "p90": 0.0
    },
    "conv_norm_pre": {
        "mean": 30.519046783447266,
        "p50": 29.9426326751709,
        "p90": 36.18462295532227
    },
    "conv_norm_post": {
        "mean": 32.217586517333984,
        "p50": 31.608920097351074,
        "p90": 38.199475097656254
    },
    "alpha_entropy_pearson_r": 0.9462627644312052,
    "group_attn_weights": {
        "mean": [
            0.334355890750885,
            0.328249990940094,
            0.337394118309021
        ],
        "std": [
            0.00020441142260096967,
            0.0002206754288636148,
            0.0002491211052983999
        ]
    },
    "group_attn_gamma_last": 0.1671394407749176,
    "group_attn_temperature_last": 0.5000129342079163
}