{
    "Subject_1": 0.8448275923728943,
    "Subject_2": 0.7413793206214905,
    "Subject_3": 0.8620689511299133,
    "Subject_4": 0.7758620977401733,
    "Subject_5": 0.8275862336158752,
    "Subject_6": 0.7413793206214905,
    "Subject_7": 0.931034505367279,
    "Subject_8": 0.8620689511299133,
    "Subject_9": 0.8448275923728943,
    "Average": 0.8256705072191026
}