{
    "alpha": {
        "mean": 0.014015698805451393,
        "p50": 0.016881409101188183,
        "p90": 0.0293350487947464
    },
    "entropy": {
        "mean": 0.9369591474533081,
        "p50": 0.9392986595630646,
        "p90": 1.2386367678642274
    },
    "gate_entropy": {
        "mean": 0.9370185732841492,
        "p50": 0.9393510222434998,
        "p90": 1.2389337539672851
    },
    "ttt_lr_scale": {
        "mean": 0.055799201130867004,
        "p50": 0.06971927732229233,
        "p90": 0.11378270387649538
    },
    "ttt_effective_base_lr": {
        "mean": 0.0027899600099772215,
        "p50": 0.003485963912680745,
        "p90": 0.005689135100692511
    },
    "clip_ratio": {
        "mean": 0.0,
        "p50": 0.0,
        "p90": 0.0
    },
    "conv_norm_pre": {
        "mean": 27.10738754272461,
        "p50": 26.603374481201172,
        "p90": 32.53685264587402
    },
    "conv_norm_post": {
        "mean": 28.698884963989258,
        "p50": 28.165234565734863,
        "p90": 34.44874114990235
    },
    "alpha_entropy_pearson_r": 0.9122513998497662,
    "group_attn_weights": {
        "mean": [
            0.33320608735084534,
            0.3368226885795593,
            0.3299713134765625
        ],
        "std": [
            0.0001361927279504016,
            0.0002492888306733221,
            0.00033789267763495445
        ]
    },
    "group_attn_gamma_last": 0.17615382373332977,
    "group_attn_temperature_last": 0.49999451637268066
}