{
    "alpha": {
        "mean": 0.014329923316836357,
        "p50": 0.01572538958862424,
        "p90": 0.032347997277975084
    },
    "entropy": {
        "mean": 0.9036871194839478,
        "p50": 0.9016956984996796,
        "p90": 1.2944584846496583
    },
    "gate_entropy": {
        "mean": 0.9038687348365784,
        "p50": 0.9025132954120636,
        "p90": 1.2934288501739502
    },
    "ttt_lr_scale": {
        "mean": 0.056444816291332245,
        "p50": 0.06535371392965317,
        "p90": 0.12364316508173943
    },
    "ttt_effective_base_lr": {
        "mean": 0.0028222408145666122,
        "p50": 0.0032676857663318515,
        "p90": 0.006182158319279552
    },
    "clip_ratio": {
        "mean": 0.0,
        "p50": 0.0,
        "p90": 0.0
    },
    "conv_norm_pre": {
        "mean": 27.46356773376465,
        "p50": 27.048080444335938,
        "p90": 32.232130432128905
    },
    "conv_norm_post": {
        "mean": 29.136899948120117,
        "p50": 28.69564914703369,
        "p90": 34.19652786254883
    },
    "alpha_entropy_pearson_r": 0.9469154315215941,
    "group_attn_weights": {
        "mean": [
            0.3332614004611969,
            0.3276572823524475,
            0.3390812575817108
        ],
        "std": [
            8.204751793527976e-05,
            9.732145554153249e-05,
            9.09531518118456e-05
        ]
    },
    "group_attn_gamma_last": 0.18302617967128754,
    "group_attn_temperature_last": 0.49995744228363037
}