{
    "alpha": {
        "mean": 0.029275350272655487,
        "p50": 0.031285558827221394,
        "p90": 0.03624482527375222
    },
    "entropy": {
        "mean": 1.2316768169403076,
        "p50": 1.2744994163513184,
        "p90": 1.3575747609138489
    },
    "gate_entropy": {
        "mean": 1.2317596673965454,
        "p50": 1.2747210264205933,
        "p90": 1.3576363921165466
    },
    "ttt_lr_scale": {
        "mean": 0.11260392516851425,
        "p50": 0.12019750475883484,
        "p90": 0.1359775573015213
    },
    "ttt_effective_base_lr": {
        "mean": 0.005630196072161198,
        "p50": 0.006009875331073999,
        "p90": 0.006798877986148
    },
    "clip_ratio": {
        "mean": 0.0,
        "p50": 0.0,
        "p90": 0.0
    },
    "conv_norm_pre": {
        "mean": 27.687618255615234,
        "p50": 27.359540939331055,
        "p90": 31.46391887664795
    },
    "conv_norm_post": {
        "mean": 29.272733688354492,
        "p50": 28.9262638092041,
        "p90": 33.2647289276123
    },
    "alpha_entropy_pearson_r": 0.9954157099908253,
    "group_attn_weights": {
        "mean": [
            0.3295122981071472,
            0.3307180106639862,
            0.3397696912288666
        ],
        "std": [
            0.00013511505676433444,
            0.0002567989577073604,
            0.00025161824305541813
        ]
    },
    "group_attn_gamma_last": 0.17169500887393951,
    "group_attn_temperature_last": 0.49999570846557617
}