{
    "alpha": {
        "mean": 0.02194325625896454,
        "p50": 0.023896032012999058,
        "p90": 0.035345328971743584
    },
    "entropy": {
        "mean": 1.0876867771148682,
        "p50": 1.1281538605690002,
        "p90": 1.3502938508987428
    },
    "gate_entropy": {
        "mean": 1.0899690389633179,
        "p50": 1.1264673471450806,
        "p90": 1.343356716632843
    },
    "ttt_lr_scale": {
        "mean": 0.08551375567913055,
        "p50": 0.09522682055830956,
        "p90": 0.1331701770424843
    },
    "ttt_effective_base_lr": {
        "mean": 0.00427568843588233,
        "p50": 0.004761341027915478,
        "p90": 0.006658508954569698
    },
    "clip_ratio": {
        "mean": 0.0,
        "p50": 0.0,
        "p90": 0.0
    },
    "conv_norm_pre": {
        "mean": 27.29636001586914,
        "p50": 26.991899490356445,
        "p90": 32.51874465942383
    },
    "conv_norm_post": {
        "mean": 28.956586837768555,
        "p50": 28.63352108001709,
        "p90": 34.49648933410645
    },
    "alpha_entropy_pearson_r": 0.9798603944285925,
    "group_attn_weights": {
        "mean": [
            0.3329012095928192,
            0.33287039399147034,
            0.3342283070087433
        ],
        "std": [
            6.105544161982834e-05,
            0.0001562416582601145,
            0.0001146651484305039
        ]
    },
    "group_attn_gamma_last": 0.18245810270309448,
    "group_attn_temperature_last": 0.49999749660491943
}