{
    "alpha": {
        "mean": 0.013120392337441444,
        "p50": 0.01619307231158018,
        "p90": 0.027129443734884264
    },
    "entropy": {
        "mean": 0.9294041395187378,
        "p50": 0.9182376563549042,
        "p90": 1.1956551551818848
    },
    "gate_entropy": {
        "mean": 0.929427444934845,
        "p50": 0.9181442856788635,
        "p90": 1.1957818746566773
    },
    "ttt_lr_scale": {
        "mean": 0.05284798890352249,
        "p50": 0.06713555008172989,
        "p90": 0.10637773126363755
    },
    "ttt_effective_base_lr": {
        "mean": 0.002642399165779352,
        "p50": 0.003356777597218752,
        "p90": 0.0053188865538686516
    },
    "clip_ratio": {
        "mean": 0.0,
        "p50": 0.0,
        "p90": 0.0
    },
    "conv_norm_pre": {
        "mean": 28.022518157958984,
        "p50": 27.212698936462402,
        "p90": 32.61869010925293
    },
    "conv_norm_post": {
        "mean": 29.642147064208984,
        "p50": 28.78484344482422,
        "p90": 34.50236473083496
    },
    "alpha_entropy_pearson_r": 0.9350019218704836,
    "group_attn_weights": {
        "mean": [
            0.3286983370780945,
            0.33990827202796936,
            0.33139345049858093
        ],
        "std": [
            0.00016456819139420986,
            0.00031654920894652605,
            0.00020293798297643661
        ]
    },
    "group_attn_gamma_last": 0.1734534353017807,
    "group_attn_temperature_last": 0.49997854232788086
}