{
    "alpha": {
        "mean": 0.029757849872112274,
        "p50": 0.030571280978620052,
        "p90": 0.036042824015021326
    },
    "entropy": {
        "mean": 1.2419193983078003,
        "p50": 1.2617945075035095,
        "p90": 1.3544068455696106
    },
    "gate_entropy": {
        "mean": 1.2420248985290527,
        "p50": 1.2618733048439026,
        "p90": 1.3544525027275085
    },
    "ttt_lr_scale": {
        "mean": 0.11451753973960876,
        "p50": 0.11786388605833054,
        "p90": 0.1353488653898239
    },
    "ttt_effective_base_lr": {
        "mean": 0.005725877359509468,
        "p50": 0.0058931943494826555,
        "p90": 0.006767443241551519
    },
    "clip_ratio": {
        "mean": 0.0,
        "p50": 0.0,
        "p90": 0.0
    },
    "conv_norm_pre": {
        "mean": 23.792524337768555,
        "p50": 23.42876434326172,
        "p90": 26.91188488006592
    },
    "conv_norm_post": {
        "mean": 25.29972267150879,
        "p50": 24.91266918182373,
        "p90": 28.61651496887207
    },
    "alpha_entropy_pearson_r": 0.9828325806230216,
    "group_attn_weights": {
        "mean": [
            0.3312196731567383,
            0.33491843938827515,
            0.33386194705963135
        ],
        "std": [
            4.620884283212945e-05,
            3.90962086385116e-05,
            4.699345663539134e-05
        ]
    },
    "group_attn_gamma_last": 0.1900564283132553,
    "group_attn_temperature_last": 0.5000022649765015
}