{
    "Subject_1": 0.7241379022598267,
    "Subject_2": 0.7758620977401733,
    "Subject_3": 0.8103448152542114,
    "Subject_4": 0.8103448152542114,
    "Subject_5": 0.8275862336158752,
    "Subject_6": 0.7241379022598267,
    "Subject_7": 0.9655172228813171,
    "Subject_8": 0.8275862336158752,
    "Subject_9": 0.8103448152542114,
    "Average": 0.808429115348392
}