{
    "alpha": {
        "mean": 0.017106160521507263,
        "p50": 0.012139083817601204,
        "p90": 0.03877533748745918
    },
    "entropy": {
        "mean": 0.9540443420410156,
        "p50": 0.9473536610603333,
        "p90": 1.214141058921814
    },
    "gate_entropy": {
        "mean": 0.9549565315246582,
        "p50": 0.9482754766941071,
        "p90": 1.2119449138641356
    },
    "ttt_lr_scale": {
        "mean": 0.041482292115688324,
        "p50": 0.03045636974275112,
        "p90": 0.09300837069749832
    },
    "ttt_effective_base_lr": {
        "mean": 0.0041482290253043175,
        "p50": 0.0030456369277089834,
        "p90": 0.009300837386399507
    },
    "clip_ratio": {
        "mean": 0.0,
        "p50": 0.0,
        "p90": 0.0
    },
    "conv_norm_pre": {
        "mean": 0.823804497718811,
        "p50": 0.7840036451816559,
        "p90": 1.0115343928337095
    },
    "conv_norm_post": {
        "mean": 0.9968260526657104,
        "p50": 0.9487225413322449,
        "p90": 1.2241662144660947
    },
    "alpha_entropy_pearson_r": 0.9195076480718389,
    "group_attn_weights": {
        "mean": [
            0.3297385573387146,
            0.3327672779560089,
            0.3374941945075989
        ],
        "std": [
            3.5762786865234375e-07,
            2.980232238769531e-07,
            5.960464477539062e-07
        ]
    },
    "group_attn_gamma_last": 0.6328379511833191,
    "group_attn_temperature_last": 0.4996125102043152
}