{
    "alpha": {
        "mean": 0.027268316596746445,
        "p50": 0.027303867042064667,
        "p90": 0.03775575347244739
    },
    "entropy": {
        "mean": 1.0507339239120483,
        "p50": 1.0246081948280334,
        "p90": 1.199517297744751
    },
    "gate_entropy": {
        "mean": 1.050824522972107,
        "p50": 1.0242878198623657,
        "p90": 1.1975162625312805
    },
    "ttt_lr_scale": {
        "mean": 0.06693441420793533,
        "p50": 0.06785287708044052,
        "p90": 0.09084356576204299
    },
    "ttt_effective_base_lr": {
        "mean": 0.006693442352116108,
        "p50": 0.0067852879874408245,
        "p90": 0.00908435694873333
    },
    "clip_ratio": {
        "mean": 0.0,
        "p50": 0.0,
        "p90": 0.0
    },
    "conv_norm_pre": {
        "mean": 11.412649154663086,
        "p50": 11.189549446105957,
        "p90": 14.651013374328613
    },
    "conv_norm_post": {
        "mean": 12.415202140808105,
        "p50": 12.172584056854248,
        "p90": 15.94194746017456
    },
    "alpha_entropy_pearson_r": 0.8723416489807257,
    "group_attn_weights": {
        "mean": [
            0.32544466853141785,
            0.33157479763031006,
            0.3429798483848572
        ],
        "std": [
            5.430548526419443e-07,
            3.7678137232433073e-07,
            6.95498840741493e-07
        ]
    },
    "group_attn_gamma_last": 0.26272815465927124,
    "group_attn_temperature_last": 0.5000141263008118
}