{
    "alpha": {
        "mean": 0.009732376784086227,
        "p50": 0.0,
        "p90": 0.031183738075196737
    },
    "entropy": {
        "mean": 0.8727617263793945,
        "p50": 0.864201009273529,
        "p90": 1.088156747817993
    },
    "gate_entropy": {
        "mean": 0.8736661076545715,
        "p50": 0.864201009273529,
        "p90": 1.094814097881317
    },
    "ttt_lr_scale": {
        "mean": 0.023934612050652504,
        "p50": 0.0,
        "p90": 0.0765607103705406
    },
    "ttt_effective_base_lr": {
        "mean": 0.002393461298197508,
        "p50": 0.0,
        "p90": 0.0076560712885111555
    },
    "clip_ratio": {
        "mean": 0.0,
        "p50": 0.0,
        "p90": 0.0
    },
    "conv_norm_pre": {
        "mean": 2.2997968196868896,
        "p50": 2.159631609916687,
        "p90": 2.6692311286926267
    },
    "conv_norm_post": {
        "mean": 2.5691046714782715,
        "p50": 2.4125248193740845,
        "p90": 2.983401703834533
    },
    "alpha_entropy_pearson_r": 0.8025560471305667,
    "group_attn_weights": {
        "mean": [
            0.3290891945362091,
            0.3323795199394226,
            0.3385312557220459
        ],
        "std": [
            2.980232238769531e-07,
            7.450580596923828e-07,
            4.172325134277344e-07
        ]
    },
    "group_attn_gamma_last": 0.35263097286224365,
    "group_attn_temperature_last": 0.4999390244483948
}