{
    "alpha": {
        "mean": 0.014870494604110718,
        "p50": 0.01186420675367117,
        "p90": 0.03261766731739044
    },
    "entropy": {
        "mean": 0.949927031993866,
        "p50": 0.9461620450019836,
        "p90": 1.1167715787887573
    },
    "gate_entropy": {
        "mean": 0.9516012072563171,
        "p50": 0.9499184787273407,
        "p90": 1.1188512325286866
    },
    "ttt_lr_scale": {
        "mean": 0.036600805819034576,
        "p50": 0.029818713665008545,
        "p90": 0.07972713112831116
    },
    "ttt_effective_base_lr": {
        "mean": 0.0036600804887712,
        "p50": 0.0029818713665008545,
        "p90": 0.007972713652998209
    },
    "clip_ratio": {
        "mean": 0.0,
        "p50": 0.0,
        "p90": 0.0
    },
    "conv_norm_pre": {
        "mean": 7.35342264175415,
        "p50": 7.206172704696655,
        "p90": 9.054981613159178
    },
    "conv_norm_post": {
        "mean": 8.125531196594238,
        "p50": 7.962286710739136,
        "p90": 10.007584095001219
    },
    "alpha_entropy_pearson_r": 0.9050057966415266,
    "group_attn_weights": {
        "mean": [
            0.3378005921840668,
            0.3362463712692261,
            0.3259534239768982
        ],
        "std": [
            5.18016292971879e-07,
            3.238046701881103e-07,
            5.225030008659814e-07
        ]
    },
    "group_attn_gamma_last": 0.31989699602127075,
    "group_attn_temperature_last": 0.4999799132347107
}