{
    "alpha": {
        "mean": 0.022304750978946686,
        "p50": 0.02859195414930582,
        "p90": 0.03734935075044631
    },
    "entropy": {
        "mean": 1.0085127353668213,
        "p50": 1.0495468974113464,
        "p90": 1.1943392753601074
    },
    "gate_entropy": {
        "mean": 1.0081226825714111,
        "p50": 1.0487003326416016,
        "p90": 1.191658878326416
    },
    "ttt_lr_scale": {
        "mean": 0.0545501634478569,
        "p50": 0.07076750695705414,
        "p90": 0.08997671753168104
    },
    "ttt_effective_base_lr": {
        "mean": 0.00545501708984375,
        "p50": 0.007076750975102186,
        "p90": 0.008997672237455843
    },
    "clip_ratio": {
        "mean": 0.0,
        "p50": 0.0,
        "p90": 0.0
    },
    "conv_norm_pre": {
        "mean": 9.548962593078613,
        "p50": 9.257624626159668,
        "p90": 13.019836139678954
    },
    "conv_norm_post": {
        "mean": 10.475587844848633,
        "p50": 10.157745361328125,
        "p90": 14.283193683624267
    },
    "alpha_entropy_pearson_r": 0.927426906380534,
    "group_attn_weights": {
        "mean": [
            0.3332862854003906,
            0.3305625915527344,
            0.3361511528491974
        ],
        "std": [
            8.236177961862268e-08,
            7.796455037123451e-08,
            1.4051802565973048e-07
        ]
    },
    "group_attn_gamma_last": 0.29056113958358765,
    "group_attn_temperature_last": 0.5000563859939575
}