{
    "alpha": {
        "mean": 0.017625311389565468,
        "p50": 0.025347799062728882,
        "p90": 0.035933487489819525
    },
    "entropy": {
        "mean": 0.9658958315849304,
        "p50": 0.9858508110046387,
        "p90": 1.1706397771835326
    },
    "gate_entropy": {
        "mean": 0.9662793874740601,
        "p50": 0.9850452840328217,
        "p90": 1.170817172527313
    },
    "ttt_lr_scale": {
        "mean": 0.04329801723361015,
        "p50": 0.06338117644190788,
        "p90": 0.08694105297327041
    },
    "ttt_effective_base_lr": {
        "mean": 0.004329802002757788,
        "p50": 0.006338117644190788,
        "p90": 0.00869410578161478
    },
    "clip_ratio": {
        "mean": 0.0,
        "p50": 0.0,
        "p90": 0.0
    },
    "conv_norm_pre": {
        "mean": 11.232264518737793,
        "p50": 11.445953845977783,
        "p90": 13.425182723999024
    },
    "conv_norm_post": {
        "mean": 12.30666446685791,
        "p50": 12.53803825378418,
        "p90": 14.711049461364746
    },
    "alpha_entropy_pearson_r": 0.8750509030769702,
    "group_attn_weights": {
        "mean": [
            0.32780367136001587,
            0.34074866771698,
            0.33144763112068176
        ],
        "std": [
            2.952912439013744e-07,
            2.2364156393450685e-07,
            1.1820387868510807e-07
        ]
    },
    "group_attn_gamma_last": 0.28693556785583496,
    "group_attn_temperature_last": 0.49985483288764954
}