{
    "alpha": {
        "mean": 0.017347324639558792,
        "p50": 0.026781202293932438,
        "p90": 0.03343557864427566
    },
    "entropy": {
        "mean": 0.9324796795845032,
        "p50": 1.014214813709259,
        "p90": 1.1332080841064454
    },
    "gate_entropy": {
        "mean": 0.9321670532226562,
        "p50": 1.0140712261199951,
        "p90": 1.1321110248565673
    },
    "ttt_lr_scale": {
        "mean": 0.0426158644258976,
        "p50": 0.0666634663939476,
        "p90": 0.08152031302452087
    },
    "ttt_effective_base_lr": {
        "mean": 0.004261586349457502,
        "p50": 0.006666346685960889,
        "p90": 0.008152031525969505
    },
    "clip_ratio": {
        "mean": 0.0,
        "p50": 0.0,
        "p90": 0.0
    },
    "conv_norm_pre": {
        "mean": 11.875801086425781,
        "p50": 11.272061824798584,
        "p90": 16.675436210632324
    },
    "conv_norm_post": {
        "mean": 12.906118392944336,
        "p50": 12.244709491729736,
        "p90": 18.14119243621826
    },
    "alpha_entropy_pearson_r": 0.9423114111618561,
    "group_attn_weights": {
        "mean": [
            0.34544846415519714,
            0.32326021790504456,
            0.3312912881374359
        ],
        "std": [
            6.324704008875415e-05,
            2.9585222364403307e-05,
            3.426433613640256e-05
        ]
    },
    "group_attn_gamma_last": 0.25974929332733154,
    "group_attn_temperature_last": 0.49973347783088684
}