{
    "alpha": {
        "mean": 0.020473822951316833,
        "p50": 0.02806154638528824,
        "p90": 0.04048330076038838
    },
    "entropy": {
        "mean": 0.9029091000556946,
        "p50": 1.0394030213356018,
        "p90": 1.236579179763794
    },
    "gate_entropy": {
        "mean": 0.9027200937271118,
        "p50": 1.0387755036354065,
        "p90": 1.235357129573822
    },
    "ttt_lr_scale": {
        "mean": 0.04978359863162041,
        "p50": 0.06957016512751579,
        "p90": 0.09660500064492225
    },
    "ttt_effective_base_lr": {
        "mean": 0.004978360142558813,
        "p50": 0.006957016419619322,
        "p90": 0.009660499915480614
    },
    "clip_ratio": {
        "mean": 0.0,
        "p50": 0.0,
        "p90": 0.0
    },
    "conv_norm_pre": {
        "mean": 13.6000394821167,
        "p50": 13.228414535522461,
        "p90": 16.80423355102539
    },
    "conv_norm_post": {
        "mean": 14.687295913696289,
        "p50": 14.283687114715576,
        "p90": 18.152596473693848
    },
    "alpha_entropy_pearson_r": 0.9132754963247308,
    "group_attn_weights": {
        "mean": [
            0.32368651032447815,
            0.3256341814994812,
            0.3506793677806854
        ],
        "std": [
            2.5973202355089597e-05,
            2.5999290301115252e-05,
            5.1921822887379676e-05
        ]
    },
    "group_attn_gamma_last": 0.23958636820316315,
    "group_attn_temperature_last": 0.49999773502349854
}