{
    "alpha": {
        "mean": 0.011800381354987621,
        "p50": 0.0,
        "p90": 0.035362940654158584
    },
    "entropy": {
        "mean": 0.9096525311470032,
        "p50": 0.8873865008354187,
        "p90": 1.1608386516571043
    },
    "gate_entropy": {
        "mean": 0.9097301363945007,
        "p50": 0.8873865008354187,
        "p90": 1.162184715270996
    },
    "ttt_lr_scale": {
        "mean": 0.028838779777288437,
        "p50": 0.0,
        "p90": 0.08570968583226203
    },
    "ttt_effective_base_lr": {
        "mean": 0.002883878303691745,
        "p50": 0.0,
        "p90": 0.008570968639105557
    },
    "clip_ratio": {
        "mean": 0.0062500000931322575,
        "p50": 0.0,
        "p90": 0.0
    },
    "conv_norm_pre": {
        "mean": 18.302669525146484,
        "p50": 18.06600284576416,
        "p90": 22.660411834716797
    },
    "conv_norm_post": {
        "mean": 19.6158390045166,
        "p50": 19.361297607421875,
        "p90": 24.29156265258789
    },
    "alpha_entropy_pearson_r": 0.8882172855199715,
    "group_attn_weights": {
        "mean": [
            0.33156803250312805,
            0.3384484350681305,
            0.3299834728240967
        ],
        "std": [
            2.1542766262427904e-05,
            1.0909111551882233e-05,
            1.0637601917551365e-05
        ]
    },
    "group_attn_gamma_last": 0.2151801437139511,
    "group_attn_temperature_last": 0.4999631643295288
}