{
    "alpha": {
        "mean": 0.024898549541831017,
        "p50": 0.030325468629598618,
        "p90": 0.04116319380700588
    },
    "entropy": {
        "mean": 0.9902507662773132,
        "p50": 1.0745294094085693,
        "p90": 1.2389199256896972
    },
    "gate_entropy": {
        "mean": 0.9935554265975952,
        "p50": 1.0799740552902222,
        "p90": 1.2444233775138855
    },
    "ttt_lr_scale": {
        "mean": 0.06032902002334595,
        "p50": 0.07465316727757454,
        "p90": 0.09802628979086876
    },
    "ttt_effective_base_lr": {
        "mean": 0.00603290181607008,
        "p50": 0.007465316681191325,
        "p90": 0.009802629332989454
    },
    "clip_ratio": {
        "mean": 0.0,
        "p50": 0.0,
        "p90": 0.0
    },
    "conv_norm_pre": {
        "mean": 8.986875534057617,
        "p50": 9.07169485092163,
        "p90": 11.689727973937988
    },
    "conv_norm_post": {
        "mean": 9.99824333190918,
        "p50": 10.096919059753418,
        "p90": 13.008940505981446
    },
    "alpha_entropy_pearson_r": 0.9576297622876832,
    "group_attn_weights": {
        "mean": [
            0.33382391929626465,
            0.3462039530277252,
            0.31997209787368774
        ],
        "std": [
            4.172325134277344e-07,
            7.152557373046875e-07,
            2.980232238769531e-07
        ]
    },
    "group_attn_gamma_last": 0.33861032128334045,
    "group_attn_temperature_last": 0.499744176864624
}