{
    "alpha": {
        "mean": 0.024305101484060287,
        "p50": 0.026382116600871086,
        "p90": 0.04256529323756695
    },
    "entropy": {
        "mean": 1.0260587930679321,
        "p50": 1.0077142715454102,
        "p90": 1.2514747858047484
    },
    "gate_entropy": {
        "mean": 1.028021216392517,
        "p50": 1.0061426758766174,
        "p90": 1.2627022027969361
    },
    "ttt_lr_scale": {
        "mean": 0.059328485280275345,
        "p50": 0.06575263291597366,
        "p90": 0.10093922913074493
    },
    "ttt_effective_base_lr": {
        "mean": 0.005932848900556564,
        "p50": 0.006575263338163495,
        "p90": 0.010093923099339009
    },
    "clip_ratio": {
        "mean": 0.0,
        "p50": 0.0,
        "p90": 0.0
    },
    "conv_norm_pre": {
        "mean": 7.715594291687012,
        "p50": 7.130981922149658,
        "p90": 10.902915287017823
    },
    "conv_norm_post": {
        "mean": 8.517380714416504,
        "p50": 7.872064590454102,
        "p90": 12.038070392608642
    },
    "alpha_entropy_pearson_r": 0.8783377184585196,
    "group_attn_weights": {
        "mean": [
            0.3377876579761505,
            0.3329163193702698,
            0.3292958736419678
        ],
        "std": [
            1.7941827934464527e-07,
            3.582094620924181e-07,
            3.7109575146132556e-07
        ]
    },
    "group_attn_gamma_last": 0.3132408559322357,
    "group_attn_temperature_last": 0.5000508427619934
}