{
    "alpha": {
        "mean": 0.028535138815641403,
        "p50": 0.03221273608505726,
        "p90": 0.04354181736707687
    },
    "entropy": {
        "mean": 1.0924592018127441,
        "p50": 1.1116518378257751,
        "p90": 1.2722419619560241
    },
    "gate_entropy": {
        "mean": 1.0938724279403687,
        "p50": 1.1121739149093628,
        "p90": 1.2751120924949646
    },
    "ttt_lr_scale": {
        "mean": 0.06906838715076447,
        "p50": 0.07883605733513832,
        "p90": 0.10295352861285209
    },
    "ttt_effective_base_lr": {
        "mean": 0.006906838621944189,
        "p50": 0.007883606012910604,
        "p90": 0.010295352712273598
    },
    "clip_ratio": {
        "mean": 0.0,
        "p50": 0.0,
        "p90": 0.0
    },
    "conv_norm_pre": {
        "mean": 3.6398308277130127,
        "p50": 2.9199304580688477,
        "p90": 5.783525609970093
    },
    "conv_norm_post": {
        "mean": 4.115503311157227,
        "p50": 3.3015815019607544,
        "p90": 6.539250040054322
    },
    "alpha_entropy_pearson_r": 0.9398623318380108,
    "group_attn_weights": {
        "mean": [
            0.3328021168708801,
            0.3329075574874878,
            0.3342897593975067
        ],
        "std": [
            6.258487701416016e-07,
            3.8743019104003906e-07,
            3.2782554626464844e-07
        ]
    },
    "group_attn_gamma_last": 0.3922210931777954,
    "group_attn_temperature_last": 0.4999823570251465
}