{
    "alpha": {
        "mean": 0.02969958819448948,
        "p50": 0.02642839401960373,
        "p90": 0.04614519290626049
    },
    "entropy": {
        "mean": 1.0744235515594482,
        "p50": 1.0095388293266296,
        "p90": 1.3020980477333068
    },
    "gate_entropy": {
        "mean": 1.0740835666656494,
        "p50": 1.0070679187774658,
        "p90": 1.307007622718811
    },
    "ttt_lr_scale": {
        "mean": 0.07219289243221283,
        "p50": 0.0658583790063858,
        "p90": 0.108266631513834
    },
    "ttt_effective_base_lr": {
        "mean": 0.007219289429485798,
        "p50": 0.0065858380403369665,
        "p90": 0.010826663207262754
    },
    "clip_ratio": {
        "mean": 0.0,
        "p50": 0.0,
        "p90": 0.0
    },
    "conv_norm_pre": {
        "mean": 4.4357805252075195,
        "p50": 4.0561439990997314,
        "p90": 6.225377416610717
    },
    "conv_norm_post": {
        "mean": 4.921209812164307,
        "p50": 4.499410152435303,
        "p90": 6.906186723709107
    },
    "alpha_entropy_pearson_r": 0.9536431306385079,
    "group_attn_weights": {
        "mean": [
            0.33320125937461853,
            0.3300097584724426,
            0.33678844571113586
        ],
        "std": [
            4.6852244395267917e-07,
            5.369124096432643e-07,
            5.041902113589458e-07
        ]
    },
    "group_attn_gamma_last": 0.3283703923225403,
    "group_attn_temperature_last": 0.5001471042633057
}