{
    "alpha": {
        "mean": 0.017881324514746666,
        "p50": 0.025111692026257515,
        "p90": 0.037886773422360416
    },
    "entropy": {
        "mean": 0.9352930784225464,
        "p50": 0.977981299161911,
        "p90": 1.1950719833374024
    },
    "gate_entropy": {
        "mean": 0.9374448657035828,
        "p50": 0.9801129102706909,
        "p90": 1.1993958473205566
    },
    "ttt_lr_scale": {
        "mean": 0.04346122592687607,
        "p50": 0.06283760629594326,
        "p90": 0.091122717410326
    },
    "ttt_effective_base_lr": {
        "mean": 0.004346122499555349,
        "p50": 0.006283760769292712,
        "p90": 0.00911227222532034
    },
    "clip_ratio": {
        "mean": 0.0,
        "p50": 0.0,
        "p90": 0.0
    },
    "conv_norm_pre": {
        "mean": 11.998903274536133,
        "p50": 12.683475971221924,
        "p90": 14.758672523498536
    },
    "conv_norm_post": {
        "mean": 13.151504516601562,
        "p50": 13.911357879638672,
        "p90": 16.17231502532959
    },
    "alpha_entropy_pearson_r": 0.9134511897709051,
    "group_attn_weights": {
        "mean": [
            0.324984610080719,
            0.3439253568649292,
            0.33109045028686523
        ],
        "std": [
            6.072291967029741e-07,
            3.7882372794229013e-07,
            3.506050347823475e-07
        ]
    },
    "group_attn_gamma_last": 0.28616511821746826,
    "group_attn_temperature_last": 0.499994158744812
}