{
    "Subject_1": 0.7749999761581421,
    "Subject_2": 0.643750011920929,
    "Subject_3": 0.925000011920929,
    "Subject_4": 0.981249988079071,
    "Subject_5": 0.75,
    "Subject_6": 0.8062499761581421,
    "Subject_7": 0.512499988079071,
    "Subject_8": 0.6812499761581421,
    "Subject_9": 0.9937499761581421,
    "Subject_10": 0.875,
    "Subject_11": 0.9312499761581421,
    "Subject_12": 0.9312499761581421,
    "Subject_13": 0.6812499761581421,
    "Subject_14": 0.612500011920929,
    "Average": 0.7928571317877088
}