{
    "alpha": {
        "mean": 0.029583530500531197,
        "p50": 0.02958382572978735,
        "p90": 0.029586108587682246
    },
    "entropy": {
        "mean": 1.213200330734253,
        "p50": 1.2450056672096252,
        "p90": 1.3461797833442688
    },
    "clip_ratio": {
        "mean": 1.0,
        "p50": 1.0,
        "p90": 1.0
    },
    "conv_norm_pre": {
        "mean": 31.85420799255371,
        "p50": 31.860309600830078,
        "p90": 35.43418922424317
    },
    "conv_norm_post": {
        "mean": 33.54819107055664,
        "p50": 33.55557441711426,
        "p90": 37.317456054687504
    },
    "alpha_entropy_pearson_r": 0.24189987409241512,
    "group_attn_weights": {
        "mean": [
            0.3305851221084595,
            0.3298487961292267,
            0.33956605195999146
        ],
        "std": [
            0.00046729424502700567,
            0.00041326365317218006,
            0.0005359466886147857
        ]
    },
    "group_attn_gamma_last": 0.15956556797027588,
    "group_attn_temperature_last": 0.49998533725738525
}