{
    "alpha": {
        "mean": 0.0334189273416996,
        "p50": 0.03341895341873169,
        "p90": 0.033419492468237874
    },
    "entropy": {
        "mean": 0.9470171332359314,
        "p50": 0.9996159672737122,
        "p90": 1.2929424047470093
    },
    "clip_ratio": {
        "mean": 1.0,
        "p50": 1.0,
        "p90": 1.0
    },
    "conv_norm_pre": {
        "mean": 27.146013259887695,
        "p50": 26.609911918640137,
        "p90": 31.729997253417974
    },
    "conv_norm_post": {
        "mean": 28.751035690307617,
        "p50": 28.18226909637451,
        "p90": 33.60647048950196
    },
    "alpha_entropy_pearson_r": -0.1603858306819915,
    "group_attn_weights": {
        "mean": [
            0.33420175313949585,
            0.32941436767578125,
            0.33638378977775574
        ],
        "std": [
            0.00011492434714455158,
            9.432692604605108e-05,
            0.00012845342280343175
        ]
    },
    "group_attn_gamma_last": 0.17740167677402496,
    "group_attn_temperature_last": 0.499988853931427
}