{
    "alpha": {
        "mean": 0.0340210385620594,
        "p50": 0.0340210385620594,
        "p90": 0.03402118384838104
    },
    "entropy": {
        "mean": 1.2244796752929688,
        "p50": 1.2740554809570312,
        "p90": 1.36258704662323
    },
    "clip_ratio": {
        "mean": 1.0,
        "p50": 1.0,
        "p90": 1.0
    },
    "conv_norm_pre": {
        "mean": 25.339550018310547,
        "p50": 24.777392387390137,
        "p90": 27.521829986572268
    },
    "conv_norm_post": {
        "mean": 26.864749908447266,
        "p50": 26.26865291595459,
        "p90": 29.178210258483887
    },
    "alpha_entropy_pearson_r": 0.04546624735284195,
    "group_attn_weights": {
        "mean": [
            0.33227527141571045,
            0.33306267857551575,
            0.3346621096134186
        ],
        "std": [
            0.00014783727237954736,
            0.000153104163473472,
            0.00011127907782793045
        ]
    },
    "group_attn_gamma_last": 0.1805766075849533,
    "group_attn_temperature_last": 0.500006377696991
}