{
    "alpha": {
        "mean": 0.04161125794053078,
        "p50": 0.041611261665821075,
        "p90": 0.04161129146814346
    },
    "entropy": {
        "mean": 1.2162646055221558,
        "p50": 1.2369855046272278,
        "p90": 1.3469297170639039
    },
    "clip_ratio": {
        "mean": 1.0,
        "p50": 1.0,
        "p90": 1.0
    },
    "conv_norm_pre": {
        "mean": 20.384008407592773,
        "p50": 20.07393169403076,
        "p90": 23.332193183898926
    },
    "conv_norm_post": {
        "mean": 21.847089767456055,
        "p50": 21.513728141784668,
        "p90": 25.023132705688475
    },
    "alpha_entropy_pearson_r": 0.02713640133071115,
    "group_attn_weights": {
        "mean": [
            0.3504781723022461,
            0.32139110565185547,
            0.32813066244125366
        ],
        "std": [
            0.0002127053594449535,
            0.00010507998376851901,
            0.00010825576464412734
        ]
    },
    "group_attn_gamma_last": 0.21516411006450653,
    "group_attn_temperature_last": 0.49993908405303955
}