{
    "alpha": {
        "mean": 0.034173522144556046,
        "p50": 0.03417357988655567,
        "p90": 0.03417382724583149
    },
    "entropy": {
        "mean": 1.0828211307525635,
        "p50": 1.1554914712905884,
        "p90": 1.332649827003479
    },
    "clip_ratio": {
        "mean": 1.0,
        "p50": 1.0,
        "p90": 1.0
    },
    "conv_norm_pre": {
        "mean": 27.197147369384766,
        "p50": 27.013291358947754,
        "p90": 31.8323112487793
    },
    "conv_norm_post": {
        "mean": 28.838634490966797,
        "p50": 28.643778800964355,
        "p90": 33.75357093811035
    },
    "alpha_entropy_pearson_r": -0.07723789276757011,
    "group_attn_weights": {
        "mean": [
            0.3319791257381439,
            0.33352118730545044,
            0.33449968695640564
        ],
        "std": [
            5.892170520382933e-05,
            0.00012367588351480663,
            0.00010361028398619965
        ]
    },
    "group_attn_gamma_last": 0.18108327686786652,
    "group_attn_temperature_last": 0.5000014305114746
}