{
    "alpha": {
        "mean": 0.03588114678859711,
        "p50": 0.035881154239177704,
        "p90": 0.035881198942661285
    },
    "entropy": {
        "mean": 1.231502890586853,
        "p50": 1.2636991739273071,
        "p90": 1.3546613335609436
    },
    "clip_ratio": {
        "mean": 1.0,
        "p50": 1.0,
        "p90": 1.0
    },
    "conv_norm_pre": {
        "mean": 24.7692813873291,
        "p50": 24.449109077453613,
        "p90": 28.244820404052735
    },
    "conv_norm_post": {
        "mean": 26.331809997558594,
        "p50": 25.991435050964355,
        "p90": 30.026058578491213
    },
    "alpha_entropy_pearson_r": 0.256633139380111,
    "group_attn_weights": {
        "mean": [
            0.33013346791267395,
            0.3343336284160614,
            0.33553287386894226
        ],
        "std": [
            4.313240424380638e-05,
            2.736630085564684e-05,
            3.653260864666663e-05
        ]
    },
    "group_attn_gamma_last": 0.18929992616176605,
    "group_attn_temperature_last": 0.4999985098838806
}