{
    "alpha": {
        "mean": 0.033268798142671585,
        "p50": 0.033268656581640244,
        "p90": 0.03326977230608463
    },
    "entropy": {
        "mean": 0.9654155373573303,
        "p50": 1.0459187030792236,
        "p90": 1.230253231525421
    },
    "clip_ratio": {
        "mean": 1.0,
        "p50": 1.0,
        "p90": 1.0
    },
    "conv_norm_pre": {
        "mean": 28.479694366455078,
        "p50": 27.734227180480957,
        "p90": 35.169015121459964
    },
    "conv_norm_post": {
        "mean": 30.156923294067383,
        "p50": 29.36655616760254,
        "p90": 37.2401538848877
    },
    "alpha_entropy_pearson_r": -0.4457800770765067,
    "group_attn_weights": {
        "mean": [
            0.3273366093635559,
            0.33300068974494934,
            0.33966273069381714
        ],
        "std": [
            0.00017546881281305104,
            0.0001918625639518723,
            0.00015473997336812317
        ]
    },
    "group_attn_gamma_last": 0.176532581448555,
    "group_attn_temperature_last": 0.49997591972351074
}