{
    "alpha": {
        "mean": 0.035095714032649994,
        "p50": 0.035095714032649994,
        "p90": 0.03509605154395103
    },
    "entropy": {
        "mean": 0.962579071521759,
        "p50": 0.9819397032260895,
        "p90": 1.2444244146347045
    },
    "clip_ratio": {
        "mean": 1.0,
        "p50": 1.0,
        "p90": 1.0
    },
    "conv_norm_pre": {
        "mean": 24.893306732177734,
        "p50": 24.669230461120605,
        "p90": 30.032986831665042
    },
    "conv_norm_post": {
        "mean": 26.431541442871094,
        "p50": 26.19370174407959,
        "p90": 31.888077926635745
    },
    "alpha_entropy_pearson_r": 0.3170636978428859,
    "group_attn_weights": {
        "mean": [
            0.33526328206062317,
            0.33283531665802,
            0.33190131187438965
        ],
        "std": [
            0.00010110028961207718,
            0.00014237048162613064,
            0.0002056053199339658
        ]
    },
    "group_attn_gamma_last": 0.1853109747171402,
    "group_attn_temperature_last": 0.49999570846557617
}