{
    "alpha": {
        "mean": 0.03253301605582237,
        "p50": 0.032533008605241776,
        "p90": 0.03253352604806423
    },
    "entropy": {
        "mean": 0.8948414325714111,
        "p50": 0.8840798139572144,
        "p90": 1.163583254814148
    },
    "clip_ratio": {
        "mean": 1.0,
        "p50": 1.0,
        "p90": 1.0
    },
    "conv_norm_pre": {
        "mean": 28.070301055908203,
        "p50": 27.295427322387695,
        "p90": 32.249763107299806
    },
    "conv_norm_post": {
        "mean": 29.693130493164062,
        "p50": 28.872159004211426,
        "p90": 34.11305618286133
    },
    "alpha_entropy_pearson_r": -0.13217032480180904,
    "group_attn_weights": {
        "mean": [
            0.327653169631958,
            0.34088581800460815,
            0.33146095275878906
        ],
        "std": [
            0.00016299335402436554,
            0.00029429738060571253,
            0.00016187420987989753
        ]
    },
    "group_attn_gamma_last": 0.1734435111284256,
    "group_attn_temperature_last": 0.500000536441803
}