{
    "Subject_1": 0.32758620381355286,
    "Subject_2": 0.5344827771186829,
    "Subject_3": 0.568965494632721,
    "Subject_4": 0.4137931168079376,
    "Subject_5": 0.6206896305084229,
    "Subject_6": 0.5,
    "Subject_7": 0.7931034564971924,
    "Subject_8": 0.7241379022598267,
    "Subject_9": 0.5344827771186829,
    "Average": 0.5574712620841132
}