{
    "alpha": {
        "mean": 0.0261001605540514,
        "p50": 0.02726177219301462,
        "p90": 0.033766938000917436
    },
    "entropy": {
        "mean": 1.1716078519821167,
        "p50": 1.198333501815796,
        "p90": 1.3174867391586305
    },
    "gate_entropy": {
        "mean": 1.17171049118042,
        "p50": 1.1984570026397705,
        "p90": 1.3175259351730346
    },
    "ttt_lr_scale": {
        "mean": 0.060999128967523575,
        "p50": 0.06409591063857079,
        "p90": 0.07691159397363663
    },
    "ttt_effective_base_lr": {
        "mean": 0.0030499568674713373,
        "p50": 0.0032047955319285393,
        "p90": 0.0038455797126516703
    },
    "clip_ratio": {
        "mean": 0.0,
        "p50": 0.0,
        "p90": 0.0
    },
    "conv_norm_pre": {
        "mean": 26.125717163085938,
        "p50": 25.844735145568848,
        "p90": 29.554831504821777
    },
    "conv_norm_post": {
        "mean": 27.73063850402832,
        "p50": 27.42841148376465,
        "p90": 31.39544906616211
    },
    "alpha_entropy_pearson_r": 0.9757432979294675,
    "group_attn_weights": {
        "mean": [
            0.3567969501018524,
            0.31664222478866577,
            0.3265607953071594
        ],
        "std": [
            0.0008703526691533625,
            0.00043019570875912905,
            0.00046806762111373246
        ]
    },
    "group_attn_gamma_last": 0.18371707201004028,
    "group_attn_temperature_last": 0.4995979964733124
}