{
    "alpha": {
        "mean": 0.02238178625702858,
        "p50": 0.0255287978798151,
        "p90": 0.03433497399091721
    },
    "entropy": {
        "mean": 1.0988001823425293,
        "p50": 1.1624138951301575,
        "p90": 1.3276497006416321
    },
    "gate_entropy": {
        "mean": 1.0988364219665527,
        "p50": 1.1622599363327026,
        "p90": 1.3269633650779724
    },
    "ttt_lr_scale": {
        "mean": 0.05233418196439743,
        "p50": 0.06053608097136021,
        "p90": 0.07799401208758354
    },
    "ttt_effective_base_lr": {
        "mean": 0.0026167090982198715,
        "p50": 0.0030268040718510747,
        "p90": 0.0038997006369754675
    },
    "clip_ratio": {
        "mean": 0.0,
        "p50": 0.0,
        "p90": 0.0
    },
    "conv_norm_pre": {
        "mean": 26.774333953857422,
        "p50": 26.441425323486328,
        "p90": 31.680945205688477
    },
    "conv_norm_post": {
        "mean": 28.40304946899414,
        "p50": 28.049978256225586,
        "p90": 33.608248519897465
    },
    "alpha_entropy_pearson_r": 0.9811493748771677,
    "group_attn_weights": {
        "mean": [
            0.3340418040752411,
            0.3325309753417969,
            0.3334272503852844
        ],
        "std": [
            8.918827370507643e-05,
            0.00012121167674195021,
            0.00011040954996133223
        ]
    },
    "group_attn_gamma_last": 0.18249131739139557,
    "group_attn_temperature_last": 0.4999932050704956
}