{
    "alpha": {
        "mean": 0.031478554010391235,
        "p50": 0.032773515209555626,
        "p90": 0.03649324513971806
    },
    "entropy": {
        "mean": 1.271652102470398,
        "p50": 1.3006014823913574,
        "p90": 1.3614733815193176
    },
    "gate_entropy": {
        "mean": 1.2716964483261108,
        "p50": 1.3007618188858032,
        "p90": 1.361523938179016
    },
    "ttt_lr_scale": {
        "mean": 0.07228407263755798,
        "p50": 0.07500766962766647,
        "p90": 0.08204910159111023
    },
    "ttt_effective_base_lr": {
        "mean": 0.0036142030730843544,
        "p50": 0.00375038362108171,
        "p90": 0.004102454986423254
    },
    "clip_ratio": {
        "mean": 0.0,
        "p50": 0.0,
        "p90": 0.0
    },
    "conv_norm_pre": {
        "mean": 26.148204803466797,
        "p50": 25.883061408996582,
        "p90": 28.535938453674316
    },
    "conv_norm_post": {
        "mean": 27.73434829711914,
        "p50": 27.452930450439453,
        "p90": 30.266910743713378
    },
    "alpha_entropy_pearson_r": 0.9935053232375802,
    "group_attn_weights": {
        "mean": [
            0.3348242938518524,
            0.33250516653060913,
            0.33267050981521606
        ],
        "std": [
            0.000147880899021402,
            0.00018916200497187674,
            0.00014048776938579977
        ]
    },
    "group_attn_gamma_last": 0.18198880553245544,
    "group_attn_temperature_last": 0.5000092387199402
}