{
    "alpha": {
        "mean": 0.024982819333672523,
        "p50": 0.03216758742928505,
        "p90": 0.040568814426660535
    },
    "entropy": {
        "mean": 0.5525593757629395,
        "p50": 0.59743732213974,
        "p90": 0.6838312149047852
    },
    "gate_entropy": {
        "mean": 0.7971168756484985,
        "p50": 0.8614222705364227,
        "p90": 0.9865051865577698
    },
    "ttt_lr_scale": {
        "mean": 0.06049548462033272,
        "p50": 0.07873648777604103,
        "p90": 0.09678408950567245
    },
    "ttt_effective_base_lr": {
        "mean": 0.0060495492070913315,
        "p50": 0.007873648777604103,
        "p90": 0.009678409155458211
    },
    "clip_ratio": {
        "mean": 0.0,
        "p50": 0.0,
        "p90": 0.0
    },
    "conv_norm_pre": {
        "mean": 9.808210372924805,
        "p50": 9.6436767578125,
        "p90": 11.689031028747559
    },
    "conv_norm_post": {
        "mean": 10.674131393432617,
        "p50": 10.494466781616211,
        "p90": 12.720839881896973
    },
    "alpha_entropy_pearson_r": 0.9378748292319748,
    "group_attn_weights": {
        "mean": [
            0.34392744302749634,
            0.33073869347572327,
            0.325333833694458
        ],
        "std": [
            1.34276706376113e-06,
            6.800329970246821e-07,
            6.697396770505293e-07
        ]
    },
    "group_attn_gamma_last": 0.2652192711830139,
    "group_attn_temperature_last": 0.49989405274391174
}