{
    "alpha": {
        "mean": 0.0167377982288599,
        "p50": 0.0,
        "p90": 0.0392122969031334
    },
    "entropy": {
        "mean": 0.45006197690963745,
        "p50": 0.4619642198085785,
        "p90": 0.6715438723564149
    },
    "gate_entropy": {
        "mean": 0.649196207523346,
        "p50": 0.6664734780788422,
        "p90": 0.9680175065994263
    },
    "ttt_lr_scale": {
        "mean": 0.04061073809862137,
        "p50": 0.0,
        "p90": 0.09393182024359704
    },
    "ttt_effective_base_lr": {
        "mean": 0.004061073996126652,
        "p50": 0.0,
        "p90": 0.00939318183809519
    },
    "clip_ratio": {
        "mean": 0.0,
        "p50": 0.0,
        "p90": 0.0
    },
    "conv_norm_pre": {
        "mean": 26.1640567779541,
        "p50": 25.058300971984863,
        "p90": 34.815941238403326
    },
    "conv_norm_post": {
        "mean": 27.612384796142578,
        "p50": 26.447670936584473,
        "p90": 36.73474731445313
    },
    "alpha_entropy_pearson_r": 0.9099587028821554,
    "group_attn_weights": {
        "mean": [
            0.3260325491428375,
            0.3304574489593506,
            0.3435100317001343
        ],
        "std": [
            0.0005474209319800138,
            0.00029069610172882676,
            0.00037324847653508186
        ]
    },
    "group_attn_gamma_last": 0.16607916355133057,
    "group_attn_temperature_last": 0.4999508261680603
}