{
    "alpha": {
        "mean": 0.02561759389936924,
        "p50": 0.031561373732984066,
        "p90": 0.04114651679992676
    },
    "entropy": {
        "mean": 0.5430687069892883,
        "p50": 0.589249312877655,
        "p90": 0.6893051922321319
    },
    "gate_entropy": {
        "mean": 0.7835280895233154,
        "p50": 0.8510165810585022,
        "p90": 0.9942038655281067
    },
    "ttt_lr_scale": {
        "mean": 0.06203938648104668,
        "p50": 0.0773911215364933,
        "p90": 0.09799154698848725
    },
    "ttt_effective_base_lr": {
        "mean": 0.006203939206898212,
        "p50": 0.007739112246781588,
        "p90": 0.009799154847860337
    },
    "clip_ratio": {
        "mean": 0.0,
        "p50": 0.0,
        "p90": 0.0
    },
    "conv_norm_pre": {
        "mean": 25.8444766998291,
        "p50": 25.67648220062256,
        "p90": 28.95453758239746
    },
    "conv_norm_post": {
        "mean": 27.29117774963379,
        "p50": 27.113778114318848,
        "p90": 30.575182914733887
    },
    "alpha_entropy_pearson_r": 0.9253989686316724,
    "group_attn_weights": {
        "mean": [
            0.3334804177284241,
            0.3335041403770447,
            0.33301544189453125
        ],
        "std": [
            0.0008088581962510943,
            0.0005154922255314887,
            0.00036823636037297547
        ]
    },
    "group_attn_gamma_last": 0.16792897880077362,
    "group_attn_temperature_last": 0.4999905824661255
}