{
    "alpha": {
        "mean": 0.024145767092704773,
        "p50": 0.03187768533825874,
        "p90": 0.03992846161127091
    },
    "entropy": {
        "mean": 0.541096568107605,
        "p50": 0.593708872795105,
        "p90": 0.6778026044368745
    },
    "gate_entropy": {
        "mean": 0.7806695699691772,
        "p50": 0.8565857410430908,
        "p90": 0.9778464734554292
    },
    "ttt_lr_scale": {
        "mean": 0.0585443452000618,
        "p50": 0.07809695601463318,
        "p90": 0.09544044584035875
    },
    "ttt_effective_base_lr": {
        "mean": 0.005854434333741665,
        "p50": 0.007809695787727833,
        "p90": 0.009544044453650714
    },
    "clip_ratio": {
        "mean": 0.0,
        "p50": 0.0,
        "p90": 0.0
    },
    "conv_norm_pre": {
        "mean": 21.830690383911133,
        "p50": 21.63830852508545,
        "p90": 26.516258049011235
    },
    "conv_norm_post": {
        "mean": 23.21787452697754,
        "p50": 23.013208389282227,
        "p90": 28.201243782043463
    },
    "alpha_entropy_pearson_r": 0.9063986639337083,
    "group_attn_weights": {
        "mean": [
            0.33339306712150574,
            0.3340924382209778,
            0.33251437544822693
        ],
        "std": [
            9.505775960860774e-05,
            5.047083323006518e-05,
            4.857889507547952e-05
        ]
    },
    "group_attn_gamma_last": 0.19061775505542755,
    "group_attn_temperature_last": 0.5000004768371582
}