{
    "alpha": {
        "mean": 0.019962526857852936,
        "p50": 0.027213470079004765,
        "p90": 0.040897611901164053
    },
    "entropy": {
        "mean": 0.5039981603622437,
        "p50": 0.5353105962276459,
        "p90": 0.6872859597206116
    },
    "gate_entropy": {
        "mean": 0.727140486240387,
        "p50": 0.7725324034690857,
        "p90": 0.9908979892730713
    },
    "ttt_lr_scale": {
        "mean": 0.048403024673461914,
        "p50": 0.06764740124344826,
        "p90": 0.09747179076075554
    },
    "ttt_effective_base_lr": {
        "mean": 0.004840302746742964,
        "p50": 0.006764740217477083,
        "p90": 0.00974717941135168
    },
    "clip_ratio": {
        "mean": 0.0,
        "p50": 0.0,
        "p90": 0.0
    },
    "conv_norm_pre": {
        "mean": 23.25588035583496,
        "p50": 23.822829246520996,
        "p90": 29.711418914794923
    },
    "conv_norm_post": {
        "mean": 24.664976119995117,
        "p50": 25.26627254486084,
        "p90": 31.511523246765137
    },
    "alpha_entropy_pearson_r": 0.9114698166524173,
    "group_attn_weights": {
        "mean": [
            0.33515527844429016,
            0.3299413025379181,
            0.33490338921546936
        ],
        "std": [
            0.00022437340521719307,
            0.00013818484148941934,
            0.00012328119191806763
        ]
    },
    "group_attn_gamma_last": 0.1817605197429657,
    "group_attn_temperature_last": 0.4999900460243225
}