{
    "alpha": {
        "mean": 0.02386641874909401,
        "p50": 0.031053329817950726,
        "p90": 0.041220775619149205
    },
    "entropy": {
        "mean": 0.5536196231842041,
        "p50": 0.5837759375572205,
        "p90": 0.6898856103420258
    },
    "gate_entropy": {
        "mean": 0.7987523674964905,
        "p50": 0.8425990045070648,
        "p90": 0.995186573266983
    },
    "ttt_lr_scale": {
        "mean": 0.05770225450396538,
        "p50": 0.07627192884683609,
        "p90": 0.09814646169543266
    },
    "ttt_effective_base_lr": {
        "mean": 0.0057702260091900826,
        "p50": 0.007627193117514253,
        "p90": 0.009814646374434233
    },
    "clip_ratio": {
        "mean": 0.0,
        "p50": 0.0,
        "p90": 0.0
    },
    "conv_norm_pre": {
        "mean": 13.043304443359375,
        "p50": 12.63639497756958,
        "p90": 14.907607936859131
    },
    "conv_norm_post": {
        "mean": 14.127134323120117,
        "p50": 13.68635368347168,
        "p90": 16.14614372253418
    },
    "alpha_entropy_pearson_r": 0.9510980929196313,
    "group_attn_weights": {
        "mean": [
            0.3341994881629944,
            0.3324853181838989,
            0.3333152234554291
        ],
        "std": [
            8.580689609516412e-06,
            4.303426067053806e-06,
            4.2756714719871525e-06
        ]
    },
    "group_attn_gamma_last": 0.24929006397724152,
    "group_attn_temperature_last": 0.5000030398368835
}