{
    "alpha": {
        "mean": 0.014725729823112488,
        "p50": 0.0,
        "p90": 0.03835086561739446
    },
    "entropy": {
        "mean": 0.4483543336391449,
        "p50": 0.4627082347869873,
        "p90": 0.6605184197425843
    },
    "gate_entropy": {
        "mean": 0.6477918028831482,
        "p50": 0.6675468981266022,
        "p90": 0.9559577345848085
    },
    "ttt_lr_scale": {
        "mean": 0.03569823503494263,
        "p50": 0.0,
        "p90": 0.09210784509778025
    },
    "ttt_effective_base_lr": {
        "mean": 0.003569823456928134,
        "p50": 0.0,
        "p90": 0.009210784547030929
    },
    "clip_ratio": {
        "mean": 0.0,
        "p50": 0.0,
        "p90": 0.0
    },
    "conv_norm_pre": {
        "mean": 22.043075561523438,
        "p50": 21.667593002319336,
        "p90": 26.68656330108643
    },
    "conv_norm_post": {
        "mean": 23.397302627563477,
        "p50": 22.998703002929688,
        "p90": 28.326592254638676
    },
    "alpha_entropy_pearson_r": 0.8842771813282256,
    "group_attn_weights": {
        "mean": [
            0.33557969331741333,
            0.32972627878189087,
            0.334693968296051
        ],
        "std": [
            8.997894474305212e-05,
            7.579305383842438e-05,
            2.9976077712490223e-05
        ]
    },
    "group_attn_gamma_last": 0.18434767425060272,
    "group_attn_temperature_last": 0.49998539686203003
}