{
    "alpha": {
        "mean": 0.003337858011946082,
        "p50": 0.0,
        "p90": 0.016827013343572686
    },
    "entropy": {
        "mean": 0.19803129136562347,
        "p50": 0.14872444421052933,
        "p90": 0.46618916988372827
    },
    "gate_entropy": {
        "mean": 0.285482794046402,
        "p50": 0.2145640179514885,
        "p90": 0.670487213134766
    },
    "ttt_lr_scale": {
        "mean": 0.00817900151014328,
        "p50": 0.0,
        "p90": 0.042250265553593805
    },
    "ttt_effective_base_lr": {
        "mean": 0.0008179002325050533,
        "p50": 0.0,
        "p90": 0.004225026490166801
    },
    "clip_ratio": {
        "mean": 0.0,
        "p50": 0.0,
        "p90": 0.0
    },
    "conv_norm_pre": {
        "mean": 24.51865005493164,
        "p50": 24.883339881896973,
        "p90": 29.2318021774292
    },
    "conv_norm_post": {
        "mean": 25.928199768066406,
        "p50": 26.313875198364258,
        "p90": 30.91231918334961
    },
    "alpha_entropy_pearson_r": 0.8519040440907613,
    "group_attn_weights": {
        "mean": [
            0.3334864377975464,
            0.33299651741981506,
            0.33351704478263855
        ],
        "std": [
            7.444919174304232e-05,
            7.895144517533481e-05,
            5.994185994495638e-05
        ]
    },
    "group_attn_gamma_last": 0.17246954143047333,
    "group_attn_temperature_last": 0.5000177621841431
}