{
    "alpha": {
        "mean": 0.021633045747876167,
        "p50": 0.02693831268697977,
        "p90": 0.04102177545428276
    },
    "entropy": {
        "mean": 0.4989047646522522,
        "p50": 0.5312309265136719,
        "p90": 0.6889948368072509
    },
    "gate_entropy": {
        "mean": 0.7197273373603821,
        "p50": 0.7671051621437073,
        "p90": 0.9925499737262726
    },
    "ttt_lr_scale": {
        "mean": 0.05249377340078354,
        "p50": 0.0670202188193798,
        "p90": 0.09773119613528251
    },
    "ttt_effective_base_lr": {
        "mean": 0.005249376408755779,
        "p50": 0.006702021928504109,
        "p90": 0.009773120004683734
    },
    "clip_ratio": {
        "mean": 0.5,
        "p50": 0.5,
        "p90": 0.5
    },
    "conv_norm_pre": {
        "mean": 23.273216247558594,
        "p50": 23.07154369354248,
        "p90": 25.491644859313965
    },
    "conv_norm_post": {
        "mean": 24.650720596313477,
        "p50": 24.437161445617676,
        "p90": 27.00059986114502
    },
    "alpha_entropy_pearson_r": 0.9184231561737072,
    "group_attn_weights": {
        "mean": [
            0.3345915377140045,
            0.33249589800834656,
            0.3329126238822937
        ],
        "std": [
            0.0004009825352113694,
            0.00018510730296839029,
            0.0002413577021798119
        ]
    },
    "group_attn_gamma_last": 0.17755526304244995,
    "group_attn_temperature_last": 0.5000011324882507
}