{
    "alpha": {
        "mean": 0.016370216384530067,
        "p50": 0.01883856486529112,
        "p90": 0.023507057502865795
    },
    "entropy": {
        "mean": 1.171630620956421,
        "p50": 1.1983675956726074,
        "p90": 1.3174920320510866
    },
    "gate_entropy": {
        "mean": 1.17171049118042,
        "p50": 1.1984570026397705,
        "p90": 1.3175259351730346
    },
    "ttt_lr_scale": {
        "mean": 0.06634745746850967,
        "p50": 0.07703458145260811,
        "p90": 0.09385941922664644
    },
    "ttt_effective_base_lr": {
        "mean": 0.0033173731062561274,
        "p50": 0.00385172909591347,
        "p90": 0.0046929712407290936
    },
    "clip_ratio": {
        "mean": 0.0,
        "p50": 0.0,
        "p90": 0.0
    },
    "conv_norm_pre": {
        "mean": 26.125717163085938,
        "p50": 25.844735145568848,
        "p90": 29.554831504821777
    },
    "conv_norm_post": {
        "mean": 27.73063850402832,
        "p50": 27.42841148376465,
        "p90": 31.39544906616211
    },
    "alpha_entropy_pearson_r": 0.9369210518951354,
    "group_attn_weights": {
        "mean": [
            0.3567969501018524,
            0.31664222478866577,
            0.3265607953071594
        ],
        "std": [
            0.0008703526691533625,
            0.00043019570875912905,
            0.00046806762111373246
        ]
    },
    "group_attn_gamma_last": 0.18371707201004028,
    "group_attn_temperature_last": 0.4995979964733124
}