{
    "alpha": {
        "mean": 0.021845411509275436,
        "p50": 0.028779983520507812,
        "p90": 0.04073121100664139
    },
    "entropy": {
        "mean": 1.0878921747207642,
        "p50": 1.1516615152359009,
        "p90": 1.339092981815338
    },
    "gate_entropy": {
        "mean": 1.0879606008529663,
        "p50": 1.152023732662201,
        "p90": 1.3386718511581421
    },
    "ttt_lr_scale": {
        "mean": 0.03179260343313217,
        "p50": 0.04271245002746582,
        "p90": 0.05827418304979801
    },
    "ttt_effective_base_lr": {
        "mean": 0.0015896301483735442,
        "p50": 0.0021356225479394197,
        "p90": 0.0029137091943994167
    },
    "clip_ratio": {
        "mean": 0.0,
        "p50": 0.0,
        "p90": 0.0
    },
    "conv_norm_pre": {
        "mean": 27.49929428100586,
        "p50": 27.286919593811035,
        "p90": 32.788234329223634
    },
    "conv_norm_post": {
        "mean": 29.17206573486328,
        "p50": 28.946746826171875,
        "p90": 34.782691192626956
    },
    "alpha_entropy_pearson_r": 0.9141008003722983,
    "group_attn_weights": {
        "mean": [
            0.33345669507980347,
            0.3335927128791809,
            0.3329506516456604
        ],
        "std": [
            5.418615182861686e-05,
            0.00013916105672251433,
            0.00011106149759143591
        ]
    },
    "group_attn_gamma_last": 0.18249188363552094,
    "group_attn_temperature_last": 0.499997615814209
}