{
    "alpha": {
        "mean": 0.028766924515366554,
        "p50": 0.03355700522661209,
        "p90": 0.04128040708601475
    },
    "entropy": {
        "mean": 1.190800428390503,
        "p50": 1.233923316001892,
        "p90": 1.345949149131775
    },
    "gate_entropy": {
        "mean": 1.1908663511276245,
        "p50": 1.2340272068977356,
        "p90": 1.3459743857383728
    },
    "ttt_lr_scale": {
        "mean": 0.04182782024145126,
        "p50": 0.04907097481191158,
        "p90": 0.05896248929202556
    },
    "ttt_effective_base_lr": {
        "mean": 0.002091391012072563,
        "p50": 0.0024535488337278366,
        "p90": 0.002948124543763697
    },
    "clip_ratio": {
        "mean": 0.0,
        "p50": 0.0,
        "p90": 0.0
    },
    "conv_norm_pre": {
        "mean": 29.27507781982422,
        "p50": 28.8342866897583,
        "p90": 32.72630500793457
    },
    "conv_norm_post": {
        "mean": 31.011945724487305,
        "p50": 30.541950225830078,
        "p90": 34.67690658569336
    },
    "alpha_entropy_pearson_r": 0.9447026159105748,
    "group_attn_weights": {
        "mean": [
            0.3537124693393707,
            0.3172457218170166,
            0.3290417790412903
        ],
        "std": [
            0.001194011070765555,
            0.0005821543745696545,
            0.0006317866500467062
        ]
    },
    "group_attn_gamma_last": 0.17804759740829468,
    "group_attn_temperature_last": 0.49992525577545166
}