{
    "alpha": {
        "mean": 0.03373860567808151,
        "p50": 0.03457377664744854,
        "p90": 0.041738467290997505
    },
    "entropy": {
        "mean": 1.2419219017028809,
        "p50": 1.2499474883079529,
        "p90": 1.3516839265823364
    },
    "gate_entropy": {
        "mean": 1.24208402633667,
        "p50": 1.2500708103179932,
        "p90": 1.3519896149635315
    },
    "ttt_lr_scale": {
        "mean": 0.0490214079618454,
        "p50": 0.05040043592453003,
        "p90": 0.059534632414579396
    },
    "ttt_effective_base_lr": {
        "mean": 0.002451070351526141,
        "p50": 0.0025200218660756946,
        "p90": 0.0029767316533252596
    },
    "clip_ratio": {
        "mean": 0.0,
        "p50": 0.0,
        "p90": 0.0
    },
    "conv_norm_pre": {
        "mean": 18.62993049621582,
        "p50": 18.366394996643066,
        "p90": 20.941830444335938
    },
    "conv_norm_post": {
        "mean": 20.00914192199707,
        "p50": 19.72611141204834,
        "p90": 22.492152404785156
    },
    "alpha_entropy_pearson_r": 0.9120361927132875,
    "group_attn_weights": {
        "mean": [
            0.3321648836135864,
            0.33360543847084045,
            0.33422964811325073
        ],
        "std": [
            6.030860276950989e-06,
            6.608910098293563e-06,
            2.923970896517858e-06
        ]
    },
    "group_attn_gamma_last": 0.22207745909690857,
    "group_attn_temperature_last": 0.5000035762786865
}