{
    "alpha": {
        "mean": 0.03292686864733696,
        "p50": 0.03617972508072853,
        "p90": 0.04217365346848965
    },
    "entropy": {
        "mean": 1.2338707447052002,
        "p50": 1.2745177745819092,
        "p90": 1.3576961755752563
    },
    "gate_entropy": {
        "mean": 1.2338836193084717,
        "p50": 1.2745007872581482,
        "p90": 1.3576525688171386
    },
    "ttt_lr_scale": {
        "mean": 0.04777789115905762,
        "p50": 0.052482642233371735,
        "p90": 0.060076842084527016
    },
    "ttt_effective_base_lr": {
        "mean": 0.002388894557952881,
        "p50": 0.002624132204800844,
        "p90": 0.0030038421973586082
    },
    "clip_ratio": {
        "mean": 0.0,
        "p50": 0.0,
        "p90": 0.0
    },
    "conv_norm_pre": {
        "mean": 28.50175666809082,
        "p50": 28.00556468963623,
        "p90": 31.20478687286377
    },
    "conv_norm_post": {
        "mean": 30.054401397705078,
        "p50": 29.53116798400879,
        "p90": 32.904183578491214
    },
    "alpha_entropy_pearson_r": 0.9500645428700821,
    "group_attn_weights": {
        "mean": [
            0.3346399962902069,
            0.33054521679878235,
            0.33481472730636597
        ],
        "std": [
            0.00037513169809244573,
            0.0004736905684694648,
            0.00036032343632541597
        ]
    },
    "group_attn_gamma_last": 0.1633937507867813,
    "group_attn_temperature_last": 0.5000078082084656
}