{
    "alpha": {
        "mean": 0.021845411509275436,
        "p50": 0.028779983520507812,
        "p90": 0.04073121100664139
    },
    "entropy": {
        "mean": 1.0880160331726074,
        "p50": 1.152485966682434,
        "p90": 1.3393827319145204
    },
    "gate_entropy": {
        "mean": 1.0879606008529663,
        "p50": 1.152023732662201,
        "p90": 1.3386718511581421
    },
    "ttt_lr_scale": {
        "mean": 0.05298766866326332,
        "p50": 0.07118741422891617,
        "p90": 0.09712363481521608
    },
    "ttt_effective_base_lr": {
        "mean": 0.0026493833865970373,
        "p50": 0.003559370758011937,
        "p90": 0.004856181936338544
    },
    "clip_ratio": {
        "mean": 0.0,
        "p50": 0.0,
        "p90": 0.0
    },
    "conv_norm_pre": {
        "mean": 27.49929428100586,
        "p50": 27.286919593811035,
        "p90": 32.788234329223634
    },
    "conv_norm_post": {
        "mean": 29.17206573486328,
        "p50": 28.946746826171875,
        "p90": 34.782691192626956
    },
    "alpha_entropy_pearson_r": 0.9141861169838195,
    "group_attn_weights": {
        "mean": [
            0.33345669507980347,
            0.3335927128791809,
            0.3329506516456604
        ],
        "std": [
            5.418615182861686e-05,
            0.00013916105672251433,
            0.00011106149759143591
        ]
    },
    "group_attn_gamma_last": 0.18249188363552094,
    "group_attn_temperature_last": 0.499997615814209
}