{
    "alpha": {
        "mean": 0.0,
        "p50": 0.0,
        "p90": 0.0
    },
    "entropy": {
        "mean": 0.3844930827617645,
        "p50": 0.35267600417137146,
        "p90": 0.6580548644065857
    },
    "clip_ratio": {
        "mean": 0.0,
        "p50": 0.0,
        "p90": 0.0
    },
    "conv_norm_pre": {
        "mean": 32.396240234375,
        "p50": 31.87656021118164,
        "p90": 37.812315750122075
    },
    "conv_norm_post": {
        "mean": 33.88111114501953,
        "p50": 33.33840370178223,
        "p90": 39.55141525268555
    },
    "alpha_entropy_pearson_r": null,
    "group_attn_weights": {
        "mean": [
            0.3318299651145935,
            0.3296641707420349,
            0.3385058045387268
        ],
        "std": [
            0.0023821163922548294,
            0.0020852352026849985,
            0.002146701095625758
        ]
    },
    "group_attn_gamma_last": 0.1375362128019333,
    "group_attn_temperature_last": 0.5000308156013489
}