{
    "alpha": {
        "mean": 0.0,
        "p50": 0.0,
        "p90": 0.0
    },
    "entropy": {
        "mean": 0.4211498200893402,
        "p50": 0.41492415964603424,
        "p90": 0.6860754191875458
    },
    "clip_ratio": {
        "mean": 0.0,
        "p50": 0.0,
        "p90": 0.0
    },
    "conv_norm_pre": {
        "mean": 32.47814178466797,
        "p50": 32.691551208496094,
        "p90": 40.075291061401366
    },
    "conv_norm_post": {
        "mean": 34.03251647949219,
        "p50": 34.25473213195801,
        "p90": 41.99275283813476
    },
    "alpha_entropy_pearson_r": null,
    "group_attn_weights": {
        "mean": [
            0.3314834237098694,
            0.3331395089626312,
            0.3353770673274994
        ],
        "std": [
            0.001590372179634869,
            0.002000942127779126,
            0.0016919027548283339
        ]
    },
    "group_attn_gamma_last": 0.14363808929920197,
    "group_attn_temperature_last": 0.5000057220458984
}