{
    "alpha": {
        "mean": 0.0,
        "p50": 0.0,
        "p90": 0.0
    },
    "entropy": {
        "mean": 0.3924180865287781,
        "p50": 0.3846622705459595,
        "p90": 0.6840815603733063
    },
    "clip_ratio": {
        "mean": 0.0,
        "p50": 0.0,
        "p90": 0.0
    },
    "conv_norm_pre": {
        "mean": 35.79865646362305,
        "p50": 34.286041259765625,
        "p90": 42.63570327758789
    },
    "conv_norm_post": {
        "mean": 37.44170379638672,
        "p50": 35.85963821411133,
        "p90": 44.5932861328125
    },
    "alpha_entropy_pearson_r": null,
    "group_attn_weights": {
        "mean": [
            0.3371965289115906,
            0.3261369466781616,
            0.33666661381721497
        ],
        "std": [
            0.008157532662153244,
            0.004456810653209686,
            0.005789753515273333
        ]
    },
    "group_attn_gamma_last": 0.13755805790424347,
    "group_attn_temperature_last": 0.4999518394470215
}