{
    "alpha": {
        "mean": 0.0,
        "p50": 0.0,
        "p90": 0.0
    },
    "entropy": {
        "mean": 0.49607664346694946,
        "p50": 0.568368673324585,
        "p90": 0.6885313272476197
    },
    "clip_ratio": {
        "mean": 0.0,
        "p50": 0.0,
        "p90": 0.0
    },
    "conv_norm_pre": {
        "mean": 34.3565673828125,
        "p50": 33.84593391418457,
        "p90": 38.834338760375985
    },
    "conv_norm_post": {
        "mean": 35.93070602416992,
        "p50": 35.39749336242676,
        "p90": 40.61185455322266
    },
    "alpha_entropy_pearson_r": null,
    "group_attn_weights": {
        "mean": [
            0.33721014857292175,
            0.3271659314632416,
            0.33562391996383667
        ],
        "std": [
            0.002649871166795492,
            0.00187384570017457,
            0.0014103167923167348
        ]
    },
    "group_attn_gamma_last": 0.13756373524665833,
    "group_attn_temperature_last": 0.4999690651893616
}