{
    "alpha": {
        "mean": 0.0617566779255867,
        "p50": 0.0617566779255867,
        "p90": 0.0617566779255867
    },
    "entropy": {
        "mean": 0.986397385597229,
        "p50": 1.0009421408176422,
        "p90": 1.2278674006462096
    },
    "clip_ratio": {
        "mean": 0.0,
        "p50": 0.0,
        "p90": 0.0
    },
    "conv_norm_pre": {
        "mean": 9.345220565795898,
        "p50": 9.523526668548584,
        "p90": 11.516007900238037
    },
    "conv_norm_post": {
        "mean": 10.259101867675781,
        "p50": 10.452964782714844,
        "p90": 12.64507999420166
    },
    "alpha_entropy_pearson_r": null,
    "group_attn_weights": {
        "mean": [
            0.3368445038795471,
            0.3405590057373047,
            0.3225972652435303
        ],
        "std": [
            3.873657306030509e-07,
            2.6966572974629344e-08,
            3.9812880459066946e-07
        ]
    },
    "group_attn_gamma_last": 0.29431426525115967,
    "group_attn_temperature_last": 0.4998314380645752
}