{
    "alpha": {
        "mean": 0.05635382980108261,
        "p50": 0.05635383725166321,
        "p90": 0.05635383725166321
    },
    "entropy": {
        "mean": 1.0222753286361694,
        "p50": 1.0583063960075378,
        "p90": 1.1825587391853332
    },
    "clip_ratio": {
        "mean": 1.0,
        "p50": 1.0,
        "p90": 1.0
    },
    "conv_norm_pre": {
        "mean": 9.395101547241211,
        "p50": 8.741670608520508,
        "p90": 13.545826721191407
    },
    "conv_norm_post": {
        "mean": 10.253286361694336,
        "p50": 9.5394287109375,
        "p90": 14.784107685089111
    },
    "alpha_entropy_pearson_r": NaN,
    "group_attn_weights": {
        "mean": [
            0.3316380977630615,
            0.334591805934906,
            0.3337705433368683
        ],
        "std": [
            4.534521451660112e-07,
            3.457823822827777e-07,
            3.388089453437715e-07
        ]
    },
    "group_attn_gamma_last": 0.2739584743976593,
    "group_attn_temperature_last": 0.5000064969062805
}