{
    "alpha": {
        "mean": 0.06460040807723999,
        "p50": 0.06460040807723999,
        "p90": 0.06460040807723999
    },
    "entropy": {
        "mean": 1.0558563470840454,
        "p50": 1.0322667956352234,
        "p90": 1.2562514662742614
    },
    "clip_ratio": {
        "mean": 0.0,
        "p50": 0.0,
        "p90": 0.0
    },
    "conv_norm_pre": {
        "mean": 10.619832992553711,
        "p50": 10.250709533691406,
        "p90": 14.036964225769042
    },
    "conv_norm_post": {
        "mean": 11.701807022094727,
        "p50": 11.293955326080322,
        "p90": 15.464988422393798
    },
    "alpha_entropy_pearson_r": null,
    "group_attn_weights": {
        "mean": [
            0.3284952640533447,
            0.33750155568122864,
            0.334003210067749
        ],
        "std": [
            3.5762786865234375e-07,
            1.1920928955078125e-07,
            4.470348358154297e-07
        ]
    },
    "group_attn_gamma_last": 0.3044116199016571,
    "group_attn_temperature_last": 0.4999772310256958
}