{
    "alpha": {
        "mean": 0.04211282357573509,
        "p50": 0.042112817987799644,
        "p90": 0.04211289435625076
    },
    "entropy": {
        "mean": 0.9034160375595093,
        "p50": 0.9293558895587921,
        "p90": 1.1049712777137757
    },
    "clip_ratio": {
        "mean": 1.0,
        "p50": 1.0,
        "p90": 1.0
    },
    "conv_norm_pre": {
        "mean": 17.902908325195312,
        "p50": 17.41718578338623,
        "p90": 22.05586051940918
    },
    "conv_norm_post": {
        "mean": 19.194965362548828,
        "p50": 18.67397403717041,
        "p90": 23.64754467010498
    },
    "alpha_entropy_pearson_r": -0.23150143162260436,
    "group_attn_weights": {
        "mean": [
            0.32967668771743774,
            0.33613550662994385,
            0.33418792486190796
        ],
        "std": [
            2.1338899387046695e-05,
            2.6674275432014838e-05,
            4.691228605224751e-05
        ]
    },
    "group_attn_gamma_last": 0.21662451326847076,
    "group_attn_temperature_last": 0.49994051456451416
}