{
    "alpha": {
        "mean": 0.07376041263341904,
        "p50": 0.07376042008399963,
        "p90": 0.07376042008399963
    },
    "entropy": {
        "mean": 0.9660388231277466,
        "p50": 1.0376466512680054,
        "p90": 1.2733818531036376
    },
    "clip_ratio": {
        "mean": 0.0,
        "p50": 0.0,
        "p90": 0.0
    },
    "conv_norm_pre": {
        "mean": 7.2061967849731445,
        "p50": 7.0416834354400635,
        "p90": 8.989096927642821
    },
    "conv_norm_post": {
        "mean": 7.996023654937744,
        "p50": 7.81385350227356,
        "p90": 9.972917652130127
    },
    "alpha_entropy_pearson_r": NaN,
    "group_attn_weights": {
        "mean": [
            0.3335266709327698,
            0.3397436738014221,
            0.3267297148704529
        ],
        "std": [
            2.086162567138672e-07,
            5.066394805908203e-07,
            2.2751736139525747e-07
        ]
    },
    "group_attn_gamma_last": 0.33436235785484314,
    "group_attn_temperature_last": 0.4998796880245209
}