{
    "alpha": {
        "mean": 0.06957060843706131,
        "p50": 0.06957060843706131,
        "p90": 0.06957060843706131
    },
    "entropy": {
        "mean": 0.9107734560966492,
        "p50": 0.899366021156311,
        "p90": 1.1045048594474793
    },
    "clip_ratio": {
        "mean": 0.0,
        "p50": 0.0,
        "p90": 0.0
    },
    "conv_norm_pre": {
        "mean": 9.182784080505371,
        "p50": 9.414773941040039,
        "p90": 11.11662712097168
    },
    "conv_norm_post": {
        "mean": 10.161957740783691,
        "p50": 10.417920112609863,
        "p90": 12.302088260650635
    },
    "alpha_entropy_pearson_r": null,
    "group_attn_weights": {
        "mean": [
            0.33401399850845337,
            0.333935022354126,
            0.33205053210258484
        ],
        "std": [
            2.384185791015625e-07,
            3.8743019104003906e-07,
            3.2782554626464844e-07
        ]
    },
    "group_attn_gamma_last": 0.3207722008228302,
    "group_attn_temperature_last": 0.5000017881393433
}