{
    "alpha": {
        "mean": 0.06958284229040146,
        "p50": 0.06958284974098206,
        "p90": 0.06958284974098206
    },
    "entropy": {
        "mean": 0.8332992792129517,
        "p50": 0.8063203692436218,
        "p90": 1.1157429218292236
    },
    "clip_ratio": {
        "mean": 0.0,
        "p50": 0.0,
        "p90": 0.0
    },
    "conv_norm_pre": {
        "mean": 4.629256248474121,
        "p50": 3.6634453535079956,
        "p90": 7.401262998580933
    },
    "conv_norm_post": {
        "mean": 5.1253767013549805,
        "p50": 4.0560314655303955,
        "p90": 8.193889045715332
    },
    "alpha_entropy_pearson_r": NaN,
    "group_attn_weights": {
        "mean": [
            0.3335162401199341,
            0.33386123180389404,
            0.3326225280761719
        ],
        "std": [
            5.364418029785156e-07,
            5.364418029785156e-07,
            0.0
        ]
    },
    "group_attn_gamma_last": 0.3215331435203552,
    "group_attn_temperature_last": 0.5000383853912354
}