{
    "alpha": {
        "mean": 0.05810394138097763,
        "p50": 0.05810394138097763,
        "p90": 0.05810394138097763
    },
    "entropy": {
        "mean": 0.9429567456245422,
        "p50": 0.947947770357132,
        "p90": 1.2164143204689026
    },
    "clip_ratio": {
        "mean": 1.0,
        "p50": 1.0,
        "p90": 1.0
    },
    "conv_norm_pre": {
        "mean": 11.494094848632812,
        "p50": 11.547165393829346,
        "p90": 14.439383316040038
    },
    "conv_norm_post": {
        "mean": 12.569334983825684,
        "p50": 12.6275053024292,
        "p90": 15.789639091491699
    },
    "alpha_entropy_pearson_r": -0.5353824412324452,
    "group_attn_weights": {
        "mean": [
            0.33302682638168335,
            0.336001455783844,
            0.3309718370437622
        ],
        "std": [
            3.5762786865234375e-07,
            2.086162567138672e-07,
            4.470348358154297e-07
        ]
    },
    "group_attn_gamma_last": 0.2803354561328888,
    "group_attn_temperature_last": 0.5000213384628296
}