{
    "alpha": {
        "mean": 0.05133312940597534,
        "p50": 0.051333118230104446,
        "p90": 0.05133313685655594
    },
    "entropy": {
        "mean": 0.9378603100776672,
        "p50": 1.0171708464622498,
        "p90": 1.2032120943069458
    },
    "clip_ratio": {
        "mean": 1.0,
        "p50": 1.0,
        "p90": 1.0
    },
    "conv_norm_pre": {
        "mean": 11.548121452331543,
        "p50": 9.823598861694336,
        "p90": 19.510511970520014
    },
    "conv_norm_post": {
        "mean": 12.534431457519531,
        "p50": 10.656092643737793,
        "p90": 21.176599311828607
    },
    "alpha_entropy_pearson_r": -0.7825713087060316,
    "group_attn_weights": {
        "mean": [
            0.3236795663833618,
            0.34272727370262146,
            0.33359336853027344
        ],
        "std": [
            5.93648110225331e-07,
            1.0390181159891654e-06,
            6.703949679831567e-07
        ]
    },
    "group_attn_gamma_last": 0.25545811653137207,
    "group_attn_temperature_last": 0.4999054968357086
}