{
    "alpha": {
        "mean": 0.043134938925504684,
        "p50": 0.043134935200214386,
        "p90": 0.04313495755195618
    },
    "entropy": {
        "mean": 0.9182974100112915,
        "p50": 1.0271843671798706,
        "p90": 1.1791154861450195
    },
    "clip_ratio": {
        "mean": 1.0,
        "p50": 1.0,
        "p90": 1.0
    },
    "conv_norm_pre": {
        "mean": 17.6366024017334,
        "p50": 16.515896797180176,
        "p90": 24.18388347625732
    },
    "conv_norm_post": {
        "mean": 18.943740844726562,
        "p50": 17.743003845214844,
        "p90": 25.995811080932615
    },
    "alpha_entropy_pearson_r": -0.7461510683484097,
    "group_attn_weights": {
        "mean": [
            0.3162690997123718,
            0.3331076204776764,
            0.35062307119369507
        ],
        "std": [
            6.331987242447212e-05,
            6.214125460246578e-05,
            0.0001252643996849656
        ]
    },
    "group_attn_gamma_last": 0.2219228744506836,
    "group_attn_temperature_last": 0.49976491928100586
}