{
    "alpha": {
        "mean": 0.05962330847978592,
        "p50": 0.05962331220507622,
        "p90": 0.05962331220507622
    },
    "entropy": {
        "mean": 1.0185621976852417,
        "p50": 1.0176011323928833,
        "p90": 1.1746713757514953
    },
    "clip_ratio": {
        "mean": 0.0,
        "p50": 0.0,
        "p90": 0.0
    },
    "conv_norm_pre": {
        "mean": 9.822484970092773,
        "p50": 9.26045274734497,
        "p90": 13.779936599731446
    },
    "conv_norm_post": {
        "mean": 10.764087677001953,
        "p50": 10.146708488464355,
        "p90": 15.107225704193116
    },
    "alpha_entropy_pearson_r": NaN,
    "group_attn_weights": {
        "mean": [
            0.3232424259185791,
            0.3418082594871521,
            0.33494946360588074
        ],
        "std": [
            3.7130513419469935e-07,
            3.763833831271768e-07,
            1.64908797728458e-07
        ]
    },
    "group_attn_gamma_last": 0.28615912795066833,
    "group_attn_temperature_last": 0.49986740946769714
}