{
    "alpha": {
        "mean": 0.07662670314311981,
        "p50": 0.07662669569253922,
        "p90": 0.07662669569253922
    },
    "entropy": {
        "mean": 0.7860088348388672,
        "p50": 0.7733758687973022,
        "p90": 1.0543510675430299
    },
    "clip_ratio": {
        "mean": 0.0,
        "p50": 0.0,
        "p90": 0.0
    },
    "conv_norm_pre": {
        "mean": 3.0326666831970215,
        "p50": 2.9393551349639893,
        "p90": 3.86351637840271
    },
    "conv_norm_post": {
        "mean": 3.381906509399414,
        "p50": 3.277853012084961,
        "p90": 4.308443021774292
    },
    "alpha_entropy_pearson_r": NaN,
    "group_attn_weights": {
        "mean": [
            0.33359915018081665,
            0.33255356550216675,
            0.3338472545146942
        ],
        "std": [
            3.2782554626464844e-07,
            6.258487701416016e-07,
            3.5762786865234375e-07
        ]
    },
    "group_attn_gamma_last": 0.345191091299057,
    "group_attn_temperature_last": 0.4999929666519165
}