{
    "alpha": {
        "mean": 0.06910443305969238,
        "p50": 0.06910443305969238,
        "p90": 0.06910443305969238
    },
    "entropy": {
        "mean": 1.0486102104187012,
        "p50": 1.045340657234192,
        "p90": 1.252462363243103
    },
    "clip_ratio": {
        "mean": 0.0,
        "p50": 0.0,
        "p90": 0.0
    },
    "conv_norm_pre": {
        "mean": 6.815133571624756,
        "p50": 6.478295564651489,
        "p90": 9.48273000717163
    },
    "conv_norm_post": {
        "mean": 7.540118217468262,
        "p50": 7.168011903762817,
        "p90": 10.49074535369873
    },
    "alpha_entropy_pearson_r": null,
    "group_attn_weights": {
        "mean": [
            0.332492858171463,
            0.33554571866989136,
            0.331961452960968
        ],
        "std": [
            1.1920928955078125e-07,
            6.258487701416016e-07,
            7.748603820800781e-07
        ]
    },
    "group_attn_gamma_last": 0.31976979970932007,
    "group_attn_temperature_last": 0.49999338388442993
}