{
    "Subject_1": 0.793749988079071,
    "Subject_2": 0.6625000238418579,
    "Subject_3": 0.893750011920929,
    "Subject_4": 0.856249988079071,
    "Subject_5": 1.0,
    "Subject_6": 0.7749999761581421,
    "Subject_7": 0.668749988079071,
    "Subject_8": 0.737500011920929,
    "Subject_9": 0.9375,
    "Subject_10": 0.7562500238418579,
    "Subject_11": 0.7562500238418579,
    "Subject_12": 0.96875,
    "Subject_13": 0.7437499761581421,
    "Subject_14": 0.4749999940395355,
    "Average": 0.7875000004257474
}