{
    "alpha": {
        "mean": 0.0342634953558445,
        "p50": 0.03426351211965084,
        "p90": 0.03426426835358143
    },
    "entropy": {
        "mean": 0.5039563775062561,
        "p50": 0.5352698266506195,
        "p90": 0.6872143447399139
    },
    "clip_ratio": {
        "mean": 0.0,
        "p50": 0.0,
        "p90": 0.0
    },
    "conv_norm_pre": {
        "mean": 23.25588035583496,
        "p50": 23.822829246520996,
        "p90": 29.711418914794923
    },
    "conv_norm_post": {
        "mean": 24.664976119995117,
        "p50": 25.26627254486084,
        "p90": 31.511523246765137
    },
    "alpha_entropy_pearson_r": -0.03443899335698747,
    "group_attn_weights": {
        "mean": [
            0.33515527844429016,
            0.3299413025379181,
            0.33490338921546936
        ],
        "std": [
            0.00022437340521719307,
            0.00013818484148941934,
            0.00012328119191806763
        ]
    },
    "group_attn_gamma_last": 0.1817605197429657,
    "group_attn_temperature_last": 0.4999900460243225
}