{
    "alpha": {
        "mean": 0.03484830632805824,
        "p50": 0.03484822250902653,
        "p90": 0.03484903797507286
    },
    "entropy": {
        "mean": 0.4484425187110901,
        "p50": 0.46486225724220276,
        "p90": 0.6602332413196564
    },
    "clip_ratio": {
        "mean": 0.0,
        "p50": 0.0,
        "p90": 0.0
    },
    "conv_norm_pre": {
        "mean": 22.043075561523438,
        "p50": 21.667593002319336,
        "p90": 26.68656330108643
    },
    "conv_norm_post": {
        "mean": 23.397302627563477,
        "p50": 22.998703002929688,
        "p90": 28.326592254638676
    },
    "alpha_entropy_pearson_r": 0.08999813845228193,
    "group_attn_weights": {
        "mean": [
            0.33557969331741333,
            0.32972627878189087,
            0.334693968296051
        ],
        "std": [
            8.997894474305212e-05,
            7.579305383842438e-05,
            2.9976077712490223e-05
        ]
    },
    "group_attn_gamma_last": 0.18434767425060272,
    "group_attn_temperature_last": 0.49998539686203003
}