{
    "alpha": {
        "mean": 0.03616587072610855,
        "p50": 0.03616587072610855,
        "p90": 0.03616594523191452
    },
    "entropy": {
        "mean": 0.5410500764846802,
        "p50": 0.593704491853714,
        "p90": 0.6778015851974488
    },
    "clip_ratio": {
        "mean": 0.0,
        "p50": 0.0,
        "p90": 0.0
    },
    "conv_norm_pre": {
        "mean": 21.830690383911133,
        "p50": 21.63830852508545,
        "p90": 26.516258049011235
    },
    "conv_norm_post": {
        "mean": 23.21787452697754,
        "p50": 23.013208389282227,
        "p90": 28.201243782043463
    },
    "alpha_entropy_pearson_r": 0.05814652034547805,
    "group_attn_weights": {
        "mean": [
            0.33339306712150574,
            0.3340924382209778,
            0.33251437544822693
        ],
        "std": [
            9.505775960860774e-05,
            5.047083323006518e-05,
            4.857889507547952e-05
        ]
    },
    "group_attn_gamma_last": 0.19061775505542755,
    "group_attn_temperature_last": 0.5000004768371582
}