{
    "alpha": {
        "mean": 0.033358410000801086,
        "p50": 0.03335852734744549,
        "p90": 0.03336042985320091
    },
    "entropy": {
        "mean": 0.4984135627746582,
        "p50": 0.5310713648796082,
        "p90": 0.6888131022453308
    },
    "clip_ratio": {
        "mean": 0.5,
        "p50": 0.5,
        "p90": 0.5
    },
    "conv_norm_pre": {
        "mean": 23.273216247558594,
        "p50": 23.07154369354248,
        "p90": 25.491644859313965
    },
    "conv_norm_post": {
        "mean": 24.650720596313477,
        "p50": 24.437161445617676,
        "p90": 27.00059986114502
    },
    "alpha_entropy_pearson_r": -0.2499779566829417,
    "group_attn_weights": {
        "mean": [
            0.3345915377140045,
            0.33249589800834656,
            0.3329126238822937
        ],
        "std": [
            0.0004009825352113694,
            0.00018510730296839029,
            0.0002413577021798119
        ]
    },
    "group_attn_gamma_last": 0.17755526304244995,
    "group_attn_temperature_last": 0.5000011324882507
}