{
    "alpha": {
        "mean": 0.05388644337654114,
        "p50": 0.05388644337654114,
        "p90": 0.05388644337654114
    },
    "entropy": {
        "mean": 0.5525521636009216,
        "p50": 0.5976952314376831,
        "p90": 0.6839310646057128
    },
    "clip_ratio": {
        "mean": 0.0,
        "p50": 0.0,
        "p90": 0.0
    },
    "conv_norm_pre": {
        "mean": 9.808210372924805,
        "p50": 9.6436767578125,
        "p90": 11.689031028747559
    },
    "conv_norm_post": {
        "mean": 10.674131393432617,
        "p50": 10.494466781616211,
        "p90": 12.720839881896973
    },
    "alpha_entropy_pearson_r": null,
    "group_attn_weights": {
        "mean": [
            0.34392744302749634,
            0.33073869347572327,
            0.325333833694458
        ],
        "std": [
            1.34276706376113e-06,
            6.800329970246821e-07,
            6.697396770505293e-07
        ]
    },
    "group_attn_gamma_last": 0.2652192711830139,
    "group_attn_temperature_last": 0.49989405274391174
}