{
    "alpha": {
        "mean": 0.030927861109375954,
        "p50": 0.03092772699892521,
        "p90": 0.030932531319558622
    },
    "entropy": {
        "mean": 0.44987359642982483,
        "p50": 0.46229924261569977,
        "p90": 0.6714247941970826
    },
    "clip_ratio": {
        "mean": 0.0,
        "p50": 0.0,
        "p90": 0.0
    },
    "conv_norm_pre": {
        "mean": 26.1640567779541,
        "p50": 25.058300971984863,
        "p90": 34.815941238403326
    },
    "conv_norm_post": {
        "mean": 27.612384796142578,
        "p50": 26.447670936584473,
        "p90": 36.73474731445313
    },
    "alpha_entropy_pearson_r": 0.05229920906782506,
    "group_attn_weights": {
        "mean": [
            0.3260325491428375,
            0.3304574489593506,
            0.3435100317001343
        ],
        "std": [
            0.0005474209319800138,
            0.00029069610172882676,
            0.00037324847653508186
        ]
    },
    "group_attn_gamma_last": 0.16607916355133057,
    "group_attn_temperature_last": 0.4999508261680603
}