{
    "Subject_1": 0.7749999761581421,
    "Subject_2": 0.800000011920929,
    "Subject_3": 0.75,
    "Subject_4": 1.0,
    "Subject_5": 0.8095238208770752,
    "Subject_6": 0.824999988079071,
    "Subject_7": 0.800000011920929,
    "Subject_8": 0.7840909361839294,
    "Subject_9": 0.7250000238418579,
    "Average": 0.8076238632202148
}