{
    "alpha": {
        "mean": 0.00841167289763689,
        "p50": 0.0,
        "p90": 0.02188602928072214
    },
    "entropy": {
        "mean": 0.9763243198394775,
        "p50": 1.022219479084015,
        "p90": 1.2791428327560426
    },
    "gate_entropy": {
        "mean": 0.9763039946556091,
        "p50": 1.022219479084015,
        "p90": 1.278906762599945
    },
    "ttt_lr_scale": {
        "mean": 0.020516563206911087,
        "p50": 0.0,
        "p90": 0.05286543220281601
    },
    "ttt_effective_base_lr": {
        "mean": 0.0010258280672132969,
        "p50": 0.0,
        "p90": 0.0026432717218995093
    },
    "clip_ratio": {
        "mean": 0.0,
        "p50": 0.0,
        "p90": 0.0
    },
    "conv_norm_pre": {
        "mean": 29.595279693603516,
        "p50": 28.46373748779297,
        "p90": 37.7263599395752
    },
    "conv_norm_post": {
        "mean": 31.309932708740234,
        "p50": 30.11520767211914,
        "p90": 39.91319808959961
    },
    "alpha_entropy_pearson_r": 0.8242308611059753,
    "group_attn_weights": {
        "mean": [
            0.3256358802318573,
            0.33535030484199524,
            0.339013934135437
        ],
        "std": [
            0.00014182087033987045,
            0.00023477741342503577,
            0.00014341904898174107
        ]
    },
    "group_attn_gamma_last": 0.17378342151641846,
    "group_attn_temperature_last": 0.499957799911499
}