{
    "alpha": {
        "mean": 0.0,
        "p50": 0.0,
        "p90": 0.0
    },
    "entropy": {
        "mean": 0.45841407775878906,
        "p50": 0.4732692390680313,
        "p90": 0.6826176047325134
    },
    "gate_entropy": {
        "mean": 0.45841407775878906,
        "p50": 0.4732692390680313,
        "p90": 0.6826176047325134
    },
    "ttt_lr_scale": {
        "mean": 0.0,
        "p50": 0.0,
        "p90": 0.0
    },
    "ttt_effective_base_lr": {
        "mean": 0.0,
        "p50": 0.0,
        "p90": 0.0
    },
    "clip_ratio": {
        "mean": 0.0,
        "p50": 0.0,
        "p90": 0.0
    },
    "conv_norm_pre": {
        "mean": 33.13676071166992,
        "p50": 32.99640655517578,
        "p90": 35.95690422058106
    },
    "conv_norm_post": {
        "mean": 34.656375885009766,
        "p50": 34.50902557373047,
        "p90": 37.60425567626954
    },
    "alpha_entropy_pearson_r": null,
    "group_attn_weights": {
        "mean": [
            0.3366634249687195,
            0.329575777053833,
            0.3337607979774475
        ],
        "std": [
            0.006733184214681387,
            0.003327116370201111,
            0.003950431942939758
        ]
    },
    "group_attn_gamma_last": 0.13757336139678955,
    "group_attn_temperature_last": 0.500004231929779
}