{
    "alpha": {
        "mean": 0.0,
        "p50": 0.0,
        "p90": 0.0
    },
    "entropy": {
        "mean": 0.4833870828151703,
        "p50": 0.5192397236824036,
        "p90": 0.6824498176574707
    },
    "gate_entropy": {
        "mean": 0.4833870828151703,
        "p50": 0.5192397236824036,
        "p90": 0.6824498176574707
    },
    "ttt_lr_scale": {
        "mean": 0.0,
        "p50": 0.0,
        "p90": 0.0
    },
    "ttt_effective_base_lr": {
        "mean": 0.0,
        "p50": 0.0,
        "p90": 0.0
    },
    "clip_ratio": {
        "mean": 0.0,
        "p50": 0.0,
        "p90": 0.0
    },
    "conv_norm_pre": {
        "mean": 34.72301483154297,
        "p50": 34.35464668273926,
        "p90": 39.22532844543458
    },
    "conv_norm_post": {
        "mean": 36.315284729003906,
        "p50": 35.92903137207031,
        "p90": 41.02116584777833
    },
    "alpha_entropy_pearson_r": null,
    "group_attn_weights": {
        "mean": [
            0.33246007561683655,
            0.33124348521232605,
            0.3362964689731598
        ],
        "std": [
            0.005562376230955124,
            0.0035445496905595064,
            0.002832577330991626
        ]
    },
    "group_attn_gamma_last": 0.13757240772247314,
    "group_attn_temperature_last": 0.5000187754631042
}