{
    "alpha": {
        "mean": 0.0,
        "p50": 0.0,
        "p90": 0.0
    },
    "entropy": {
        "mean": 0.4353453814983368,
        "p50": 0.492868572473526,
        "p90": 0.6741992950439453
    },
    "gate_entropy": {
        "mean": 0.4353453814983368,
        "p50": 0.492868572473526,
        "p90": 0.6741992950439453
    },
    "ttt_lr_scale": {
        "mean": 0.0,
        "p50": 0.0,
        "p90": 0.0
    },
    "ttt_effective_base_lr": {
        "mean": 0.0,
        "p50": 0.0,
        "p90": 0.0
    },
    "clip_ratio": {
        "mean": 0.0,
        "p50": 0.0,
        "p90": 0.0
    },
    "conv_norm_pre": {
        "mean": 32.825782775878906,
        "p50": 33.56387901306152,
        "p90": 41.56499557495117
    },
    "conv_norm_post": {
        "mean": 34.39726638793945,
        "p50": 35.17094612121582,
        "p90": 43.55395851135254
    },
    "alpha_entropy_pearson_r": null,
    "group_attn_weights": {
        "mean": [
            0.3329879641532898,
            0.33197635412216187,
            0.33503568172454834
        ],
        "std": [
            0.0028475660365074873,
            0.0017027524299919605,
            0.0016008582897484303
        ]
    },
    "group_attn_gamma_last": 0.1436220109462738,
    "group_attn_temperature_last": 0.5000032782554626
}