{
    "alpha": {
        "mean": 0.03659655898809433,
        "p50": 0.04175199754536152,
        "p90": 0.05842302143573761
    },
    "entropy": {
        "mean": 1.0879803895950317,
        "p50": 1.15239816904068,
        "p90": 1.3396547675132753
    },
    "gate_entropy": {
        "mean": 1.0879606008529663,
        "p50": 1.152023732662201,
        "p90": 1.3386718511581421
    },
    "ttt_lr_scale": {
        "mean": 0.051316436380147934,
        "p50": 0.059547752141952515,
        "p90": 0.07935359627008438
    },
    "ttt_effective_base_lr": {
        "mean": 0.002565822098404169,
        "p50": 0.00297738763038069,
        "p90": 0.003967679850757122
    },
    "clip_ratio": {
        "mean": 0.0,
        "p50": 0.0,
        "p90": 0.0
    },
    "conv_norm_pre": {
        "mean": 27.49929428100586,
        "p50": 27.286919593811035,
        "p90": 32.788234329223634
    },
    "conv_norm_post": {
        "mean": 29.17206573486328,
        "p50": 28.946746826171875,
        "p90": 34.782691192626956
    },
    "alpha_entropy_pearson_r": 0.9804869117609439,
    "group_attn_weights": {
        "mean": [
            0.33345669507980347,
            0.3335927128791809,
            0.3329506516456604
        ],
        "std": [
            5.418615182861686e-05,
            0.00013916105672251433,
            0.00011106149759143591
        ]
    },
    "group_attn_gamma_last": 0.18249188363552094,
    "group_attn_temperature_last": 0.499997615814209
}