{
    "alpha": {
        "mean": 0.04975339025259018,
        "p50": 0.04988161101937294,
        "p90": 0.05981085039675236
    },
    "entropy": {
        "mean": 1.2418395280838013,
        "p50": 1.2498849630355835,
        "p90": 1.3515529394149781
    },
    "gate_entropy": {
        "mean": 1.24208402633667,
        "p50": 1.2500708103179932,
        "p90": 1.3519896149635315
    },
    "ttt_lr_scale": {
        "mean": 0.06908019632101059,
        "p50": 0.06945012882351875,
        "p90": 0.08091747388243675
    },
    "ttt_effective_base_lr": {
        "mean": 0.0034540100023150444,
        "p50": 0.003472506534308195,
        "p90": 0.0040458736941218374
    },
    "clip_ratio": {
        "mean": 0.0,
        "p50": 0.0,
        "p90": 0.0
    },
    "conv_norm_pre": {
        "mean": 18.62993049621582,
        "p50": 18.366394996643066,
        "p90": 20.941830444335938
    },
    "conv_norm_post": {
        "mean": 20.00914192199707,
        "p50": 19.72611141204834,
        "p90": 22.492152404785156
    },
    "alpha_entropy_pearson_r": 0.9964265408284813,
    "group_attn_weights": {
        "mean": [
            0.3321648836135864,
            0.33360543847084045,
            0.33422964811325073
        ],
        "std": [
            6.030860276950989e-06,
            6.608910098293563e-06,
            2.923970896517858e-06
        ]
    },
    "group_attn_gamma_last": 0.22207745909690857,
    "group_attn_temperature_last": 0.5000035762786865
}