{
    "alpha": {
        "mean": 0.028074536472558975,
        "p50": 0.03282380290329456,
        "p90": 0.05253198184072971
    },
    "entropy": {
        "mean": 0.9763637185096741,
        "p50": 1.0221736431121826,
        "p90": 1.2796819806098938
    },
    "gate_entropy": {
        "mean": 0.9763039946556091,
        "p50": 1.022219479084015,
        "p90": 1.278906762599945
    },
    "ttt_lr_scale": {
        "mean": 0.03989909589290619,
        "p50": 0.04810790531337261,
        "p90": 0.07257587015628815
    },
    "ttt_effective_base_lr": {
        "mean": 0.0019949546549469233,
        "p50": 0.0024053953820839524,
        "p90": 0.003628793568350375
    },
    "clip_ratio": {
        "mean": 0.0,
        "p50": 0.0,
        "p90": 0.0
    },
    "conv_norm_pre": {
        "mean": 29.595279693603516,
        "p50": 28.46373748779297,
        "p90": 37.7263599395752
    },
    "conv_norm_post": {
        "mean": 31.309932708740234,
        "p50": 30.11520767211914,
        "p90": 39.91319808959961
    },
    "alpha_entropy_pearson_r": 0.9568956758078138,
    "group_attn_weights": {
        "mean": [
            0.3256358802318573,
            0.33535030484199524,
            0.339013934135437
        ],
        "std": [
            0.00014182087033987045,
            0.00023477741342503577,
            0.00014341904898174107
        ]
    },
    "group_attn_gamma_last": 0.17378342151641846,
    "group_attn_temperature_last": 0.499957799911499
}