{
    "alpha": {
        "mean": 0.0,
        "p50": 0.0,
        "p90": 0.0
    },
    "entropy": {
        "mean": 0.46991831064224243,
        "p50": 0.4939929246902466,
        "p90": 0.6886689305305481
    },
    "gate_entropy": {
        "mean": 0.46991831064224243,
        "p50": 0.4939929246902466,
        "p90": 0.6886689305305481
    },
    "ttt_lr_scale": {
        "mean": 0.0,
        "p50": 0.0,
        "p90": 0.0
    },
    "ttt_effective_base_lr": {
        "mean": 0.0,
        "p50": 0.0,
        "p90": 0.0
    },
    "clip_ratio": {
        "mean": 0.0,
        "p50": 0.0,
        "p90": 0.0
    },
    "conv_norm_pre": {
        "mean": 31.8987979888916,
        "p50": 30.68032455444336,
        "p90": 35.92042274475098
    },
    "conv_norm_post": {
        "mean": 33.35935974121094,
        "p50": 32.08292198181152,
        "p90": 37.55585975646973
    },
    "alpha_entropy_pearson_r": null,
    "group_attn_weights": {
        "mean": [
            0.3401682376861572,
            0.3262163996696472,
            0.3336154520511627
        ],
        "std": [
            0.005715105216950178,
            0.003821535035967827,
            0.003219656879082322
        ]
    },
    "group_attn_gamma_last": 0.13754692673683167,
    "group_attn_temperature_last": 0.500055730342865
}