{
    "alpha": {
        "mean": 0.0,
        "p50": 0.0,
        "p90": 0.0
    },
    "entropy": {
        "mean": 0.38990098237991333,
        "p50": 0.37913937866687775,
        "p90": 0.6875377714633941
    },
    "gate_entropy": {
        "mean": 0.38990098237991333,
        "p50": 0.37913937866687775,
        "p90": 0.6875377714633941
    },
    "ttt_lr_scale": {
        "mean": 0.0,
        "p50": 0.0,
        "p90": 0.0
    },
    "ttt_effective_base_lr": {
        "mean": 0.0,
        "p50": 0.0,
        "p90": 0.0
    },
    "clip_ratio": {
        "mean": 0.0,
        "p50": 0.0,
        "p90": 0.0
    },
    "conv_norm_pre": {
        "mean": 35.03669357299805,
        "p50": 32.96031951904297,
        "p90": 40.71966667175293
    },
    "conv_norm_post": {
        "mean": 36.64838790893555,
        "p50": 34.47813415527344,
        "p90": 42.623100662231444
    },
    "alpha_entropy_pearson_r": null,
    "group_attn_weights": {
        "mean": [
            0.3415580689907074,
            0.3251041769981384,
            0.3333376348018646
        ],
        "std": [
            0.021569957956671715,
            0.009304136037826538,
            0.012822904624044895
        ]
    },
    "group_attn_gamma_last": 0.1375773549079895,
    "group_attn_temperature_last": 0.49996447563171387
}