{
    "alpha": {
        "mean": 0.0,
        "p50": 0.0,
        "p90": 0.0
    },
    "entropy": {
        "mean": 0.5012367963790894,
        "p50": 0.5350312292575836,
        "p90": 0.6871140599250793
    },
    "gate_entropy": {
        "mean": 0.5012367963790894,
        "p50": 0.5350312292575836,
        "p90": 0.6871140599250793
    },
    "ttt_lr_scale": {
        "mean": 0.0,
        "p50": 0.0,
        "p90": 0.0
    },
    "ttt_effective_base_lr": {
        "mean": 0.0,
        "p50": 0.0,
        "p90": 0.0
    },
    "clip_ratio": {
        "mean": 0.0,
        "p50": 0.0,
        "p90": 0.0
    },
    "conv_norm_pre": {
        "mean": 32.25839614868164,
        "p50": 31.442222595214844,
        "p90": 39.845149230957034
    },
    "conv_norm_post": {
        "mean": 33.738075256347656,
        "p50": 32.8851432800293,
        "p90": 41.67547035217285
    },
    "alpha_entropy_pearson_r": null,
    "group_attn_weights": {
        "mean": [
            0.3340934216976166,
            0.32797273993492126,
            0.33793383836746216
        ],
        "std": [
            0.0083015700802207,
            0.0067058526910841465,
            0.004431872628629208
        ]
    },
    "group_attn_gamma_last": 0.13759343326091766,
    "group_attn_temperature_last": 0.5000227093696594
}