{
    "alpha": {
        "mean": 0.0,
        "p50": 0.0,
        "p90": 0.0
    },
    "entropy": {
        "mean": 0.17117919027805328,
        "p50": 0.13333579152822495,
        "p90": 0.33668811321258546
    },
    "gate_entropy": {
        "mean": 0.17117919027805328,
        "p50": 0.13333579152822495,
        "p90": 0.33668811321258546
    },
    "ttt_lr_scale": {
        "mean": 0.0,
        "p50": 0.0,
        "p90": 0.0
    },
    "ttt_effective_base_lr": {
        "mean": 0.0,
        "p50": 0.0,
        "p90": 0.0
    },
    "clip_ratio": {
        "mean": 0.0,
        "p50": 0.0,
        "p90": 0.0
    },
    "conv_norm_pre": {
        "mean": 33.64497375488281,
        "p50": 33.90304183959961,
        "p90": 39.54737739562989
    },
    "conv_norm_post": {
        "mean": 35.187034606933594,
        "p50": 35.45689582824707,
        "p90": 41.35984802246094
    },
    "alpha_entropy_pearson_r": null,
    "group_attn_weights": {
        "mean": [
            0.3362181782722473,
            0.3281137943267822,
            0.3356678783893585
        ],
        "std": [
            0.0008377354824915528,
            0.0013296498218551278,
            0.0006734207854606211
        ]
    },
    "group_attn_gamma_last": 0.13750699162483215,
    "group_attn_temperature_last": 0.5000051259994507
}