{
    "alpha": {
        "mean": 0.0,
        "p50": 0.0,
        "p90": 0.0
    },
    "entropy": {
        "mean": 0.38963955640792847,
        "p50": 0.36699801683425903,
        "p90": 0.6338387846946718
    },
    "gate_entropy": {
        "mean": 0.38963955640792847,
        "p50": 0.36699801683425903,
        "p90": 0.6338387846946718
    },
    "ttt_lr_scale": {
        "mean": 0.0,
        "p50": 0.0,
        "p90": 0.0
    },
    "ttt_effective_base_lr": {
        "mean": 0.0,
        "p50": 0.0,
        "p90": 0.0
    },
    "clip_ratio": {
        "mean": 0.0,
        "p50": 0.0,
        "p90": 0.0
    },
    "conv_norm_pre": {
        "mean": 32.77159881591797,
        "p50": 31.847366333007812,
        "p90": 38.68276596069336
    },
    "conv_norm_post": {
        "mean": 34.27350616455078,
        "p50": 33.30485534667969,
        "p90": 40.456769180297854
    },
    "alpha_entropy_pearson_r": null,
    "group_attn_weights": {
        "mean": [
            0.3358863890171051,
            0.32337045669555664,
            0.34074312448501587
        ],
        "std": [
            0.0005498925456777215,
            0.0012652635341510177,
            0.0007976577617228031
        ]
    },
    "group_attn_gamma_last": 0.13754087686538696,
    "group_attn_temperature_last": 0.4999850392341614
}