{
    "alpha": {
        "mean": 0.0,
        "p50": 0.0,
        "p90": 0.0
    },
    "entropy": {
        "mean": 0.49931401014328003,
        "p50": 0.5383152663707733,
        "p90": 0.6844601631164551
    },
    "gate_entropy": {
        "mean": 0.49931401014328003,
        "p50": 0.5383152663707733,
        "p90": 0.6844601631164551
    },
    "ttt_lr_scale": {
        "mean": 0.0,
        "p50": 0.0,
        "p90": 0.0
    },
    "ttt_effective_base_lr": {
        "mean": 0.0,
        "p50": 0.0,
        "p90": 0.0
    },
    "clip_ratio": {
        "mean": 0.0,
        "p50": 0.0,
        "p90": 0.0
    },
    "conv_norm_pre": {
        "mean": 33.918617248535156,
        "p50": 33.40473175048828,
        "p90": 40.37190399169922
    },
    "conv_norm_post": {
        "mean": 35.475257873535156,
        "p50": 34.93613052368164,
        "p90": 42.22166976928711
    },
    "alpha_entropy_pearson_r": null,
    "group_attn_weights": {
        "mean": [
            0.3391433358192444,
            0.33070579171180725,
            0.3301509916782379
        ],
        "std": [
            0.006479830015450716,
            0.0035235562827438116,
            0.003323025768622756
        ]
    },
    "group_attn_gamma_last": 0.13755527138710022,
    "group_attn_temperature_last": 0.4999655485153198
}