{
    "Subject_1": 0.7749999761581421,
    "Subject_2": 0.7875000238418579,
    "Subject_3": 0.7124999761581421,
    "Subject_4": 0.988095223903656,
    "Subject_5": 0.738095223903656,
    "Subject_6": 0.8374999761581421,
    "Subject_7": 0.7749999761581421,
    "Subject_8": 0.8068181872367859,
    "Subject_9": 0.762499988079071,
    "Average": 0.7981120612886217
}