{
    "alpha": {
        "mean": 0.0,
        "p50": 0.0,
        "p90": 0.0
    },
    "entropy": {
        "mean": 0.42242854833602905,
        "p50": 0.43605920672416687,
        "p90": 0.6722325503826142
    },
    "clip_ratio": {
        "mean": 0.0,
        "p50": 0.0,
        "p90": 0.0
    },
    "conv_norm_pre": {
        "mean": 28.328571319580078,
        "p50": 27.64701271057129,
        "p90": 32.567893600463876
    },
    "conv_norm_post": {
        "mean": 29.774185180664062,
        "p50": 29.05840301513672,
        "p90": 34.2298137664795
    },
    "alpha_entropy_pearson_r": null,
    "group_attn_weights": {
        "mean": [
            0.333150178194046,
            0.3315719962120056,
            0.3352777659893036
        ],
        "std": [
            0.00046392553485929966,
            0.000578736187890172,
            0.0006693052710033953
        ]
    },
    "group_attn_gamma_last": 0.1531083881855011,
    "group_attn_temperature_last": 0.4999902844429016
}