{
    "alpha": {
        "mean": 0.0,
        "p50": 0.0,
        "p90": 0.0
    },
    "entropy": {
        "mean": 0.5367875695228577,
        "p50": 0.5799971222877502,
        "p90": 0.6900668859481811
    },
    "clip_ratio": {
        "mean": 0.0,
        "p50": 0.0,
        "p90": 0.0
    },
    "conv_norm_pre": {
        "mean": 21.149423599243164,
        "p50": 21.133590698242188,
        "p90": 23.157651901245117
    },
    "conv_norm_post": {
        "mean": 22.492433547973633,
        "p50": 22.475836753845215,
        "p90": 24.629063224792482
    },
    "alpha_entropy_pearson_r": null,
    "group_attn_weights": {
        "mean": [
            0.33280378580093384,
            0.3308069705963135,
            0.33638930320739746
        ],
        "std": [
            0.0001142352630267851,
            5.5880776926642284e-05,
            8.899182284949347e-05
        ]
    },
    "group_attn_gamma_last": 0.19059261679649353,
    "group_attn_temperature_last": 0.5000002384185791
}