{
    "alpha": {
        "mean": 0.0,
        "p50": 0.0,
        "p90": 0.0
    },
    "entropy": {
        "mean": 0.5231755971908569,
        "p50": 0.5543878674507141,
        "p90": 0.685504549741745
    },
    "clip_ratio": {
        "mean": 0.0,
        "p50": 0.0,
        "p90": 0.0
    },
    "conv_norm_pre": {
        "mean": 24.045713424682617,
        "p50": 23.633480072021484,
        "p90": 28.906538391113283
    },
    "conv_norm_post": {
        "mean": 25.492141723632812,
        "p50": 25.055538177490234,
        "p90": 30.645730018615723
    },
    "alpha_entropy_pearson_r": null,
    "group_attn_weights": {
        "mean": [
            0.33128049969673157,
            0.3323748707771301,
            0.3363446593284607
        ],
        "std": [
            0.00010256159293930978,
            5.985558163956739e-05,
            5.624185723718256e-05
        ]
    },
    "group_attn_gamma_last": 0.18056535720825195,
    "group_attn_temperature_last": 0.5000083446502686
}