{
    "alpha": {
        "mean": 0.0,
        "p50": 0.0,
        "p90": 0.0
    },
    "entropy": {
        "mean": 0.5402045249938965,
        "p50": 0.618259459733963,
        "p90": 0.6881864845752717
    },
    "clip_ratio": {
        "mean": 0.0,
        "p50": 0.0,
        "p90": 0.0
    },
    "conv_norm_pre": {
        "mean": 26.920257568359375,
        "p50": 26.8836088180542,
        "p90": 30.492573738098145
    },
    "conv_norm_post": {
        "mean": 28.393383026123047,
        "p50": 28.353851318359375,
        "p90": 32.161991119384766
    },
    "alpha_entropy_pearson_r": null,
    "group_attn_weights": {
        "mean": [
            0.3334326446056366,
            0.33073651790618896,
            0.3358307480812073
        ],
        "std": [
            0.0007665874436497688,
            0.00040706503205001354,
            0.00046826459583826363
        ]
    },
    "group_attn_gamma_last": 0.16415166854858398,
    "group_attn_temperature_last": 0.5000062584877014
}