{
    "alpha": {
        "mean": 0.0,
        "p50": 0.0,
        "p90": 0.0
    },
    "entropy": {
        "mean": 0.5520092248916626,
        "p50": 0.5866981148719788,
        "p90": 0.6906272411346436
    },
    "clip_ratio": {
        "mean": 0.0,
        "p50": 0.0,
        "p90": 0.0
    },
    "conv_norm_pre": {
        "mean": 17.830547332763672,
        "p50": 16.78370761871338,
        "p90": 24.746142959594728
    },
    "conv_norm_post": {
        "mean": 19.054895401000977,
        "p50": 17.939064025878906,
        "p90": 26.44615287780762
    },
    "alpha_entropy_pearson_r": null,
    "group_attn_weights": {
        "mean": [
            0.33087068796157837,
            0.3294840455055237,
            0.3396451771259308
        ],
        "std": [
            1.733270073600579e-05,
            1.8791124603012577e-05,
            2.0572409994201735e-05
        ]
    },
    "group_attn_gamma_last": 0.2063237875699997,
    "group_attn_temperature_last": 0.5000237822532654
}