{
    "alpha": {
        "mean": 0.0,
        "p50": 0.0,
        "p90": 0.0
    },
    "entropy": {
        "mean": 0.558252215385437,
        "p50": 0.5759630501270294,
        "p90": 0.6849646210670471
    },
    "clip_ratio": {
        "mean": 0.0,
        "p50": 0.0,
        "p90": 0.0
    },
    "conv_norm_pre": {
        "mean": 12.791422843933105,
        "p50": 12.557178497314453,
        "p90": 14.247714710235597
    },
    "conv_norm_post": {
        "mean": 13.854215621948242,
        "p50": 13.600506782531738,
        "p90": 15.4314754486084
    },
    "alpha_entropy_pearson_r": null,
    "group_attn_weights": {
        "mean": [
            0.3332724869251251,
            0.3328590989112854,
            0.3338684141635895
        ],
        "std": [
            3.2095611004478997e-06,
            1.3704086541110883e-06,
            2.511953198336414e-06
        ]
    },
    "group_attn_gamma_last": 0.24926745891571045,
    "group_attn_temperature_last": 0.4999989867210388
}