{
    "alpha": {
        "mean": 0.0,
        "p50": 0.0,
        "p90": 0.0
    },
    "entropy": {
        "mean": 0.2759503722190857,
        "p50": 0.23478584736585617,
        "p90": 0.492736279964447
    },
    "clip_ratio": {
        "mean": 0.0,
        "p50": 0.0,
        "p90": 0.0
    },
    "conv_norm_pre": {
        "mean": 19.972265243530273,
        "p50": 19.965133666992188,
        "p90": 24.252190399169923
    },
    "conv_norm_post": {
        "mean": 21.27973747253418,
        "p50": 21.273106575012207,
        "p90": 25.83928680419922
    },
    "alpha_entropy_pearson_r": null,
    "group_attn_weights": {
        "mean": [
            0.3299511969089508,
            0.3353760242462158,
            0.334672749042511
        ],
        "std": [
            1.385509949614061e-05,
            9.305604180553928e-06,
            7.430341611325275e-06
        ]
    },
    "group_attn_gamma_last": 0.19641323387622833,
    "group_attn_temperature_last": 0.5000260472297668
}