{
    "alpha": {
        "mean": 0.0,
        "p50": 0.0,
        "p90": 0.0
    },
    "entropy": {
        "mean": 0.5106780529022217,
        "p50": 0.5283850729465485,
        "p90": 0.6908394634723664
    },
    "clip_ratio": {
        "mean": 0.0,
        "p50": 0.0,
        "p90": 0.0
    },
    "conv_norm_pre": {
        "mean": 13.474753379821777,
        "p50": 13.309048652648926,
        "p90": 15.97910213470459
    },
    "conv_norm_post": {
        "mean": 14.519172668457031,
        "p50": 14.34079360961914,
        "p90": 17.2179838180542
    },
    "alpha_entropy_pearson_r": null,
    "group_attn_weights": {
        "mean": [
            0.3327066898345947,
            0.341046005487442,
            0.3262471556663513
        ],
        "std": [
            3.1926610972732306e-06,
            4.1802168198046274e-06,
            2.302986558788689e-06
        ]
    },
    "group_attn_gamma_last": 0.23247665166854858,
    "group_attn_temperature_last": 0.5000050663948059
}