{
    "alpha": {
        "mean": 0.0,
        "p50": 0.0,
        "p90": 0.0
    },
    "entropy": {
        "mean": 0.5410848259925842,
        "p50": 0.5836949944496155,
        "p90": 0.6840844988822937
    },
    "clip_ratio": {
        "mean": 0.0,
        "p50": 0.0,
        "p90": 0.0
    },
    "conv_norm_pre": {
        "mean": 19.028770446777344,
        "p50": 19.35483169555664,
        "p90": 23.97525653839111
    },
    "conv_norm_post": {
        "mean": 20.347179412841797,
        "p50": 20.697155952453613,
        "p90": 25.633883476257324
    },
    "alpha_entropy_pearson_r": null,
    "group_attn_weights": {
        "mean": [
            0.32877039909362793,
            0.33306849002838135,
            0.3381611108779907
        ],
        "std": [
            3.035701774933841e-05,
            2.1616484445985407e-05,
            1.3811154531140346e-05
        ]
    },
    "group_attn_gamma_last": 0.20790456235408783,
    "group_attn_temperature_last": 0.4999818801879883
}