{
    "Subject_1": 0.7749999761581421,
    "Subject_2": 0.7875000238418579,
    "Subject_3": 0.6625000238418579,
    "Subject_4": 0.976190447807312,
    "Subject_5": 0.8452380895614624,
    "Subject_6": 0.8125,
    "Subject_7": 0.8125,
    "Subject_8": 0.7840909361839294,
    "Subject_9": 0.737500011920929,
    "Average": 0.7992243899239434
}