{
    "alpha": {
        "mean": 0.04111834615468979,
        "p50": 0.05505276471376419,
        "p90": 0.06389090642333031
    },
    "entropy": {
        "mean": 0.5470476150512695,
        "p50": 0.6034693419933319,
        "p90": 0.6913318157196044
    },
    "gate_entropy": {
        "mean": 0.7891237139701843,
        "p50": 0.8710085153579712,
        "p90": 0.9970992207527161
    },
    "ttt_lr_scale": {
        "mean": 0.0916859582066536,
        "p50": 0.12384642288088799,
        "p90": 0.14024888575077057
    },
    "ttt_effective_base_lr": {
        "mean": 0.009168596006929874,
        "p50": 0.012384642381221056,
        "p90": 0.014024888724088668
    },
    "clip_ratio": {
        "mean": 0.0,
        "p50": 0.0,
        "p90": 0.0
    },
    "conv_norm_pre": {
        "mean": 22.599651336669922,
        "p50": 22.280051231384277,
        "p90": 27.45859489440918
    },
    "conv_norm_post": {
        "mean": 24.004962921142578,
        "p50": 23.665522575378418,
        "p90": 29.166281509399415
    },
    "alpha_entropy_pearson_r": 0.9151619952056784,
    "group_attn_weights": {
        "mean": [
            0.33216923475265503,
            0.3339473307132721,
            0.33388352394104004
        ],
        "std": [
            0.0002174325054511428,
            0.00011514699144754559,
            0.00010666766320355237
        ]
    },
    "group_attn_gamma_last": 0.1865472048521042,
    "group_attn_temperature_last": 0.49999529123306274
}