{
    "alpha": {
        "mean": 0.004847608041018248,
        "p50": 0.0,
        "p90": 0.0292043983936311
    },
    "entropy": {
        "mean": 0.2023545205593109,
        "p50": 0.1461065262556076,
        "p90": 0.4730917125940324
    },
    "gate_entropy": {
        "mean": 0.2920064330101013,
        "p50": 0.21078716218471527,
        "p90": 0.6910300076007845
    },
    "ttt_lr_scale": {
        "mean": 0.011243273504078388,
        "p50": 0.0,
        "p90": 0.06855354458093671
    },
    "ttt_effective_base_lr": {
        "mean": 0.001124327420257032,
        "p50": 0.0,
        "p90": 0.006855354458093672
    },
    "clip_ratio": {
        "mean": 0.0,
        "p50": 0.0,
        "p90": 0.0
    },
    "conv_norm_pre": {
        "mean": 24.605751037597656,
        "p50": 24.890624046325684,
        "p90": 29.280506896972657
    },
    "conv_norm_post": {
        "mean": 26.02030372619629,
        "p50": 26.321517944335938,
        "p90": 30.964040565490723
    },
    "alpha_entropy_pearson_r": 0.7908139103714514,
    "group_attn_weights": {
        "mean": [
            0.33353784680366516,
            0.3322041928768158,
            0.33425793051719666
        ],
        "std": [
            0.0001254790258826688,
            5.672789484378882e-05,
            9.134317224379629e-05
        ]
    },
    "group_attn_gamma_last": 0.1724686324596405,
    "group_attn_temperature_last": 0.5000181198120117
}