{
    "alpha": {
        "mean": 0.02145994082093239,
        "p50": 0.0,
        "p90": 0.05758805014193058
    },
    "entropy": {
        "mean": 0.4287405014038086,
        "p50": 0.4294455051422119,
        "p90": 0.681047922372818
    },
    "gate_entropy": {
        "mean": 0.6179768443107605,
        "p50": 0.6195589005947113,
        "p90": 0.9815524995326996
    },
    "ttt_lr_scale": {
        "mean": 0.048918966203927994,
        "p50": 0.0,
        "p90": 0.1294184610247612
    },
    "ttt_effective_base_lr": {
        "mean": 0.004891896154731512,
        "p50": 0.0,
        "p90": 0.012941846624016762
    },
    "clip_ratio": {
        "mean": 1.0,
        "p50": 1.0,
        "p90": 1.0
    },
    "conv_norm_pre": {
        "mean": 26.331588745117188,
        "p50": 25.48784065246582,
        "p90": 34.44417991638184
    },
    "conv_norm_post": {
        "mean": 27.790008544921875,
        "p50": 26.901992797851562,
        "p90": 36.346377563476565
    },
    "alpha_entropy_pearson_r": 0.8704602039095721,
    "group_attn_weights": {
        "mean": [
            0.3272418677806854,
            0.33093592524528503,
            0.34182220697402954
        ],
        "std": [
            0.00045477875391952693,
            0.00022657273802906275,
            0.00025187540450133383
        ]
    },
    "group_attn_gamma_last": 0.1660720407962799,
    "group_attn_temperature_last": 0.4999239444732666
}