{
    "alpha": {
        "mean": 0.03236738219857216,
        "p50": 0.04736806079745293,
        "p90": 0.061828352883458136
    },
    "entropy": {
        "mean": 0.5071862936019897,
        "p50": 0.5313999354839325,
        "p90": 0.6831823825836182
    },
    "gate_entropy": {
        "mean": 0.7317294478416443,
        "p50": 0.7667283713817596,
        "p90": 0.9853467285633087
    },
    "ttt_lr_scale": {
        "mean": 0.07287203520536423,
        "p50": 0.10909316316246986,
        "p90": 0.13671002238988877
    },
    "ttt_effective_base_lr": {
        "mean": 0.0072872028686106205,
        "p50": 0.010909316129982471,
        "p90": 0.013671002164483071
    },
    "clip_ratio": {
        "mean": 1.0,
        "p50": 1.0,
        "p90": 1.0
    },
    "conv_norm_pre": {
        "mean": 23.667003631591797,
        "p50": 24.376279830932617,
        "p90": 30.243638801574704
    },
    "conv_norm_post": {
        "mean": 25.10108184814453,
        "p50": 25.853360176086426,
        "p90": 32.076194763183594
    },
    "alpha_entropy_pearson_r": 0.886415676133016,
    "group_attn_weights": {
        "mean": [
            0.3343443274497986,
            0.3317831754684448,
            0.33387231826782227
        ],
        "std": [
            0.0002549775817897171,
            0.00014038047811482102,
            0.00013774873514194041
        ]
    },
    "group_attn_gamma_last": 0.18176664412021637,
    "group_attn_temperature_last": 0.49999094009399414
}