{
    "alpha": {
        "mean": 0.034499797970056534,
        "p50": 0.04832293651998043,
        "p90": 0.061644171178340916
    },
    "entropy": {
        "mean": 0.5099369883537292,
        "p50": 0.5476328432559967,
        "p90": 0.6859839498996735
    },
    "gate_entropy": {
        "mean": 0.7359824180603027,
        "p50": 0.7881810665130615,
        "p90": 0.9870195984840394
    },
    "ttt_lr_scale": {
        "mean": 0.07760469615459442,
        "p50": 0.11101973801851273,
        "p90": 0.13640575408935549
    },
    "ttt_effective_base_lr": {
        "mean": 0.007760469801723957,
        "p50": 0.011101973708719015,
        "p90": 0.013640575762838126
    },
    "clip_ratio": {
        "mean": 0.0,
        "p50": 0.0,
        "p90": 0.0
    },
    "conv_norm_pre": {
        "mean": 23.299686431884766,
        "p50": 23.203311920166016,
        "p90": 25.20164432525635
    },
    "conv_norm_post": {
        "mean": 24.70168113708496,
        "p50": 24.600364685058594,
        "p90": 26.71874237060547
    },
    "alpha_entropy_pearson_r": 0.8953684395628294,
    "group_attn_weights": {
        "mean": [
            0.33735376596450806,
            0.3317360579967499,
            0.33091017603874207
        ],
        "std": [
            0.0001865647645900026,
            0.00013480117195285857,
            0.00016274790687020868
        ]
    },
    "group_attn_gamma_last": 0.1805092841386795,
    "group_attn_temperature_last": 0.4999886155128479
}