{
    "alpha": {
        "mean": 0.045211631804704666,
        "p50": 0.05633663572371006,
        "p90": 0.06414844766259194
    },
    "entropy": {
        "mean": 0.5667684674263,
        "p50": 0.6130194067955017,
        "p90": 0.6885730743408203
    },
    "gate_entropy": {
        "mean": 0.8176311254501343,
        "p50": 0.8826942443847656,
        "p90": 0.9938055574893951
    },
    "ttt_lr_scale": {
        "mean": 0.10058804601430893,
        "p50": 0.1261977255344391,
        "p90": 0.14062663912773132
    },
    "ttt_effective_base_lr": {
        "mean": 0.010058805346488953,
        "p50": 0.012619772925972939,
        "p90": 0.014062663912773133
    },
    "clip_ratio": {
        "mean": 0.5,
        "p50": 0.5,
        "p90": 0.5
    },
    "conv_norm_pre": {
        "mean": 21.39042091369629,
        "p50": 21.393057823181152,
        "p90": 23.906912231445315
    },
    "conv_norm_post": {
        "mean": 22.73563003540039,
        "p50": 22.73884105682373,
        "p90": 25.409188270568848
    },
    "alpha_entropy_pearson_r": 0.9170032320322846,
    "group_attn_weights": {
        "mean": [
            0.33473527431488037,
            0.3354734480381012,
            0.3297913670539856
        ],
        "std": [
            0.00016904597578104585,
            7.770177762722597e-05,
            9.556916484143585e-05
        ]
    },
    "group_attn_gamma_last": 0.18861225247383118,
    "group_attn_temperature_last": 0.5000080466270447
}