{
    "alpha": {
        "mean": 0.027695661410689354,
        "p50": 0.0,
        "p90": 0.0666859932243824
    },
    "entropy": {
        "mean": 0.47733554244041443,
        "p50": 0.4678448587656021,
        "p90": 0.687284129858017
    },
    "gate_entropy": {
        "mean": 0.6876903772354126,
        "p50": 0.6779398024082184,
        "p90": 0.9864757120609283
    },
    "ttt_lr_scale": {
        "mean": 0.0608256459236145,
        "p50": 0.0,
        "p90": 0.144598551094532
    },
    "ttt_effective_base_lr": {
        "mean": 0.00608256459236145,
        "p50": 0.0,
        "p90": 0.014459855668246747
    },
    "clip_ratio": {
        "mean": 0.0,
        "p50": 0.0,
        "p90": 0.0
    },
    "conv_norm_pre": {
        "mean": 18.609487533569336,
        "p50": 18.283763885498047,
        "p90": 22.757789993286135
    },
    "conv_norm_post": {
        "mean": 19.854562759399414,
        "p50": 19.50688362121582,
        "p90": 24.280466651916505
    },
    "alpha_entropy_pearson_r": 0.8837201075445181,
    "group_attn_weights": {
        "mean": [
            0.3333140015602112,
            0.332194983959198,
            0.3344910144805908
        ],
        "std": [
            1.0166123502131086e-05,
            1.8697730411076918e-05,
            9.269097972719464e-06
        ]
    },
    "group_attn_gamma_last": 0.20071828365325928,
    "group_attn_temperature_last": 0.4999881982803345
}