{
    "alpha": {
        "mean": 0.04331950470805168,
        "p50": 0.06269533559679985,
        "p90": 0.07475838139653206
    },
    "entropy": {
        "mean": 0.5353078842163086,
        "p50": 0.5601799190044403,
        "p90": 0.6894827604293823
    },
    "gate_entropy": {
        "mean": 0.7723717093467712,
        "p50": 0.8099388778209686,
        "p90": 0.9940225541591644
    },
    "ttt_lr_scale": {
        "mean": 0.09213951230049133,
        "p50": 0.1358417496085167,
        "p90": 0.15692811459302902
    },
    "ttt_effective_base_lr": {
        "mean": 0.009213951416313648,
        "p50": 0.013584175147116184,
        "p90": 0.01569281257688999
    },
    "clip_ratio": {
        "mean": 0.0,
        "p50": 0.0,
        "p90": 0.0
    },
    "conv_norm_pre": {
        "mean": 15.407114028930664,
        "p50": 14.734678745269775,
        "p90": 17.668304443359375
    },
    "conv_norm_post": {
        "mean": 16.597949981689453,
        "p50": 15.873705387115479,
        "p90": 19.033322143554688
    },
    "alpha_entropy_pearson_r": 0.9317253786716059,
    "group_attn_weights": {
        "mean": [
            0.33236125111579895,
            0.33429673314094543,
            0.33334192633628845
        ],
        "std": [
            1.0769738764793146e-05,
            5.2300583774922416e-06,
            5.704726390831638e-06
        ]
    },
    "group_attn_gamma_last": 0.2318776249885559,
    "group_attn_temperature_last": 0.4999975562095642
}