{
    "alpha": {
        "mean": 0.03534228727221489,
        "p50": 0.05033108592033386,
        "p90": 0.06343813613057137
    },
    "entropy": {
        "mean": 0.5090193152427673,
        "p50": 0.5517245829105377,
        "p90": 0.6882565677165985
    },
    "gate_entropy": {
        "mean": 0.7343562245368958,
        "p50": 0.7963228821754456,
        "p90": 0.9911077141761779
    },
    "ttt_lr_scale": {
        "mean": 0.07894159853458405,
        "p50": 0.11475682631134987,
        "p90": 0.13944038152694702
    },
    "ttt_effective_base_lr": {
        "mean": 0.007894160225987434,
        "p50": 0.011475682724267244,
        "p90": 0.013944038283079862
    },
    "clip_ratio": {
        "mean": 0.5,
        "p50": 0.5,
        "p90": 0.5
    },
    "conv_norm_pre": {
        "mean": 20.13663673400879,
        "p50": 20.064062118530273,
        "p90": 22.562492179870606
    },
    "conv_norm_post": {
        "mean": 21.385103225708008,
        "p50": 21.30800151824951,
        "p90": 23.963549995422365
    },
    "alpha_entropy_pearson_r": 0.9059886348887929,
    "group_attn_weights": {
        "mean": [
            0.3423313498497009,
            0.333629846572876,
            0.32403868436813354
        ],
        "std": [
            0.0006973888957872987,
            0.00034951887209899724,
            0.00035001084324903786
        ]
    },
    "group_attn_gamma_last": 0.18633884191513062,
    "group_attn_temperature_last": 0.5000714063644409
}