{
    "Subject_1": 0.824999988079071,
    "Subject_2": 0.8125,
    "Subject_3": 0.7250000238418579,
    "Subject_4": 0.988095223903656,
    "Subject_5": 0.7976190447807312,
    "Subject_6": 0.7875000238418579,
    "Subject_7": 0.824999988079071,
    "Subject_8": 0.8068181872367859,
    "Subject_9": 0.762499988079071,
    "Average": 0.8144480519824557
}